from_iata,to_iata,km,hours,airlines
AAN,CCJ,2597,4.25,1
AAN,PEW,1882,3.35,1
AAT,URC,430,1.54,2
AAY,SAH,855,2.07,1
ABA,IKT,884,2.1,1
ABA,NSK,1744,3.18,1
ABD,MHD,1244,2.55,2
ABD,SYZ,430,1.54,1
ABD,THR,657,1.82,3
ABT,DMM,1079,2.35,1
ABT,JED,300,1.38,1
ABT,RUH,734,1.92,1
ACX,CAN,866,2.08,1
ACX,CKG,541,1.68,1
ACX,KWE,245,1.31,1
ACX,NAY,1951,3.44,2
ACX,PVG,1782,3.23,1
ACZ,MHD,598,1.75,1
ADE,AHB,653,1.82,1
ADE,AMM,2295,3.87,2
ADE,AUH,1639,3.05,1
ADE,BOM,3053,4.82,1
ADE,DMM,1596,3.0,2
ADE,DXB,1756,3.19,2
ADE,GXF,534,1.67,1
ADE,JED,1165,2.46,2
ADE,RIY,512,1.64,1
ADE,RUH,1360,2.7,1
ADE,SAH,307,1.38,2
ADE,SHJ,1772,3.21,1
ADU,MHD,1019,2.27,1
ADU,THR,390,1.49,2
AEB,CAN,647,1.81,1
AEB,CKG,668,1.83,1
AEB,KWL,353,1.44,1
AFZ,THR,568,1.71,1
AGR,BOM,1037,2.3,1
AGR,HJR,325,1.41,1
AGX,COK,468,1.58,1
AHB,ADE,653,1.82,1
AHB,DMM,1173,2.47,1
AHB,DXB,1525,2.91,1
AHB,JED,529,1.66,2
AHB,MED,766,1.96,1
AHB,RUH,856,2.07,2
AHB,SAH,349,1.44,1
AHB,SHJ,1543,2.93,1
AHB,TIF,423,1.53,1
AHB,TUU,1283,2.6,1
AJF,JED,906,2.13,1
AJF,RUH,844,2.05,1
AJL,CCU,446,1.56,3
AJL,GAU,273,1.34,2
AJL,IMF,165,1.21,1
AKJ,HND,931,2.16,3
AKJ,NGO,1093,2.37,1
AKJ,TPE,2823,4.53,3
AKU,CTU,2427,4.03,2
AKU,URC,657,1.82,4
AKX,ALA,1686,3.11,2
AKX,SCO,847,2.06,1
AKX,TSE,1008,2.26,2
AKY,RGN,497,1.62,2
AKY,SNW,239,1.3,1
ALA,AKX,1686,3.11,2
ALA,AUH,2930,4.66,2
ALA,BKK,4000,6.0,1
ALA,CIT,626,1.78,2
ALA,DEL,1644,3.06,1
ALA,DMB,469,1.59,1
ALA,DYU,872,2.09,3
ALA,DZN,871,2.09,1
ALA,FRU,210,1.26,2
ALA,GUW,2009,3.51,2
ALA,GYD,2247,3.81,1
ALA,HKG,4113,6.14,1
ALA,ICN,4172,6.21,2
ALA,IKA,2381,3.98,1
ALA,KGF,757,1.95,2
ALA,KOV,1237,2.55,1
ALA,KSN,1478,2.85,1
ALA,KUL,5130,7.41,1
ALA,KZO,927,2.16,1
ALA,OVB,1358,2.7,1
ALA,PEK,3271,5.09,2
ALA,PLX,815,2.02,1
ALA,PPK,1391,2.74,1
ALA,PWQ,983,2.23,1
ALA,SCO,2081,3.6,2
ALA,SGN,4606,6.76,1
ALA,SHJ,2798,4.5,1
ALA,TAS,679,1.85,2
ALA,TBS,2620,4.28,1
ALA,TSE,951,2.19,5
ALA,UKK,851,2.06,2
ALA,URC,841,2.05,2
AMD,AUH,1835,3.29,2
AMD,BLR,1222,2.53,1
AMD,BOM,444,1.56,6
AMD,CCU,1620,3.02,2
AMD,DEL,757,1.95,6
AMD,DWC,1785,3.23,1
AMD,DXB,1767,3.21,2
AMD,GOI,865,2.08,1
AMD,JAI,526,1.66,1
AMD,KUL,3861,5.83,1
AMD,KWI,2550,4.19,1
AMD,MAA,1375,2.72,2
AMD,MCT,1466,2.83,1
AMD,PNQ,517,1.65,2
AMD,SHJ,1753,3.19,1
AMD,SIN,4157,6.2,1
AMM,ADE,2295,3.87,2
AMM,AQJ,253,1.32,1
AMM,AUH,1998,3.5,3
AMM,BAH,1546,2.93,2
AMM,BEY,238,1.3,3
AMM,BGW,791,1.99,1
AMM,BKK,6841,9.55,2
AMM,BOM,3938,5.92,1
AMM,BSR,1118,2.4,1
AMM,DEL,3945,5.93,1
AMM,DMM,1461,2.83,1
AMM,DWC,2020,3.52,1
AMM,DXB,2022,3.53,4
AMM,EBL,889,2.11,3
AMM,HOD,2016,3.52,1
AMM,ISU,962,2.2,1
AMM,JED,1160,2.45,4
AMM,KWI,1180,2.48,3
AMM,LCA,414,1.52,1
AMM,MCT,2368,3.96,2
AMM,MED,876,2.09,3
AMM,RUH,1289,2.61,3
AMM,SAH,1990,3.49,2
AMM,SHJ,2032,3.54,1
AMM,TLV,109,1.14,2
AMQ,CGK,2389,3.99,3
AMQ,FKQ,472,1.59,1
AMQ,LUV,558,1.7,1
AMQ,MKW,733,1.92,1
AMQ,NBX,823,2.03,1
AMQ,SOQ,474,1.59,1
AMQ,SUB,1742,3.18,2
AMQ,UPG,958,2.2,3
AOG,PEK,541,1.68,1
AOG,PVG,1112,2.39,2
AOJ,CTS,242,1.3,1
AOJ,HND,582,1.73,1
AOJ,ICN,1280,2.6,1
AOJ,ITM,806,2.01,1
AOJ,NKM,693,1.87,1
AOR,KUL,410,1.51,2
AOR,SZB,363,1.45,3
AQG,CAN,881,2.1,1
AQG,CKG,1005,2.26,1
AQG,HAK,1356,2.7,1
AQG,PEK,1057,2.32,1
AQG,SHA,415,1.52,1
AQG,WUH,273,1.34,1
AQG,XMN,680,1.85,1
AQI,JED,1020,2.27,1
AQI,RUH,380,1.48,1
AQJ,AMM,253,1.32,1
ASB,ATQ,1651,3.06,1
ASB,DEL,2027,3.53,1
ASB,DXB,1444,2.8,2
ASB,GYD,767,1.96,2
ASB,URC,2518,4.15,1
ASJ,HND,1235,2.54,1
ASJ,ITM,890,2.11,1
ATQ,ASB,1651,3.06,1
ATQ,BOM,1417,2.77,1
ATQ,DEL,414,1.52,4
ATQ,SXR,253,1.32,1
ATQ,TAS,1170,2.46,1
AUH,ADE,1639,3.05,1
AUH,ALA,2930,4.66,2
AUH,AMD,1835,3.29,2
AUH,AMM,1998,3.5,3
AUH,BAH,452,1.56,8
AUH,BEY,2129,3.66,2
AUH,BGW,1410,2.76,1
AUH,BKK,4966,7.21,3
AUH,BLR,2723,4.4,3
AUH,BOM,1971,3.46,4
AUH,BSR,968,2.21,1
AUH,CCJ,2690,4.36,3
AUH,CGK,6575,9.22,3
AUH,CMB,3300,5.12,5
AUH,COK,2795,4.49,4
AUH,CTU,4872,7.09,3
AUH,DAC,3618,5.52,1
AUH,DEL,2277,3.85,4
AUH,DMM,537,1.67,3
AUH,EBL,1663,3.08,1
AUH,GXF,1122,2.4,1
AUH,HKG,6007,8.51,2
AUH,HKT,4974,7.22,2
AUH,ICN,6837,9.55,3
AUH,IKA,1267,2.58,1
AUH,JAI,2136,3.67,1
AUH,JED,1614,3.02,3
AUH,KHI,1265,2.58,3
AUH,KIH,242,1.3,1
AUH,KTM,3081,4.85,1
AUH,KUL,5588,7.99,4
AUH,KWI,850,2.06,5
AUH,LCA,2333,3.92,2
AUH,LHE,2090,3.61,7
AUH,MAA,2966,4.71,2
AUH,MCT,381,1.48,12
AUH,MED,1512,2.89,3
AUH,MNL,6984,9.73,2
AUH,NRT,8088,11.11,2
AUH,PEK,5955,8.44,5
AUH,PEW,1947,3.43,4
AUH,PVG,6550,9.19,2
AUH,RIY,1219,2.52,1
AUH,RUH,805,2.01,3
AUH,RYK,1616,3.02,1
AUH,SAH,1475,2.84,1
AUH,SGN,5680,8.1,2
AUH,SIN,5886,8.36,6
AUH,TRV,2955,4.69,3
AUH,TSE,3288,5.11,2
AUH,ZYL,3748,5.68,1
AVA,CAN,814,2.02,1
AVA,CKG,392,1.49,1
AVA,NAY,1792,3.24,2
AWZ,BND,869,2.09,1
AWZ,DXB,935,2.17,1
AWZ,IFN,332,1.42,2
AWZ,KIH,737,1.92,2
AWZ,KWI,247,1.31,2
AWZ,MED,1166,2.46,1
AWZ,MHD,1142,2.43,3
AWZ,PGU,585,1.73,1
AWZ,RAS,670,1.84,1
AWZ,SRY,717,1.9,2
AWZ,SYZ,418,1.52,3
AWZ,TBZ,790,1.99,1
AWZ,THR,539,1.67,4
AXK,SAH,298,1.37,1
AXT,CTS,372,1.47,2
AXT,HND,453,1.57,2
AXT,ICN,1220,2.52,1
AXT,ITM,684,1.85,2
AXT,NGO,609,1.76,1
AZD,BND,559,1.7,1
AZD,MED,1643,3.05,1
AZD,MHD,690,1.86,3
AZD,THR,502,1.63,2
AZI,DXB,129,1.16,1
AZI,FJR,203,1.25,1
AZI,XSB,191,1.24,1
AZN,TAS,260,1.32,1
BAH,AMM,1546,2.93,2
BAH,AUH,452,1.56,8
BAH,BEY,1679,3.1,1
BAH,BGW,992,2.24,1
BAH,BKK,5386,7.73,3
BAH,BOM,2413,4.02,2
BAH,CMB,3752,5.69,2
BAH,COK,3247,5.06,1
BAH,DEL,2620,4.28,1
BAH,DMM,86,1.11,2
BAH,DWC,479,1.6,2
BAH,DXB,487,1.61,5
BAH,IKA,1018,2.27,1
BAH,IXE,2932,4.67,1
BAH,JED,1272,2.59,2
BAH,KHI,1663,3.08,1
BAH,KWI,420,1.52,4
BAH,LCA,1885,3.36,1
BAH,LHE,2381,3.98,2
BAH,MAA,3415,5.27,1
BAH,MCT,827,2.03,3
BAH,MED,1114,2.39,2
BAH,MHD,1399,2.75,2
BAH,MNL,7370,10.21,2
BAH,NJF,877,2.1,1
BAH,PEW,2179,3.72,1
BAH,RUH,421,1.53,2
BAH,SAH,1372,2.71,2
BAH,SHJ,500,1.62,1
BAH,SKT,2396,4.0,1
BAH,TRV,3406,5.26,1
BAV,CAN,1934,3.42,2
BAV,CGO,752,1.94,2
BAV,CIF,766,1.96,1
BAV,CSX,1407,2.76,1
BAV,CTU,1237,2.55,1
BAV,NAY,550,1.69,2
BAV,NKG,1261,2.58,1
BAV,PEK,561,1.7,3
BAV,PVG,1490,2.86,1
BAV,SHA,1456,2.82,2
BAV,SHE,1135,2.42,1
BAV,SJW,477,1.6,3
BAV,TSN,647,1.81,3
BAV,TYN,386,1.48,2
BAV,URC,1885,3.36,1
BAV,WUH,1151,2.44,1
BAV,XIY,689,1.86,2
BBI,BLR,1166,2.46,1
BBI,BOM,1362,2.7,2
BBI,CCU,382,1.48,1
BBI,DEL,1278,2.6,2
BBI,IXZ,1208,2.51,1
BBI,VTZ,391,1.49,1
BBN,MUR,137,1.17,1
BBN,MYY,178,1.22,1
BCD,CEB,118,1.15,1
BCD,DVO,498,1.62,1
BCD,MNL,468,1.58,3
BDH,DXB,152,1.19,1
BDH,SYZ,400,1.5,1
BDJ,BDO,884,2.1,1
BDJ,BPN,338,1.42,2
BDJ,CGK,946,2.18,4
BDJ,JOG,681,1.85,1
BDJ,PKN,353,1.44,1
BDJ,SRG,625,1.78,1
BDJ,SUB,489,1.61,4
BDO,BDJ,884,2.1,1
BDO,BTH,971,2.21,1
BDO,DPS,861,2.08,4
BDO,JHB,1044,2.3,1
BDO,JOG,330,1.41,1
BDO,KUL,1255,2.57,3
BDO,PKU,1064,2.33,2
BDO,SIN,1000,2.25,5
BDO,SUB,577,1.72,3
BDP,KTM,297,1.37,1
BDQ,BOM,363,1.45,3
BDQ,DEL,794,1.99,2
BEJ,BPN,385,1.48,3
BEY,AMM,238,1.3,3
BEY,AUH,2129,3.66,2
BEY,BAH,1679,3.1,1
BEY,BGW,813,2.02,1
BEY,BSR,1201,2.5,1
BEY,DMM,1598,3.0,1
BEY,DWC,2144,3.68,1
BEY,DXB,2141,3.68,2
BEY,EBL,817,2.02,2
BEY,EVN,1058,2.32,1
BEY,IKA,1443,2.8,1
BEY,JED,1397,2.75,2
BEY,KWI,1287,2.61,3
BEY,LCA,207,1.26,2
BEY,MCT,2489,4.11,1
BEY,MED,1108,2.38,2
BEY,MHD,2210,3.76,1
BEY,NJF,857,2.07,1
BEY,RUH,1465,2.83,2
BEY,SAH,2220,3.77,1
BEY,SHJ,2150,3.69,1
BFJ,CAN,897,2.12,1
BFJ,CKG,296,1.37,1
BFJ,KMG,350,1.44,1
BFJ,KWE,155,1.19,1
BFJ,NAY,1718,3.15,2
BFJ,SHA,1598,3.0,1
BFJ,SZX,985,2.23,1
BFV,DMK,320,1.4,1
BGW,AMM,791,1.99,1
BGW,AUH,1410,2.76,1
BGW,BAH,992,2.24,1
BGW,BEY,813,2.02,1
BGW,DXB,1398,2.75,2
BGW,SHJ,1404,2.75,1
BGW,TBS,937,2.17,1
BHH,DMM,1028,2.29,1
BHH,JED,406,1.51,1
BHH,RUH,694,1.87,1
BHJ,BOM,573,1.72,2
BHK,TAS,438,1.55,1
BHO,BOM,658,1.82,3
BHO,DEL,587,1.73,3
BHR,KTM,92,1.11,1
BHU,BOM,305,1.38,2
BHV,KHI,669,1.84,2
BHV,LHE,353,1.44,2
BHY,CAN,460,1.57,1
BHY,CGO,1510,2.89,1
BHY,CKG,948,2.19,2
BHY,CSX,839,2.05,1
BHY,CTU,1138,2.42,1
BHY,HAK,216,1.27,1
BHY,HGH,1473,2.84,2
BHY,KMG,761,1.95,2
BHY,KWL,416,1.52,1
BHY,LYA,1499,2.87,1
BHY,PEK,2174,3.72,2
BHY,PVG,1639,3.05,2
BHY,SJW,1932,3.42,1
BHY,SZX,481,1.6,1
BHY,XIY,1436,2.79,1
BIK,DJJ,514,1.64,2
BIK,UPG,1887,3.36,2
BIR,KTM,232,1.29,1
BJB,THR,571,1.71,1
BKI,BTU,459,1.57,1
BKI,BWN,166,1.21,2
BKI,CAN,1963,3.45,1
BKI,CGK,1699,3.12,1
BKI,DPS,1636,3.04,1
BKI,HGH,2740,4.42,1
BKI,HKG,1835,3.29,5
BKI,ICN,3661,5.58,4
BKI,JHB,1454,2.82,1
BKI,KBR,1521,2.9,1
BKI,KCH,803,2.0,2
BKI,KUD,140,1.18,1
BKI,KUL,1629,3.04,3
BKI,LBU,113,1.14,1
BKI,LDU,271,1.34,1
BKI,LWY,140,1.18,1
BKI,MNL,1097,2.37,2
BKI,MYY,291,1.36,2
BKI,MZV,251,1.31,1
BKI,NRT,4144,6.18,2
BKI,PEN,1747,3.18,1
BKI,PPS,518,1.65,1
BKI,PVG,2866,4.58,2
BKI,SBW,609,1.76,1
BKI,SDK,222,1.28,2
BKI,SIN,1432,2.79,4
BKI,SZX,1873,3.34,2
BKI,TPE,2199,3.75,2
BKI,TWU,292,1.36,2
BKK,ALA,4000,6.0,1
BKK,AMM,6841,9.55,2
BKK,AUH,4966,7.21,3
BKK,BAH,5386,7.73,3
BKK,BLR,2492,4.12,1
BKK,BOM,3031,4.79,5
BKK,BWN,1833,3.29,2
BKK,CAN,1706,3.13,6
BKK,CCU,1637,3.05,2
BKK,CEI,703,1.88,8
BKK,CGK,2297,3.87,3
BKK,CGO,2665,4.33,1
BKK,CGP,1341,2.68,1
BKK,CKG,1884,3.35,2
BKK,CMB,2392,3.99,4
BKK,CNX,597,1.75,10
BKK,CRK,2139,3.67,1
BKK,CSX,2066,3.58,1
BKK,CTS,5073,7.34,1
BKK,CTU,1907,3.38,2
BKK,DAC,1568,2.96,6
BKK,DEL,2948,4.69,4
BKK,DPS,2959,4.7,1
BKK,DXB,4904,7.13,3
BKK,FOC,2397,4.0,2
BKK,FUK,3725,5.66,2
BKK,GAU,1680,3.1,1
BKK,HAN,995,2.24,4
BKK,HDY,751,1.94,1
BKK,HKG,1689,3.11,12
BKK,HKT,674,1.84,10
BKK,HND,4589,6.74,4
BKK,ICN,3669,5.59,10
BKK,IKA,5497,7.87,1
BKK,IKT,4303,6.38,1
BKK,IXB,1939,3.42,1
BKK,KBV,650,1.81,8
BKK,KHH,2292,3.87,1
BKK,KHI,3727,5.66,2
BKK,KIX,4161,6.2,4
BKK,KJA,4777,6.97,1
BKK,KKC,379,1.47,1
BKK,KMG,1290,2.61,2
BKK,KTM,2230,3.79,2
BKK,KUL,1221,2.53,9
BKK,KWI,5678,8.1,1
BKK,LHE,3337,5.17,1
BKK,LPQ,707,1.88,4
BKK,LPT,527,1.66,1
BKK,MAA,2227,3.78,2
BKK,MCT,4590,6.74,1
BKK,MDL,1025,2.28,3
BKK,MFM,1652,3.06,2
BKK,MNL,2188,3.73,4
BKK,NGB,2784,4.48,1
BKK,NGO,4310,6.39,2
BKK,NNG,1265,2.58,2
BKK,NRT,4649,6.81,8
BKK,NYT,819,2.02,1
BKK,OVB,4856,7.07,1
BKK,PEK,3317,5.15,3
BKK,PEN,934,2.17,2
BKK,PNH,504,1.63,4
BKK,PUS,3698,5.62,4
BKK,PVG,2897,4.62,5
BKK,REP,333,1.42,2
BKK,RGN,611,1.76,4
BKK,SGN,716,1.9,4
BKK,SIN,1417,2.77,10
BKK,SVX,5858,8.32,1
BKK,SWA,1988,3.48,1
BKK,SZX,1700,3.12,2
BKK,TAO,3183,4.98,1
BKK,TAS,4318,6.4,1
BKK,TDX,231,1.29,1
BKK,THS,408,1.51,1
BKK,TLV,6946,9.68,2
BKK,TNA,3052,4.81,1
BKK,TPE,2489,4.11,6
BKK,UBP,477,1.6,1
BKK,ULN,3839,5.8,1
BKK,URT,535,1.67,1
BKK,USM,466,1.58,2
BKK,UTH,466,1.58,2
BKK,VTE,517,1.65,4
BKK,WUH,2348,3.94,1
BKK,XMN,2186,3.73,3
BKK,ZVK,536,1.67,1
BKM,LWY,100,1.12,1
BKS,BTH,589,1.74,1
BKS,CGK,540,1.68,4
BLR,AMD,1222,2.53,1
BLR,AUH,2723,4.4,3
BLR,BBI,1166,2.46,1
BLR,BKK,2492,4.12,1
BLR,BOM,834,2.04,6
BLR,CCJ,298,1.37,1
BLR,CCU,1547,2.93,5
BLR,CJB,252,1.31,2
BLR,CMB,710,1.89,2
BLR,COK,367,1.46,5
BLR,DEL,1710,3.14,6
BLR,DMM,3260,5.08,1
BLR,DXB,2695,4.37,1
BLR,GAU,2039,3.55,1
BLR,GOI,483,1.6,6
BLR,HBX,371,1.46,1
BLR,HKG,3955,5.94,2
BLR,IDR,1078,2.35,2
BLR,IXE,306,1.38,4
BLR,IXG,445,1.56,1
BLR,JAI,1528,2.91,1
BLR,JED,4185,6.23,1
BLR,KUL,2884,4.61,3
BLR,LKO,1544,2.93,1
BLR,MAA,268,1.33,6
BLR,MCT,2349,3.94,1
BLR,MYQ,157,1.2,1
BLR,NAG,889,2.11,1
BLR,PNQ,723,1.9,5
BLR,RUH,3500,5.38,1
BLR,SHJ,2685,4.36,1
BLR,SIN,3179,4.97,3
BLR,TRV,531,1.66,4
BLR,VGA,498,1.62,1
BLR,VTZ,776,1.97,4
BMU,DPS,388,1.48,2
BMU,LOP,266,1.33,1
BMV,DAD,375,1.47,1
BMV,HAN,982,2.23,2
BMV,SGN,260,1.32,3
BMV,VII,724,1.91,1
BND,AWZ,869,2.09,1
BND,AZD,559,1.7,1
BND,DXB,241,1.3,2
BND,IFN,753,1.94,2
BND,KIH,250,1.31,3
BND,MHD,1049,2.31,2
BND,RAS,1290,2.61,1
BND,SRY,1089,2.36,1
BND,SYZ,452,1.56,2
BND,TBZ,1539,2.92,1
BND,THR,1057,2.32,2
BND,ZBR,445,1.56,1
BOM,ADE,3053,4.82,1
BOM,AGR,1037,2.3,1
BOM,AMD,444,1.56,6
BOM,AMM,3938,5.92,1
BOM,ATQ,1417,2.77,1
BOM,AUH,1971,3.46,4
BOM,BAH,2413,4.02,2
BOM,BBI,1362,2.7,2
BOM,BDQ,363,1.45,3
BOM,BHJ,573,1.72,2
BOM,BHO,658,1.82,3
BOM,BHU,305,1.38,2
BOM,BKK,3031,4.79,5
BOM,BLR,834,2.04,6
BOM,CCJ,944,2.18,3
BOM,CCU,1665,3.08,5
BOM,CJB,1002,2.25,5
BOM,CMB,1526,2.91,4
BOM,COK,1064,2.33,7
BOM,CTU,3372,5.21,1
BOM,DAC,1888,3.36,1
BOM,DEL,1138,2.42,6
BOM,DIU,272,1.34,2
BOM,DMM,2499,4.12,2
BOM,DXB,1926,3.41,4
BOM,GAU,2071,3.59,1
BOM,GOI,425,1.53,6
BOM,GWL,971,2.21,1
BOM,HBX,477,1.6,1
BOM,HKG,4272,6.34,3
BOM,ICN,5548,7.93,1
BOM,IDR,506,1.63,4
BOM,IKA,2799,4.5,1
BOM,IXC,1347,2.68,4
BOM,IXD,1153,2.44,1
BOM,IXE,715,1.89,5
BOM,IXJ,1525,2.91,1
BOM,IXU,279,1.35,3
BOM,JAI,911,2.14,5
BOM,JDH,797,2.0,3
BOM,JED,3519,5.4,3
BOM,JGA,479,1.6,1
BOM,JLR,873,2.09,1
BOM,KHI,874,2.09,1
BOM,KTM,1592,2.99,1
BOM,KUL,3624,5.53,3
BOM,KWI,2758,4.45,2
BOM,LKO,1184,2.48,5
BOM,MAA,1033,2.29,7
BOM,MCT,1590,2.99,4
BOM,NAG,683,1.85,5
BOM,NRT,6786,9.48,2
BOM,PAT,1449,2.81,2
BOM,PNQ,124,1.16,2
BOM,RAJ,419,1.52,3
BOM,RPR,955,2.19,3
BOM,RUH,2770,4.46,3
BOM,SAH,3065,4.83,1
BOM,SHJ,1914,3.39,1
BOM,SIN,3922,5.9,3
BOM,STV,226,1.28,1
BOM,SXR,1667,3.08,2
BOM,TLV,4047,6.06,1
BOM,TRV,1258,2.57,6
BOM,UDR,624,1.78,3
BOM,VNS,1247,2.56,1
BOM,VTZ,1103,2.38,2
BPN,BDJ,338,1.42,2
BPN,BEJ,385,1.48,3
BPN,BTH,1445,2.81,1
BPN,CGK,1258,2.57,5
BPN,DPS,853,2.07,1
BPN,JOG,1019,2.27,4
BPN,KUL,1746,3.18,1
BPN,MDC,946,2.18,2
BPN,PLW,338,1.42,2
BPN,SIN,1464,2.83,3
BPN,SRG,962,2.2,1
BPN,SUB,818,2.02,4
BPN,TRK,516,1.65,3
BPN,UPG,515,1.64,4
BPX,CTU,655,1.82,2
BPX,LXA,613,1.77,1
BQS,HTA,997,2.25,1
BQS,KHV,600,1.75,1
BQS,VVO,860,2.08,1
BQS,YKS,1305,2.63,1
BSD,KMG,379,1.47,2
BSR,AMM,1118,2.4,1
BSR,AUH,968,2.21,1
BSR,BEY,1201,2.5,1
BSR,DXB,959,2.2,2
BSR,SHJ,965,2.21,1
BTH,BDO,971,2.21,1
BTH,BKS,589,1.74,1
BTH,BPN,1445,2.81,1
BTH,CGK,854,2.07,4
BTH,DJB,311,1.39,2
BTH,DPS,1644,3.06,1
BTH,JOG,1213,2.52,1
BTH,NTX,567,1.71,1
BTH,PGK,429,1.54,1
BTH,PKU,306,1.38,2
BTH,PLM,452,1.56,2
BTH,PNK,604,1.75,1
BTH,SRG,1137,2.42,1
BTH,SUB,1348,2.69,2
BTH,SZB,363,1.45,2
BTH,TKG,717,1.9,2
BTJ,CGK,1798,3.25,2
BTJ,KUL,763,1.95,1
BTJ,PEN,538,1.67,2
BTK,IKT,488,1.61,1
BTK,OVB,1199,2.5,1
BTU,BKI,459,1.57,1
BTU,KCH,348,1.44,2
BTU,KUL,1257,2.57,2
BTU,MYY,171,1.21,1
BTU,SBW,150,1.19,1
BUS,TBS,279,1.35,1
BUZ,DXB,608,1.76,1
BUZ,MHD,1156,2.45,1
BUZ,SYZ,183,1.23,1
BUZ,THR,751,1.94,2
BWA,KTM,193,1.24,1
BWN,BKI,166,1.21,2
BWN,BKK,1833,3.29,2
BWN,CGK,1536,2.92,2
BWN,DWC,6735,9.42,1
BWN,HKG,1934,3.42,2
BWN,JED,8336,11.42,1
BWN,KUL,1487,2.86,3
BWN,MNL,1255,2.57,2
BWN,MZV,101,1.13,2
BWN,PVG,3001,4.75,1
BWN,SIN,1278,2.6,2
BWN,SUB,1391,2.74,2
BXB,SOQ,301,1.38,1
BXR,THR,994,2.24,1
BXU,CEB,223,1.28,1
BXU,MNL,786,1.98,3
BYN,LTI,345,1.43,1
BYN,ULN,496,1.62,1
BZL,DAC,116,1.15,1
CAH,SGN,244,1.3,1
CAN,ACX,866,2.08,1
CAN,AEB,647,1.81,1
CAN,AQG,881,2.1,1
CAN,AVA,814,2.02,1
CAN,BAV,1934,3.42,2
CAN,BFJ,897,2.12,1
CAN,BHY,460,1.57,1
CAN,BKI,1963,3.45,1
CAN,BKK,1706,3.13,6
CAN,CGD,636,1.79,1
CAN,CGK,3361,5.2,2
CAN,CGO,1238,2.55,4
CAN,CGQ,2555,4.19,3
CAN,CIH,1430,2.79,1
CAN,CKG,966,2.21,8
CAN,CNX,1573,2.97,1
CAN,CSX,533,1.67,1
CAN,CTU,1223,2.53,6
CAN,CZX,1142,2.43,3
CAN,DAC,2331,3.91,1
CAN,DAD,976,2.22,2
CAN,DAX,1037,2.3,2
CAN,DEL,3650,5.56,1
CAN,DIG,1450,2.81,1
CAN,DLC,1899,3.37,1
CAN,DMK,1701,3.13,2
CAN,DOY,1655,3.07,1
CAN,DPS,3580,5.47,1
CAN,DXB,5827,8.28,2
CAN,DYG,696,1.87,1
CAN,FOC,702,1.88,3
CAN,FUG,1082,2.35,1
CAN,FUK,2019,3.52,1
CAN,GYS,1248,2.56,2
CAN,HAK,484,1.6,5
CAN,HAN,808,2.01,2
CAN,HDG,1464,2.83,1
CAN,HET,1946,3.43,4
CAN,HFE,1012,2.26,5
CAN,HGH,1038,2.3,12
CAN,HIA,1288,2.61,1
CAN,HJJ,577,1.72,1
CAN,HKG,136,1.17,3
CAN,HKT,2332,3.92,1
CAN,HRB,2734,4.42,3
CAN,HYN,995,2.24,3
CAN,HZH,530,1.66,1
CAN,ICN,2005,3.51,3
CAN,IKA,6069,8.59,1
CAN,JDZ,766,1.96,2
CAN,JED,7526,10.41,1
CAN,JIQ,813,2.02,1
CAN,JIU,721,1.9,1
CAN,JJN,559,1.7,4
CAN,JNG,1356,2.7,1
CAN,JUH,925,2.16,1
CAN,JZH,1411,2.76,2
CAN,KHH,727,1.91,1
CAN,KHN,662,1.83,5
CAN,KIX,2455,4.07,2
CAN,KMG,1068,2.33,5
CAN,KOW,312,1.39,1
CAN,KTM,2837,4.55,1
CAN,KUL,2613,4.27,3
CAN,KWE,742,1.93,4
CAN,KWL,388,1.48,1
CAN,LHW,1729,3.16,2
CAN,LJG,1364,2.71,2
CAN,LUM,1505,2.88,1
CAN,LYA,1265,2.58,1
CAN,LYG,1356,2.7,1
CAN,LYI,1387,2.73,2
CAN,LZH,408,1.51,1
CAN,LZO,995,2.24,2
CAN,MIG,1229,2.54,1
CAN,MNL,1278,2.6,3
CAN,MXZ,307,1.38,1
CAN,NAO,1084,2.35,1
CAN,NAY,1846,3.31,2
CAN,NGB,1081,2.35,3
CAN,NKG,1078,2.35,6
CAN,NNG,532,1.67,3
CAN,NNY,1068,2.33,1
CAN,NRT,2944,4.68,6
CAN,PEK,1881,3.35,4
CAN,PEN,2449,4.06,1
CAN,PNH,1592,2.99,1
CAN,PUS,2000,3.5,1
CAN,PVG,1203,2.5,6
CAN,REP,1493,2.87,2
CAN,RGN,1930,3.41,2
CAN,RMQ,751,1.94,1
CAN,RUH,6686,9.36,1
CAN,SGN,1566,2.96,2
CAN,SHA,1176,2.47,7
CAN,SHE,2238,3.8,4
CAN,SIN,2648,4.31,4
CAN,SJW,1661,3.08,3
CAN,SWA,327,1.41,1
CAN,SYX,695,1.87,3
CAN,TAO,1585,2.98,5
CAN,TEN,640,1.8,1
CAN,TNA,1543,2.93,5
CAN,TPE,826,2.03,4
CAN,TSN,1791,3.24,5
CAN,TXN,860,2.08,1
CAN,TYN,1597,3.0,3
CAN,URC,3278,5.1,3
CAN,VTE,1267,2.58,1
CAN,WEF,1576,2.97,1
CAN,WNZ,908,2.13,6
CAN,WUH,827,2.03,5
CAN,WUS,672,1.84,2
CAN,WUX,1142,2.43,4
CAN,WXN,954,2.19,2
CAN,XFN,979,2.22,1
CAN,XIY,1306,2.63,5
CAN,XMN,507,1.63,6
CAN,XUZ,1256,2.57,1
CAN,YBP,1060,2.33,2
CAN,YCU,1322,2.65,2
CAN,YIH,817,2.02,2
CAN,YIW,942,2.18,1
CAN,YNT,1738,3.17,3
CAN,YNZ,1303,2.63,1
CAN,YTY,1198,2.5,1
CAN,ZHA,388,1.48,1
CAN,ZYI,786,1.98,1
CBO,MNL,888,2.11,3
CCJ,AAN,2597,4.25,1
CCJ,AUH,2690,4.36,3
CCJ,BAH,3143,4.93,1
CCJ,BLR,298,1.37,1
CCJ,BOM,944,2.18,3
CCJ,CJB,119,1.15,1
CCJ,COK,120,1.15,2
CCJ,DMM,3227,5.03,2
CCJ,DXB,2675,4.34,3
CCJ,IXE,234,1.29,1
CCJ,JED,4084,6.11,2
CCJ,KWI,3529,5.41,1
CCJ,MAA,502,1.63,1
CCJ,MCT,2327,3.91,2
CCJ,RUH,3442,5.3,2
CCJ,SHJ,2667,4.33,3
CCJ,SLL,2446,4.06,1
CCU,AJL,446,1.56,3
CCU,AMD,1620,3.02,2
CCU,BBI,382,1.48,1
CCU,BKK,1637,3.05,2
CCU,BLR,1547,2.93,5
CCU,BOM,1665,3.08,5
CCU,CGP,349,1.44,2
CCU,DAC,239,1.3,5
CCU,DEL,1313,2.64,6
CCU,DIB,852,2.06,2
CCU,DMU,648,1.81,1
CCU,DXB,3366,5.21,1
CCU,GAU,498,1.62,6
CCU,HKG,2614,4.27,2
CCU,IMF,602,1.75,2
CCU,IXA,317,1.4,5
CCU,IXB,448,1.56,6
CCU,IXR,328,1.41,3
CCU,IXS,525,1.66,3
CCU,IXZ,1306,2.63,5
CCU,JAI,1357,2.7,1
CCU,KMG,1497,2.87,1
CCU,KTM,641,1.8,1
CCU,KUL,2636,4.29,1
CCU,MAA,1386,2.73,3
CCU,NAG,985,2.23,2
CCU,PAT,472,1.59,4
CCU,PBH,537,1.67,1
CCU,PNQ,1577,2.97,1
CCU,RGN,1027,2.28,1
CCU,RPR,711,1.89,1
CCU,SHL,493,1.62,1
CCU,SIN,2904,4.63,4
CCU,VNS,647,1.81,2
CCU,VTZ,773,1.97,2
CEB,BCD,118,1.15,1
CEB,BXU,223,1.28,1
CEB,CGM,142,1.18,1
CEB,CRK,657,1.82,1
CEB,DGT,131,1.16,1
CEB,DPL,202,1.25,1
CEB,DVO,398,1.5,3
CEB,GES,488,1.61,1
CEB,HKG,1711,3.14,3
CEB,IAO,228,1.28,1
CEB,ICN,3030,4.79,7
CEB,ILO,173,1.22,1
CEB,KLO,232,1.29,1
CEB,KUL,2598,4.25,1
CEB,LGP,318,1.4,1
CEB,MNL,567,1.71,5
CEB,MPH,285,1.36,1
CEB,NRT,3280,5.1,1
CEB,OZC,237,1.3,1
CEB,PAG,281,1.35,1
CEB,PPS,575,1.72,1
CEB,PUS,2811,4.51,4
CEB,SIN,2423,4.03,4
CEB,SUG,176,1.22,1
CEB,TAC,154,1.19,1
CEB,USU,469,1.59,1
CEB,ZAM,431,1.54,1
CEI,BKK,703,1.88,8
CEI,DMK,676,1.84,2
CEI,KMG,652,1.81,1
CEK,DWC,3421,5.28,1
CEK,DYU,1942,3.43,2
CEK,EVN,2104,3.63,1
CEK,FRU,1650,3.06,1
CEK,LBD,1783,3.23,2
CEK,NMA,1754,3.19,1
CEK,OSS,1832,3.29,2
CEK,OVB,1339,2.67,2
CEK,TAS,1662,3.08,1
CGD,CAN,636,1.79,1
CGD,HAK,1006,2.26,1
CGD,KMG,961,2.2,1
CGD,PEK,1321,2.65,1
CGD,SHA,967,2.21,1
CGD,SZX,731,1.91,1
CGD,XIY,673,1.84,1
CGD,XMN,807,2.01,1
CGK,AMQ,2389,3.99,3
CGK,AUH,6575,9.22,3
CGK,BDJ,946,2.18,4
CGK,BKI,1699,3.12,1
CGK,BKK,2297,3.87,3
CGK,BKS,540,1.68,4
CGK,BPN,1258,2.57,5
CGK,BTH,854,2.07,4
CGK,BTJ,1798,3.25,2
CGK,BWN,1536,2.92,2
CGK,CAN,3361,5.2,2
CGK,CMB,3318,5.15,2
CGK,DJB,600,1.75,4
CGK,DJJ,3774,5.72,3
CGK,DMK,2326,3.91,1
CGK,DPS,983,2.23,7
CGK,DXB,6547,9.18,2
CGK,FOC,3832,5.79,2
CGK,HKG,3259,5.07,4
CGK,HKT,1834,3.29,1
CGK,HND,5784,8.23,2
CGK,ICN,5264,7.58,3
CGK,JED,7971,10.96,4
CGK,JHB,925,2.16,1
CGK,JOG,456,1.57,5
CGK,KDI,1760,3.2,1
CGK,KIX,5417,7.77,2
CGK,KUL,1129,2.41,10
CGK,LOP,1100,2.38,2
CGK,MDC,2201,3.75,3
CGK,MED,8001,11.0,1
CGK,MLG,698,1.87,2
CGK,MNL,2788,4.48,3
CGK,NRT,5839,8.3,3
CGK,PEK,5238,7.55,1
CGK,PEN,1454,2.82,1
CGK,PGK,444,1.56,4
CGK,PKN,674,1.84,1
CGK,PKU,933,2.17,6
CGK,PKY,917,2.15,2
CGK,PLM,419,1.52,4
CGK,PLW,1580,2.98,2
CGK,PNK,731,1.91,3
CGK,PVG,4446,6.56,2
CGK,RUH,7342,10.18,1
CGK,SGN,1884,3.35,1
CGK,SIN,882,2.1,10
CGK,SOC,478,1.6,3
CGK,SRG,421,1.53,3
CGK,SUB,691,1.86,6
CGK,TJQ,395,1.49,3
CGK,TKG,191,1.24,3
CGK,TNJ,818,2.02,3
CGK,TPE,3811,5.76,3
CGK,TRK,1604,3.0,1
CGK,TTE,2427,4.03,2
CGK,UPG,1432,2.79,4
CGK,XMN,3630,5.54,3
CGM,CEB,142,1.18,1
CGO,BAV,752,1.94,2
CGO,BHY,1510,2.89,1
CGO,BKK,2665,4.33,1
CGO,CAN,1238,2.55,4
CGO,CGQ,1463,2.83,3
CGO,CJU,1171,2.46,1
CGO,CKG,862,2.08,6
CGO,CTU,1025,2.28,5
CGO,DLC,845,2.06,6
CGO,DSN,656,1.82,2
CGO,FOC,1106,2.38,4
CGO,HAK,1656,3.07,5
CGO,HET,726,1.91,3
CGO,HFE,443,1.55,1
CGO,HGH,781,1.98,10
CGO,HKG,1358,2.7,3
CGO,HMI,1973,3.47,1
CGO,HRB,1621,3.03,7
CGO,ICN,1180,2.48,2
CGO,JJN,1174,2.47,1
CGO,KHH,1471,2.84,2
CGO,KHN,658,1.82,1
CGO,KMG,1483,2.85,7
CGO,KRL,2540,4.17,1
CGO,KWE,1114,2.39,7
CGO,KWL,1097,2.37,6
CGO,LHW,951,2.19,4
CGO,LJG,1564,2.96,1
CGO,MFM,1376,2.72,2
CGO,MIG,915,2.14,2
CGO,NGB,887,2.11,1
CGO,NKG,560,1.7,1
CGO,NNG,1435,2.79,4
CGO,NNY,205,1.26,1
CGO,PEK,664,1.83,3
CGO,PVG,833,2.04,3
CGO,RMQ,1315,2.64,1
CGO,SHA,791,1.99,3
CGO,SHE,1156,2.45,3
CGO,SWA,1247,2.56,1
CGO,SYX,1856,3.32,5
CGO,SZX,1321,2.65,4
CGO,TAO,623,1.78,5
CGO,TNA,401,1.5,2
CGO,TPE,1268,2.58,3
CGO,TSN,599,1.75,4
CGO,URC,2486,4.11,9
CGO,UYN,572,1.71,1
CGO,WNZ,992,2.24,2
CGO,XMN,1184,2.48,5
CGO,XNN,1090,2.36,5
CGO,YIW,820,2.02,1
CGO,YTY,587,1.73,1
CGO,ZUH,1392,2.74,2
CGP,AUH,3791,5.74,1
CGP,BKK,1341,2.68,1
CGP,CCU,349,1.44,2
CGP,DAC,229,1.29,4
CGP,DWC,3736,5.67,1
CGP,DXB,3714,5.64,1
CGP,JED,5402,7.75,1
CGP,KUL,2418,4.02,1
CGP,MCT,3429,5.29,3
CGP,SHJ,3698,5.62,1
CGQ,CAN,2555,4.19,3
CGQ,CGO,1463,2.83,3
CGQ,CJU,1168,2.46,1
CGQ,CKG,2311,3.89,1
CGQ,CTU,2421,4.03,2
CGQ,FOC,2080,3.6,1
CGQ,HET,1189,2.49,1
CGQ,HFE,1543,2.93,1
CGQ,HGH,1599,3.0,2
CGQ,ICN,729,1.91,2
CGQ,KHN,1893,3.37,1
CGQ,NBS,265,1.33,1
CGQ,NGB,1619,3.02,2
CGQ,NKG,1487,2.86,5
CGQ,NRT,1549,2.94,1
CGQ,PEK,868,2.08,5
CGQ,PVG,1469,2.84,5
CGQ,SJW,1117,2.4,1
CGQ,SZX,2612,4.27,2
CGQ,TAO,970,2.21,5
CGQ,TNA,1068,2.33,5
CGQ,TPE,2142,3.68,1
CGQ,TSN,879,2.1,2
CGQ,TYN,1297,2.62,1
CGQ,WUH,1781,3.23,3
CGQ,XIY,1798,3.25,1
CGQ,YNJ,328,1.41,1
CGQ,YNT,818,2.02,3
CHG,DLC,301,1.38,1
CHG,PEK,362,1.45,2
CIF,BAV,766,1.96,1
CIF,DLC,426,1.53,1
CIF,HET,609,1.76,3
CIF,HLD,778,1.97,1
CIF,HRB,698,1.87,1
CIF,NAY,345,1.43,2
CIF,NKG,1167,2.46,1
CIF,PEK,309,1.39,2
CIF,SHE,384,1.48,1
CIF,TSN,370,1.46,2
CIH,CAN,1430,2.79,1
CIH,CTU,1059,2.32,2
CIH,DAT,425,1.53,1
CIH,HAK,1832,3.29,1
CIH,NAY,486,1.61,2
CIH,PEK,522,1.65,2
CIH,SHA,944,2.18,1
CIH,TSN,490,1.61,1
CIH,TYN,172,1.22,3
CIH,WUH,616,1.77,1
CIH,XMN,1386,2.73,1
CIT,ALA,626,1.78,2
CIT,OVB,1701,3.13,1
CIT,SCO,1499,2.87,1
CIT,SHJ,2285,3.86,1
CIT,TSE,974,2.22,2
CJB,BLR,252,1.31,2
CJB,BOM,1002,2.25,5
CJB,CCJ,119,1.15,1
CJB,DEL,1950,3.44,1
CJB,MAA,404,1.5,4
CJB,SHJ,2767,4.46,1
CJB,SIN,3164,4.96,2
CJJ,CJU,368,1.46,4
CJJ,HGH,974,2.22,2
CJJ,PEK,1021,2.28,2
CJJ,SHE,647,1.81,1
CJL,PEW,212,1.27,1
CJM,DMK,381,1.48,1
CJU,CGO,1171,2.46,1
CJU,CGQ,1168,2.46,1
CJU,CJJ,368,1.46,4
CJU,CSX,1397,2.75,2
CJU,DLC,752,1.94,1
CJU,FOC,1069,2.34,1
CJU,FUK,367,1.46,2
CJU,GMP,451,1.56,6
CJU,HIN,228,1.28,2
CJU,HKG,1752,3.19,2
CJU,HRB,1347,2.68,1
CJU,ICN,440,1.55,2
CJU,KIX,813,2.02,2
CJU,KPO,384,1.48,1
CJU,KUV,266,1.33,2
CJU,KWJ,182,1.23,2
CJU,MWX,165,1.21,1
CJU,NGB,628,1.79,1
CJU,NGO,960,2.2,1
CJU,NRT,1294,2.62,2
CJU,PEK,1144,2.43,2
CJU,PUS,291,1.36,3
CJU,PVG,513,1.64,4
CJU,RSU,181,1.23,1
CJU,SHE,942,2.18,1
CJU,SZX,1732,3.17,1
CJU,TAE,331,1.41,3
CJU,TPE,1067,2.33,1
CJU,TSN,1029,2.29,2
CJU,USN,349,1.44,1
CJU,WJU,457,1.57,1
CJU,WNZ,823,2.03,1
CJU,XMN,1286,2.61,1
CKG,ACX,541,1.68,1
CKG,AEB,668,1.83,1
CKG,AQG,1005,2.26,1
CKG,AVA,392,1.49,1
CKG,BFJ,296,1.37,1
CKG,BHY,948,2.19,2
CKG,BKK,1884,3.35,2
CKG,CAN,966,2.21,8
CKG,CGO,862,2.08,6
CKG,CGQ,2311,3.89,1
CKG,CNX,1444,2.8,1
CKG,CSX,662,1.83,6
CKG,CTU,276,1.34,1
CKG,CZX,1277,2.6,2
CKG,DLC,1707,3.13,1
CKG,DMK,1864,3.33,1
CKG,DOY,1417,2.77,1
CKG,DSN,1125,2.41,1
CKG,DYG,374,1.47,2
CKG,ENY,815,2.02,1
CKG,FOC,1347,2.68,3
CKG,HAK,1154,2.44,5
CKG,HDG,1047,2.31,1
CKG,HET,1324,2.66,1
CKG,HFE,1043,2.3,2
CKG,HGH,1329,2.66,6
CKG,HIA,1263,2.58,1
CKG,HKG,1098,2.37,5
CKG,HKT,2555,4.19,2
CKG,HYN,1441,2.8,2
CKG,ICN,2022,3.53,2
CKG,JHG,1043,2.3,1
CKG,JIQ,213,1.27,1
CKG,JZH,448,1.56,3
CKG,KHH,1580,2.98,1
CKG,KHN,903,2.13,4
CKG,KMG,631,1.79,9
CKG,KRL,2272,3.84,1
CKG,KWE,354,1.44,5
CKG,KWL,602,1.75,6
CKG,LHW,806,2.01,3
CKG,LJG,712,1.89,7
CKG,LXA,1522,2.9,8
CKG,LYA,777,1.97,1
CKG,LZH,671,1.84,1
CKG,MFM,1091,2.36,2
CKG,NAY,1428,2.79,2
CKG,NGB,1429,2.79,3
CKG,NKG,1189,2.49,5
CKG,NNG,805,2.01,4
CKG,PEK,1464,2.83,6
CKG,PVG,1461,2.83,7
CKG,PZI,592,1.74,1
CKG,SHA,1417,2.77,7
CKG,SHE,2011,3.51,1
CKG,SIN,3167,4.96,2
CKG,SJW,1206,2.51,4
CKG,SWA,1195,2.49,1
CKG,SYX,1300,2.62,5
CKG,SZX,1063,2.33,6
CKG,TAO,1471,2.84,3
CKG,TNA,1262,2.58,5
CKG,TPE,1529,2.91,2
CKG,TSA,1559,2.95,2
CKG,TSN,1432,2.79,7
CKG,TXN,1121,2.4,2
CKG,TYN,1050,2.31,3
CKG,URC,2313,3.89,6
CKG,WNZ,1398,2.75,5
CKG,WUH,736,1.92,6
CKG,WUS,1130,2.41,2
CKG,WUX,1333,2.67,4
CKG,XFN,603,1.75,1
CKG,XIC,475,1.59,1
CKG,XIY,562,1.7,10
CKG,XMN,1273,2.59,5
CKG,XNN,869,2.09,7
CKG,XUZ,1137,2.42,1
CKG,YCU,728,1.91,1
CKG,YIH,474,1.59,3
CKG,YTY,1283,2.6,2
CKG,ZAT,388,1.48,1
CKG,ZHA,1016,2.27,1
CKG,ZUH,1090,2.36,3
CKH,YKS,1236,2.54,2
CMB,AUH,3300,5.12,5
CMB,BAH,3752,5.69,2
CMB,BKK,2392,3.99,4
CMB,BLR,710,1.89,2
CMB,BOM,1526,2.91,4
CMB,CGK,3318,5.15,2
CMB,COK,506,1.63,2
CMB,DAC,2166,3.71,2
CMB,DEL,2396,4.0,3
CMB,DMM,3835,5.79,3
CMB,DWC,3284,5.11,1
CMB,DXB,3288,5.11,3
CMB,GIU,127,1.16,1
CMB,HRI,169,1.21,2
CMB,ICN,5768,8.21,1
CMB,IXM,355,1.44,3
CMB,JED,4654,6.82,3
CMB,KCT,141,1.18,1
CMB,KHI,2391,3.99,2
CMB,KMG,3156,4.95,1
CMB,KUL,2467,4.08,4
CMB,KWI,4142,6.18,3
CMB,MAA,647,1.81,4
CMB,MCT,2940,4.67,3
CMB,NRT,6894,9.62,1
CMB,PEK,5164,7.46,1
CMB,PVG,5099,7.37,1
CMB,RUH,4040,6.05,3
CMB,SHJ,3280,5.1,3
CMB,SIN,2750,4.44,5
CMB,TRV,357,1.45,2
CMB,TRZ,419,1.52,2
CNX,BKK,597,1.75,11
CNX,CAN,1573,2.97,1
CNX,CKG,1444,2.8,1
CNX,DMK,568,1.71,2
CNX,HDY,1325,2.66,1
CNX,HGH,2512,4.14,1
CNX,HGN,120,1.15,1
CNX,HKG,1605,3.01,4
CNX,HKT,1187,2.48,2
CNX,ICN,3382,5.23,3
CNX,KBV,1186,2.48,1
CNX,KMG,814,2.02,1
CNX,KUL,1806,3.26,1
CNX,LPQ,358,1.45,1
CNX,MFM,1569,2.96,1
CNX,NNT,192,1.24,1
CNX,PEK,2908,4.63,1
CNX,PHS,261,1.33,1
CNX,PVG,2674,4.34,3
CNX,PYY,87,1.11,1
CNX,RGN,364,1.46,1
CNX,SIN,2013,3.52,4
CNX,TPE,2398,4.0,1
CNX,USM,1032,2.29,1
CNX,UTH,433,1.54,1
CNX,WUH,2034,3.54,1
COK,AGX,468,1.58,1
COK,AUH,2795,4.49,4
COK,BAH,3247,5.06,1
COK,BLR,367,1.46,5
COK,BOM,1064,2.33,7
COK,CCJ,120,1.15,2
COK,CMB,506,1.63,2
COK,DEL,2049,3.56,2
COK,DMM,3331,5.16,2
COK,DXB,2783,4.48,4
COK,KUL,2913,4.64,3
COK,KWI,3637,5.55,1
COK,MAA,518,1.65,5
COK,MCT,2434,4.04,3
COK,PNQ,975,2.22,1
COK,RUH,3540,5.42,1
COK,SHJ,2774,4.47,4
COK,SIN,3202,5.0,3
COK,TRV,194,1.24,3
COQ,HLD,398,1.5,1
COQ,NZH,253,1.32,1
COQ,ULN,587,1.73,2
CRK,BKK,2139,3.67,1
CRK,CEB,657,1.82,1
CRK,HKG,1056,2.32,3
CRK,ICN,2545,4.18,2
CRK,KLO,437,1.55,1
CRK,MFM,1067,2.33,1
CRK,SIN,2382,3.98,3
CRM,MNL,450,1.56,2
CSX,BAV,1407,2.76,1
CSX,BHY,839,2.05,1
CSX,BKK,2066,3.58,1
CSX,CAN,533,1.67,1
CSX,CJU,1397,2.75,2
CSX,CKG,662,1.83,6
CSX,CTU,937,2.17,6
CSX,CZX,755,1.94,1
CSX,DLC,1423,2.78,1
CSX,DMK,2054,3.57,2
CSX,DSN,1294,2.62,1
CSX,DYG,289,1.36,2
CSX,FOC,685,1.86,6
CSX,HAK,960,2.2,4
CSX,HET,1414,2.77,3
CSX,HFE,560,1.7,3
CSX,HGH,736,1.92,5
CSX,HJJ,356,1.45,2
CSX,HKG,658,1.82,2
CSX,HRB,2252,3.81,1
CSX,HYN,804,2.0,2
CSX,ICN,1607,3.01,4
CSX,JJN,654,1.82,3
CSX,KHH,950,2.19,2
CSX,KMG,1078,2.35,8
CSX,KWE,660,1.82,6
CSX,LHW,1291,2.61,4
CSX,LJG,1291,2.61,2
CSX,LLF,260,1.32,1
CSX,LYI,907,2.13,1
CSX,LZH,585,1.73,1
CSX,LZO,768,1.96,2
CSX,MIG,893,2.12,2
CSX,NAY,1322,2.65,2
CSX,NGB,822,2.03,5
CSX,NKG,672,1.84,6
CSX,NNG,801,2.0,4
CSX,PEK,1358,2.7,5
CSX,PUS,1675,3.09,1
CSX,PVG,892,2.12,3
CSX,RMQ,857,2.07,1
CSX,SHA,852,2.06,5
CSX,SHE,1761,3.2,1
CSX,SIN,3141,4.93,2
CSX,SJW,1130,2.41,1
CSX,SWA,611,1.76,2
CSX,SYX,1166,2.46,5
CSX,SZX,620,1.77,2
CSX,TAO,1121,2.4,4
CSX,TEN,385,1.48,1
CSX,TNA,1034,2.29,4
CSX,TPE,868,2.08,4
CSX,TSN,1274,2.59,5
CSX,TXN,519,1.65,1
CSX,TYN,1064,2.33,3
CSX,URC,2880,4.6,2
CSX,WNZ,749,1.94,4
CSX,WUX,786,1.98,2
CSX,XIY,815,2.02,7
CSX,XMN,635,1.79,8
CSX,XNN,1399,2.75,1
CSX,XUZ,772,1.96,1
CSX,YCU,798,2.0,1
CSX,YNT,1275,2.59,1
CSX,YNZ,885,2.11,1
CSX,YTY,790,1.99,1
CSX,ZHA,828,2.04,1
CSX,ZUH,688,1.86,1
CSX,ZYI,615,1.77,1
CTS,AOJ,242,1.3,1
CTS,AXT,372,1.47,2
CTS,BKK,5073,7.34,1
CTS,FKS,626,1.78,2
CTS,FUK,1415,2.77,3
CTS,HIJ,1199,2.5,2
CTS,HKD,133,1.17,1
CTS,HKG,3429,5.29,2
CTS,HNA,375,1.47,1
CTS,HND,820,2.02,4
CTS,IBR,741,1.93,1
CTS,ICN,1421,2.78,4
CTS,ITM,1040,2.3,3
CTS,KIJ,578,1.72,3
CTS,KIX,1083,2.35,4
CTS,KMQ,841,2.05,2
CTS,KUH,206,1.26,1
CTS,MMB,235,1.29,2
CTS,MMJ,803,2.0,1
CTS,NGO,976,2.22,4
CTS,NRT,788,1.98,6
CTS,OKA,2242,3.8,1
CTS,OKJ,1120,2.4,2
CTS,PEK,2107,3.63,2
CTS,PUS,1386,2.73,1
CTS,PVG,2181,3.73,2
CTS,SDJ,520,1.65,5
CTS,SHB,280,1.35,1
CTS,TOY,782,1.98,2
CTS,TPE,2712,4.39,4
CTS,UKB,1064,2.33,3
CTS,UUS,464,1.58,1
CTS,WKJ,292,1.36,1
CTS,YGJ,1089,2.36,1
CTU,AKU,2427,4.03,2
CTU,AUH,4872,7.09,3
CTU,BAV,1237,2.55,1
CTU,BHY,1138,2.42,1
CTU,BKK,1907,3.38,2
CTU,BOM,3372,5.21,1
CTU,BPX,655,1.82,2
CTU,CAN,1223,2.53,6
CTU,CGO,1025,2.28,5
CTU,CGQ,2421,4.03,2
CTU,CIH,1059,2.32,2
CTU,CKG,276,1.34,1
CTU,CSX,937,2.17,6
CTU,CZX,1511,2.89,3
CTU,DAD,1673,3.09,1
CTU,DCY,400,1.5,4
CTU,DIG,517,1.65,1
CTU,DLU,653,1.82,1
CTU,DSN,1127,2.41,1
CTU,FOC,1622,3.03,4
CTU,HAK,1352,2.69,5
CTU,HAN,1057,2.32,1
CTU,HDG,1174,2.47,1
CTU,HET,1344,2.68,3
CTU,HFE,1276,2.59,5
CTU,HGH,1580,2.98,9
CTU,HKG,1352,2.69,6
CTU,HKT,2566,4.21,1
CTU,HRB,2555,4.19,2
CTU,ICN,2204,3.75,3
CTU,JDZ,1281,2.6,2
CTU,JHG,1008,2.26,2
CTU,JIQ,485,1.61,1
CTU,JJN,1577,2.97,1
CTU,JNG,1269,2.59,1
CTU,JUH,1313,2.64,1
CTU,JZH,254,1.32,7
CTU,KGT,217,1.27,1
CTU,KHG,2716,4.39,2
CTU,KHH,1855,3.32,1
CTU,KHI,3658,5.57,1
CTU,KHN,1169,2.46,4
CTU,KMG,617,1.77,9
CTU,KOW,1183,2.48,1
CTU,KRL,2015,3.52,2
CTU,KTM,1831,3.29,1
CTU,KUL,3104,4.88,1
CTU,KWE,529,1.66,6
CTU,KWL,844,2.05,5
CTU,LHW,661,1.83,4
CTU,LJG,564,1.71,5
CTU,LUM,870,2.09,1
CTU,LXA,1263,2.58,5
CTU,LYG,1466,2.83,1
CTU,LZH,889,2.11,1
CTU,LZY,937,2.17,4
CTU,MFM,1341,2.68,2
CTU,NAY,1522,2.9,2
CTU,NGB,1684,3.1,3
CTU,NKG,1424,2.78,5
CTU,NNG,981,2.23,3
CTU,NNY,861,2.08,1
CTU,NRT,3420,5.28,2
CTU,PEK,1556,2.95,6
CTU,PVG,1704,3.13,7
CTU,PZI,496,1.62,3
CTU,SHA,1659,3.07,7
CTU,SHE,2135,3.67,3
CTU,SIN,3250,5.06,3
CTU,SJW,1304,2.63,3
CTU,SWA,1467,2.83,3
CTU,SYX,1472,2.84,5
CTU,SZX,1318,2.65,7
CTU,TAO,1648,3.06,5
CTU,TCZ,826,2.03,1
CTU,TNA,1410,2.76,8
CTU,TPE,1804,3.25,3
CTU,TSA,1834,3.29,1
CTU,TSN,1546,2.93,6
CTU,TXN,1378,2.72,2
CTU,TYN,1127,2.41,5
CTU,URC,2071,3.59,5
CTU,UYN,1008,2.26,2
CTU,WNZ,1665,3.08,4
CTU,WUH,981,2.23,7
CTU,WUX,1572,2.96,4
CTU,WXN,430,1.54,1
CTU,XIC,335,1.42,3
CTU,XIY,623,1.78,8
CTU,XMN,1549,2.94,6
CTU,XNN,685,1.86,5
CTU,XUZ,1335,2.67,1
CTU,YCU,832,2.04,2
CTU,YIH,721,1.9,1
CTU,YIN,2480,4.1,2
CTU,YIW,1554,2.94,2
CTU,YNT,1773,3.22,3
CTU,YTY,1509,2.89,1
CTU,ZHA,1222,2.53,2
CTU,ZUH,1337,2.67,2
CTU,ZYI,446,1.56,1
CXB,DAC,311,1.39,3
CXR,DAD,463,1.58,1
CXR,HAN,1088,2.36,2
CXR,SGN,309,1.39,3
CYP,MNL,468,1.58,1
CYX,YKS,1612,3.02,2
CYZ,MNL,280,1.35,1
CZX,CAN,1142,2.43,3
CZX,CKG,1277,2.6,2
CZX,CSX,755,1.94,1
CZX,CTU,1511,2.89,3
CZX,DLC,799,2.0,1
CZX,DYG,947,2.18,1
CZX,FOC,666,1.83,2
CZX,HRB,1622,3.03,3
CZX,KMG,1810,3.26,2
CZX,KWL,1207,2.51,1
CZX,NAY,926,2.16,2
CZX,PEK,952,2.19,3
CZX,SHE,1130,2.41,3
CZX,SZX,1188,2.49,4
CZX,TYN,919,2.15,2
CZX,XIY,1063,2.33,1
CZX,XMN,836,2.04,2
CZX,ZUH,1271,2.59,1
DAC,AUH,3618,5.52,1
DAC,BKK,1568,2.96,6
DAC,BOM,1888,3.36,1
DAC,BZL,116,1.15,1
DAC,CAN,2331,3.91,1
DAC,CCU,239,1.3,5
DAC,CGP,229,1.29,4
DAC,CMB,2166,3.71,2
DAC,CXB,311,1.39,3
DAC,DEL,1425,2.78,3
DAC,DMM,4080,6.1,2
DAC,DXB,3537,5.42,3
DAC,HKG,2409,4.01,3
DAC,JED,5231,7.54,3
DAC,JSR,146,1.18,3
DAC,KHI,2354,3.94,1
DAC,KMG,1275,2.59,1
DAC,KTM,662,1.83,4
DAC,KUL,2642,4.3,5
DAC,KWI,4241,6.3,2
DAC,MAA,1617,3.02,1
DAC,MCT,3262,5.08,2
DAC,PBH,408,1.51,1
DAC,RGN,975,2.22,1
DAC,RUH,4408,6.51,1
DAC,SHJ,3521,5.4,1
DAC,SIN,2898,4.62,4
DAC,SPD,261,1.33,1
DAC,ZYL,194,1.24,3
DAD,BMV,375,1.47,1
DAD,CAN,976,2.22,2
DAD,CTU,1673,3.09,1
DAD,CXR,463,1.58,1
DAD,DLI,478,1.6,1
DAD,HAN,628,1.79,3
DAD,HGH,2010,3.51,1
DAD,HKG,919,2.15,2
DAD,HPH,553,1.69,1
DAD,ICN,2981,4.73,3
DAD,KMG,1147,2.43,1
DAD,MFM,884,2.1,1
DAD,PVG,2173,3.72,1
DAD,PXU,228,1.28,1
DAD,REP,555,1.69,4
DAD,SGN,605,1.76,3
DAD,SIN,1698,3.12,3
DAD,VII,402,1.5,1
DAD,WNZ,1853,3.32,1
DAD,XMN,1401,2.75,1
DAT,CIH,425,1.53,1
DAT,NAY,250,1.31,2
DAT,PEK,264,1.33,2
DAT,PVG,1243,2.55,1
DAT,SHE,859,2.07,1
DAT,TYN,268,1.33,3
DAT,XIY,751,1.94,1
DAX,CAN,1037,2.3,2
DAX,KMG,802,2.0,2
DAX,PEK,1293,2.62,2
DAX,PVG,1367,2.71,1
DAX,SZX,1136,2.42,2
DBA,KHI,520,1.65,1
DCY,CTU,400,1.5,4
DDG,PEK,655,1.82,2
DDG,PVG,1013,2.27,1
DDG,TAO,540,1.68,2
DEA,KHI,651,1.81,1
DEA,SHJ,1560,2.95,1
DED,DEL,208,1.26,4
DED,LKO,464,1.58,1
DEL,ALA,1644,3.06,1
DEL,AMD,757,1.95,6
DEL,AMM,3945,5.93,1
DEL,ASB,2027,3.53,1
DEL,ATQ,414,1.52,4
DEL,AUH,2277,3.85,3
DEL,BAH,2620,4.28,2
DEL,BBI,1278,2.6,2
DEL,BDQ,794,1.99,2
DEL,BHO,587,1.73,3
DEL,BKK,2948,4.69,4
DEL,BLR,1710,3.14,6
DEL,BOM,1138,2.42,6
DEL,CAN,3650,5.56,1
DEL,CCU,1313,2.64,6
DEL,CJB,1950,3.44,1
DEL,CMB,2396,4.0,3
DEL,COK,2049,3.56,2
DEL,DAC,1425,2.78,3
DEL,DED,208,1.26,4
DEL,DHM,408,1.51,2
DEL,DIB,1761,3.2,1
DEL,DMM,2697,4.37,3
DEL,DXB,2184,3.73,5
DEL,DYU,1347,2.68,1
DEL,GAU,1456,2.82,6
DEL,GOI,1504,2.88,3
DEL,GOP,657,1.82,2
DEL,HEA,1543,2.93,1
DEL,HKG,3746,5.68,5
DEL,ICN,4652,6.82,2
DEL,IDR,663,1.83,5
DEL,IKA,2554,4.19,1
DEL,IXB,1125,2.41,6
DEL,IXC,236,1.29,4
DEL,IXD,576,1.72,1
DEL,IXJ,507,1.63,6
DEL,IXL,621,1.78,4
DEL,IXR,1008,2.26,5
DEL,IXU,983,2.23,2
DEL,JAI,232,1.29,4
DEL,JDH,476,1.59,3
DEL,JED,3880,5.85,2
DEL,JLR,668,1.83,2
DEL,KBL,1001,2.25,5
DEL,KDH,1131,2.41,1
DEL,KHI,1067,2.33,1
DEL,KTM,815,2.02,5
DEL,KUL,3877,5.85,3
DEL,KUU,368,1.46,1
DEL,KWI,2830,4.54,1
DEL,LHE,419,1.52,1
DEL,LKO,423,1.53,6
DEL,LUH,278,1.35,1
DEL,MAA,1761,3.2,5
DEL,MCT,1957,3.45,2
DEL,NAG,854,2.07,3
DEL,NRT,5909,8.39,3
DEL,PAT,857,2.07,5
DEL,PEK,3809,5.76,1
DEL,PNQ,1156,2.45,6
DEL,PVG,4291,6.36,2
DEL,RPR,945,2.18,3
DEL,RUH,3037,4.8,2
DEL,SHJ,2167,3.71,1
DEL,SIN,4159,6.2,4
DEL,STV,938,2.17,2
DEL,SXR,642,1.8,6
DEL,TAS,1580,2.98,1
DEL,TPE,4372,6.46,2
DEL,UDR,543,1.68,4
DEL,VNS,667,1.83,5
DEL,VTZ,1358,2.7,1
DGT,CEB,131,1.16,1
DGT,MNL,627,1.78,3
DHI,KTM,483,1.6,1
DHM,DEL,408,1.51,2
DIB,CCU,852,2.06,2
DIB,DMU,217,1.27,1
DIB,GAU,373,1.47,3
DIG,CAN,1450,2.81,1
DIG,CTU,517,1.65,1
DIG,JHG,656,1.82,1
DIG,KMG,441,1.55,3
DIG,LXA,872,2.09,1
DIL,DPS,1139,2.42,1
DIL,SIN,2628,4.29,1
DIN,HAN,291,1.36,1
DIU,PBD,167,1.21,2
DJB,BTH,311,1.39,2
DJB,CGK,600,1.75,4
DJJ,BIK,514,1.64,2
DJJ,CGK,3774,5.72,2
DJJ,MKQ,661,1.83,3
DJJ,MKW,743,1.93,2
DJJ,NBX,564,1.71,1
DJJ,TIM,457,1.57,2
DJJ,UPG,2342,3.93,3
DJJ,WMX,242,1.3,1
DLC,CAN,1899,3.37,1
DLC,CGO,845,2.06,6
DLC,CHG,301,1.38,1
DLC,CIF,426,1.53,1
DLC,CJU,752,1.94,1
DLC,CKG,1707,3.13,1
DLC,CSX,1423,2.78,1
DLC,CZX,799,2.0,1
DLC,DOY,290,1.36,1
DLC,FOC,1459,2.82,1
DLC,FUG,854,2.07,1
DLC,FUK,997,2.25,2
DLC,HDG,681,1.85,1
DLC,HET,854,2.07,1
DLC,HFE,886,2.11,3
DLC,HGH,977,2.22,10
DLC,HIA,615,1.77,1
DLC,HIJ,1132,2.42,2
DLC,HKG,1989,3.49,2
DLC,HRB,835,2.04,3
DLC,ICN,460,1.57,4
DLC,JMU,1137,2.42,1
DLC,JNG,615,1.77,1
DLC,KHN,1237,2.55,1
DLC,KIX,1320,2.65,3
DLC,KMG,2327,3.91,1
DLC,LDS,1148,2.44,1
DLC,LYA,939,2.17,1
DLC,LYG,543,1.68,2
DLC,LYI,517,1.65,1
DLC,MDG,908,2.13,1
DLC,NGB,1016,2.27,4
DLC,NGO,1430,2.79,1
DLC,NKG,839,2.05,5
DLC,NRT,1700,3.12,5
DLC,PEK,443,1.55,6
DLC,PVG,870,2.09,7
DLC,SHP,191,1.24,1
DLC,SJW,599,1.75,2
DLC,SZX,1958,3.45,3
DLC,TAO,317,1.4,5
DLC,TNA,446,1.56,6
DLC,TOY,1397,2.75,1
DLC,TPE,1545,2.93,4
DLC,TSN,363,1.45,8
DLC,TXN,1070,2.34,1
DLC,TYN,788,1.98,4
DLC,WEF,334,1.42,1
DLC,WUH,1128,2.41,4
DLC,WUX,837,2.05,2
DLC,XIY,1244,2.55,5
DLC,XMN,1635,3.04,1
DLC,XUZ,651,1.81,1
DLC,YNJ,794,1.99,1
DLC,YNT,175,1.22,1
DLC,YNZ,628,1.79,1
DLC,YTY,731,1.91,1
DLI,DAD,478,1.6,1
DLI,HAN,1088,2.36,2
DLI,SGN,214,1.27,2
DLU,CTU,653,1.82,1
DLU,JHG,411,1.51,2
DLU,KMG,269,1.34,3
DLU,KWE,655,1.82,1
DMB,ALA,469,1.59,1
DMB,SVX,1714,3.14,1
DMB,TSE,908,2.13,1
DMK,BFV,320,1.4,1
DMK,CAN,1701,3.13,2
DMK,CEI,676,1.84,2
DMK,CGK,2326,3.91,1
DMK,CJM,381,1.48,1
DMK,CKG,1864,3.33,1
DMK,CNX,568,1.71,2
DMK,CSX,2054,3.57,2
DMK,DPS,2988,4.73,1
DMK,HAN,982,2.23,1
DMK,HDY,776,1.97,2
DMK,HGH,2724,4.4,1
DMK,HKG,1686,3.11,1
DMK,HKT,692,1.86,4
DMK,KBV,670,1.84,2
DMK,KHN,2291,3.86,1
DMK,KKC,368,1.46,1
DMK,KMG,1268,2.58,1
DMK,KOP,579,1.72,2
DMK,KUL,1248,2.56,3
DMK,LOE,410,1.51,1
DMK,MAA,2212,3.77,1
DMK,MAQ,381,1.48,1
DMK,MDL,995,2.24,1
DMK,MFM,1649,3.06,1
DMK,NAW,831,2.04,1
DMK,NGB,2777,4.47,1
DMK,NNT,545,1.68,1
DMK,NST,602,1.75,2
DMK,PEN,959,2.2,1
DMK,PHS,321,1.4,2
DMK,PNH,529,1.66,1
DMK,PRH,472,1.59,1
DMK,REP,351,1.44,1
DMK,RGN,584,1.73,2
DMK,ROI,419,1.52,1
DMK,SGN,741,1.93,1
DMK,SIN,1446,2.81,1
DMK,SNO,524,1.66,1
DMK,SUB,2723,4.4,1
DMK,SZX,1697,3.12,1
DMK,TST,720,1.9,2
DMK,UBP,482,1.6,2
DMK,UNN,510,1.64,1
DMK,URT,555,1.69,2
DMK,UTH,451,1.56,2
DMK,WUH,2335,3.92,1
DMK,XIY,2426,4.03,1
DMM,ABT,1079,2.35,1
DMM,ADE,1596,3.0,1
DMM,AHB,1173,2.47,1
DMM,AMM,1461,2.83,1
DMM,AUH,537,1.67,3
DMM,BAH,86,1.11,2
DMM,BEY,1598,3.0,1
DMM,BHH,1028,2.29,1
DMM,BLR,3260,5.08,1
DMM,BOM,2499,4.12,2
DMM,CCJ,3227,5.03,2
DMM,CMB,3835,5.79,3
DMM,COK,3331,5.16,2
DMM,DAC,4080,6.1,1
DMM,DEL,2697,4.37,3
DMM,DWC,565,1.71,1
DMM,DXB,573,1.72,4
DMM,EAM,1130,2.41,1
DMM,ELQ,600,1.75,1
DMM,GIZ,1298,2.62,1
DMM,HAS,811,2.01,1
DMM,IXE,3016,4.77,1
DMM,JED,1204,2.5,2
DMM,KHI,1747,3.18,2
DMM,KWI,355,1.44,6
DMM,LHE,2452,4.06,2
DMM,MAA,3501,5.38,1
DMM,MCT,913,2.14,1
DMM,MED,1035,2.29,2
DMM,MHD,1431,2.79,2
DMM,MNL,7451,10.31,2
DMM,RUH,353,1.44,3
DMM,SHJ,586,1.73,1
DMM,SKT,2465,4.08,1
DMM,TAI,1539,2.92,1
DMM,TIF,1091,2.36,2
DMM,TRV,3489,5.36,1
DMM,TUU,1317,2.65,1
DMM,YNB,1207,2.51,1
DMU,CCU,648,1.81,1
DMU,DIB,217,1.27,1
DNH,HGH,2565,4.21,1
DNH,LHW,868,2.08,2
DNH,URC,735,1.92,2
DNH,XIY,1385,2.73,2
DOY,CAN,1655,3.07,1
DOY,CKG,1417,2.77,1
DOY,DLC,290,1.36,1
DOY,HRB,1094,2.37,1
DOY,PEK,344,1.43,1
DOY,PVG,760,1.95,1
DPL,CEB,202,1.25,1
DPL,DVO,302,1.38,1
DPL,MNL,704,1.88,2
DPS,BDO,861,2.08,4
DPS,BKI,1636,3.04,1
DPS,BKK,2959,4.7,1
DPS,BMU,388,1.48,2
DPS,BPN,853,2.07,1
DPS,BTH,1644,3.06,1
DPS,CAN,3580,5.47,1
DPS,CGK,983,2.23,7
DPS,DIL,1139,2.42,1
DPS,DMK,2988,4.73,1
DPS,HKG,3456,5.32,5
DPS,HND,5561,7.95,2
DPS,ICN,5272,7.59,3
DPS,JOG,532,1.67,3
DPS,KIX,5246,7.56,2
DPS,KOE,946,2.18,2
DPS,KUL,1964,3.46,4
DPS,LBJ,520,1.65,2
DPS,LOP,122,1.15,2
DPS,MLG,285,1.36,1
DPS,MNL,2665,4.33,2
DPS,MOF,777,1.97,1
DPS,NRT,5611,8.01,2
DPS,PLM,1328,2.66,1
DPS,PVG,4492,6.62,1
DPS,SIN,1672,3.09,10
DPS,SRG,564,1.71,2
DPS,SUB,303,1.38,4
DPS,SZX,3493,5.37,1
DPS,TIM,2444,4.05,1
DPS,TMC,454,1.57,2
DPS,TPE,3818,5.77,3
DPS,UPG,634,1.79,3
DPS,WGP,573,1.72,1
DQA,PEK,1012,2.26,3
DQA,TAO,1230,2.54,2
DSK,PEW,239,1.3,1
DSK,PZH,149,1.19,1
DSN,CGO,656,1.82,2
DSN,CKG,1125,2.41,1
DSN,CSX,1294,2.62,1
DSN,CTU,1127,2.41,1
DSN,HET,225,1.28,1
DSN,HGH,1409,2.76,1
DSN,HRB,1502,2.88,1
DSN,KMG,1726,3.16,1
DSN,NAY,560,1.7,2
DSN,NKG,1184,2.48,1
DSN,PEK,578,1.72,2
DSN,SHE,1174,2.47,1
DSN,SJW,440,1.55,1
DSN,TSN,645,1.81,1
DSN,TYN,309,1.39,2
DSN,URC,1916,3.4,1
DSN,WUH,1045,2.31,1
DSN,XIY,569,1.71,3
DVO,BCD,498,1.62,1
DVO,CEB,398,1.5,3
DVO,DPL,302,1.38,1
DVO,ILO,538,1.67,1
DVO,MNL,964,2.21,3
DVO,PPS,811,2.01,1
DVO,SIN,2484,4.11,2
DVO,ZAM,396,1.5,1
DWC,AMD,1785,3.23,1
DWC,AMM,2020,3.52,1
DWC,BAH,479,1.6,2
DWC,BEY,2144,3.68,1
DWC,CEK,3421,5.28,1
DWC,CGP,3736,5.67,1
DWC,CMB,3284,5.11,1
DWC,DMM,565,1.71,1
DWC,JED,1672,3.09,1
DWC,KBL,1728,3.16,1
DWC,KTM,3019,4.77,1
DWC,KUL,5556,7.95,1
DWC,KWI,859,2.07,2
DWC,MCT,348,1.44,1
DWC,MNL,6929,9.66,2
DWC,OMS,3660,5.58,1
DWC,OVB,4033,6.04,1
DWC,PEE,3672,5.59,1
DWC,RUH,853,2.07,1
DWC,SVX,3570,5.46,3
DWC,TJM,3682,5.6,1
DWC,UFA,3299,5.12,1
DXB,ADE,1756,3.19,2
DXB,AHB,1525,2.91,1
DXB,AMD,1767,3.21,2
DXB,AMM,2022,3.53,4
DXB,ASB,1444,2.8,2
DXB,AWZ,935,2.17,1
DXB,AZI,129,1.16,1
DXB,BAH,487,1.61,4
DXB,BDH,152,1.19,1
DXB,BEY,2141,3.68,2
DXB,BGW,1398,2.75,2
DXB,BKK,4904,7.13,3
DXB,BLR,2695,4.37,1
DXB,BND,241,1.3,2
DXB,BOM,1926,3.41,4
DXB,BSR,959,2.2,2
DXB,BUZ,608,1.76,1
DXB,BWN,6721,9.4,1
DXB,CAN,5827,8.28,2
DXB,CCJ,2675,4.34,3
DXB,CCU,3366,5.21,1
DXB,CGK,6547,9.18,2
DXB,CGP,3714,5.64,1
DXB,CMB,3288,5.11,3
DXB,COK,2783,4.48,4
DXB,DAC,3537,5.42,3
DXB,DEL,2184,3.73,5
DXB,DMM,573,1.72,4
DXB,DYU,1944,3.43,2
DXB,EBL,1634,3.04,2
DXB,ELQ,1166,2.46,1
DXB,EVN,1945,3.43,1
DXB,FRU,2635,4.29,1
DXB,GOI,2213,3.77,1
DXB,GYD,1762,3.2,2
DXB,HAS,1384,2.73,1
DXB,HKG,5920,8.4,2
DXB,HKT,4927,7.16,1
DXB,HND,7935,10.92,2
DXB,ICN,6729,9.41,2
DXB,IFN,900,2.12,1
DXB,IKA,1200,2.5,4
DXB,ISU,1496,2.87,1
DXB,IXE,2460,4.08,2
DXB,JED,1699,3.12,5
DXB,KBL,1686,3.11,5
DXB,KDH,1238,2.55,1
DXB,KHI,1188,2.49,4
DXB,KIH,198,1.25,1
DXB,KIX,7577,10.47,2
DXB,KJA,4548,6.68,1
DXB,KMG,4760,6.95,1
DXB,KTM,2991,4.74,1
DXB,KUL,5549,7.94,3
DXB,KWI,854,2.07,4
DXB,LCA,2343,3.93,1
DXB,LHE,1985,3.48,3
DXB,LKO,2552,4.19,1
DXB,LRR,286,1.36,1
DXB,MAA,2933,4.67,2
DXB,MCT,348,1.44,4
DXB,MED,1580,2.98,3
DXB,MHD,1287,2.61,1
DXB,MNL,6906,9.63,3
DXB,MUX,1671,3.09,2
DXB,NJF,1305,2.63,1
DXB,NRT,7979,10.97,2
DXB,OVB,3988,5.99,1
DXB,PEK,5845,8.31,2
DXB,PEW,1835,3.29,2
DXB,PVG,6448,9.06,1
DXB,RIY,1333,2.67,1
DXB,RUH,873,2.09,4
DXB,SAH,1589,2.99,3
DXB,SGN,5619,8.02,1
DXB,SIN,5847,8.31,5
DXB,SKT,2015,3.52,2
DXB,SLL,923,2.15,2
DXB,SVX,3529,5.41,1
DXB,SYZ,550,1.69,1
DXB,TAS,2194,3.74,1
DXB,TBS,2061,3.58,1
DXB,TBZ,1670,3.09,1
DXB,TIF,1569,2.96,1
DXB,TPE,6555,9.19,1
DXB,TRV,2947,4.68,3
DXB,TUU,1890,3.36,1
DXB,XSB,301,1.38,1
DXB,YNB,1751,3.19,1
DXB,ZAH,721,1.9,1
DXB,ZBR,505,1.63,1
DXB,ZYL,3664,5.58,1
DYG,CAN,696,1.87,1
DYG,CKG,374,1.47,2
DYG,CSX,289,1.36,2
DYG,CZX,947,2.18,1
DYG,NKG,859,2.07,2
DYG,PEK,1343,2.68,3
DYG,PVG,1116,2.4,3
DYG,SZX,794,1.99,1
DYG,TPE,1157,2.45,2
DYG,TSN,1282,2.6,1
DYG,TYN,982,2.23,1
DYG,XIY,615,1.77,2
DYR,KHV,3074,4.84,1
DYU,ALA,872,2.09,3
DYU,CEK,1942,3.43,2
DYU,DEL,1347,2.68,1
DYU,DXB,1944,3.43,2
DYU,FRU,692,1.86,2
DYU,IKA,1605,3.01,2
DYU,IKT,3124,4.9,2
DYU,KJA,2623,4.28,3
DYU,MHD,851,2.06,1
DYU,OMS,1857,3.32,1
DYU,OVB,2104,3.63,2
DYU,REN,1802,3.25,1
DYU,SGC,2555,4.19,1
DYU,SHJ,1928,3.41,1
DYU,SVX,2108,3.63,3
DYU,UFA,2030,3.54,1
DYU,URC,1665,3.08,3
DZN,ALA,871,2.09,1
DZN,TSE,457,1.57,1
EAM,DMM,1130,2.41,1
EAM,JED,713,1.89,1
EAM,RUH,850,2.06,1
EBL,AMM,889,2.11,3
EBL,AUH,1663,3.08,1
EBL,BEY,817,2.02,2
EBL,DXB,1634,3.04,2
EBL,IKA,654,1.82,1
EBL,SHJ,1637,3.05,1
EBL,TBS,610,1.76,1
EJH,JED,572,1.71,1
ELQ,DMM,600,1.75,1
ELQ,DXB,1166,2.46,1
ELQ,JED,696,1.87,1
ELQ,MED,453,1.57,1
ELQ,RUH,329,1.41,1
ELQ,SHJ,1180,2.48,1
ENE,KOE,265,1.33,2
ENE,LBJ,199,1.25,2
ENH,WUH,455,1.57,4
ENY,CKG,815,2.02,1
ENY,NAY,692,1.86,2
ENY,PEK,722,1.9,1
ENY,XIY,254,1.32,1
ETH,HFA,361,1.45,1
ETH,SDV,284,1.35,2
ETH,TLV,273,1.34,2
EVN,BEY,1058,2.32,1
EVN,CEK,2104,3.63,1
EVN,DXB,1945,3.43,1
EVN,IKA,793,1.99,1
EVN,KJA,3885,5.86,1
EVN,OMS,2692,4.37,1
EVN,OVB,3254,5.07,1
EVN,SCO,690,1.86,1
EVN,SHJ,1945,3.43,1
EVN,SVX,2194,3.74,2
EVN,TJM,2419,4.02,1
EYK,NYA,184,1.23,1
EYK,OVS,307,1.38,1
EYK,SVX,837,2.05,1
FEG,OVB,1818,3.27,1
FEG,TAS,230,1.29,1
FJR,AZI,203,1.25,1
FKQ,KNG,178,1.22,1
FKQ,MKW,300,1.38,1
FKQ,SOQ,250,1.31,1
FKS,CTS,626,1.78,2
FKS,ITM,525,1.66,2
FNJ,KUL,4725,6.91,1
FNJ,PEK,783,1.98,2
FNJ,SHE,326,1.41,1
FNJ,VVO,713,1.89,1
FOC,BKK,2397,4.0,2
FOC,CAN,702,1.88,3
FOC,CGK,3832,5.79,2
FOC,CGO,1106,2.38,4
FOC,CGQ,2080,3.6,1
FOC,CJU,1069,2.34,1
FOC,CKG,1347,2.68,3
FOC,CSX,685,1.86,6
FOC,CTU,1622,3.03,4
FOC,CZX,666,1.83,2
FOC,DLC,1459,2.82,1
FOC,HAK,1154,2.44,5
FOC,HFE,689,1.86,3
FOC,HGH,483,1.6,2
FOC,HIA,875,2.09,1
FOC,HKG,709,1.89,4
FOC,HRB,2266,3.83,2
FOC,JDZ,451,1.56,2
FOC,KHH,380,1.48,3
FOC,KIX,1767,3.21,2
FOC,KMG,1681,3.1,3
FOC,KUL,3213,5.02,3
FOC,KWE,1284,2.6,3
FOC,KWL,968,2.21,4
FOC,LYG,963,2.2,1
FOC,MFM,746,1.93,2
FOC,NKG,650,1.81,8
FOC,NNG,1222,2.53,4
FOC,PEK,1599,3.0,5
FOC,PVG,616,1.77,2
FOC,RMQ,209,1.26,1
FOC,SGN,2167,3.71,1
FOC,SHA,608,1.76,4
FOC,SIN,3207,5.01,2
FOC,SYX,1354,2.69,3
FOC,SZX,697,1.87,4
FOC,TAO,1151,2.44,3
FOC,TNA,1236,2.54,5
FOC,TPE,184,1.23,2
FOC,TSA,213,1.27,3
FOC,TSN,1482,2.85,1
FOC,TYN,1471,2.84,1
FOC,WUH,758,1.95,3
FOC,WUX,623,1.78,2
FOC,XIY,1411,2.76,5
FOC,XUZ,926,2.16,1
FOC,ZUH,774,1.97,4
FRU,ALA,210,1.26,2
FRU,CEK,1650,3.06,1
FRU,DXB,2635,4.29,1
FRU,DYU,692,1.86,2
FRU,IKT,2440,4.05,1
FRU,KJA,1940,3.42,2
FRU,OSS,306,1.38,3
FRU,OVB,1454,2.82,4
FRU,SGC,2034,3.54,2
FRU,SVX,1802,3.25,4
FRU,TAS,473,1.59,2
FRU,TSE,914,2.14,1
FRU,ULN,2554,4.19,1
FRU,URC,1052,2.31,3
FUG,CAN,1082,2.35,1
FUG,DLC,854,2.07,1
FUG,HGH,534,1.67,1
FUG,PEK,804,2.0,2
FUG,SHA,560,1.7,2
FUG,TSN,709,1.89,1
FUG,WNZ,739,1.92,1
FUG,XIY,669,1.84,1
FUG,XMN,956,2.2,1
FUJ,FUK,182,1.23,2
FUJ,NGS,105,1.13,2
FUK,BKK,3725,5.66,2
FUK,CAN,2019,3.52,1
FUK,CJU,367,1.46,2
FUK,CTS,1415,2.77,3
FUK,DLC,997,2.25,2
FUK,FUJ,182,1.23,2
FUK,HAN,2783,4.48,2
FUK,HKG,2047,3.56,3
FUK,HNA,1154,2.44,1
FUK,HND,881,2.1,4
FUK,IBR,953,2.19,1
FUK,ICN,563,1.7,7
FUK,ISG,1186,2.48,1
FUK,ITM,478,1.6,3
FUK,KIJ,920,2.15,2
FUK,KIX,452,1.56,3
FUK,KMI,212,1.27,2
FUK,KMQ,626,1.78,2
FUK,MFM,2084,3.6,1
FUK,MMJ,739,1.92,1
FUK,MNL,2324,3.9,1
FUK,NGO,601,1.75,3
FUK,NRT,940,2.17,4
FUK,OKA,865,2.08,3
FUK,PUS,225,1.28,3
FUK,PVG,856,2.07,3
FUK,SDJ,1070,2.34,4
FUK,SGN,3504,5.38,2
FUK,SHE,1085,2.36,1
FUK,SIN,4521,6.65,2
FUK,TAO,965,2.21,2
FUK,TPE,1300,2.62,5
FUK,TSJ,129,1.16,1
FUO,NAY,1883,3.35,2
GAJ,HND,322,1.4,1
GAJ,ITM,597,1.75,1
GAJ,NKM,466,1.58,1
GAU,AJL,273,1.34,2
GAU,BKK,1680,3.1,1
GAU,BLR,2039,3.55,1
GAU,BOM,2071,3.59,1
GAU,CCU,498,1.62,6
GAU,DEL,1456,2.82,6
GAU,DIB,373,1.47,2
GAU,IMF,276,1.34,4
GAU,IXA,249,1.31,2
GAU,IXB,331,1.41,2
GAU,IXS,193,1.24,3
GAU,PBH,259,1.32,1
GBT,MED,1960,3.45,1
GBT,MHD,474,1.59,1
GBT,THR,308,1.39,2
GBT,ZAH,1024,2.28,2
GDX,IKT,2929,4.66,1
GDX,KHV,1611,3.01,3
GDX,YKS,1150,2.44,1
GES,CEB,488,1.61,1
GES,ILO,603,1.75,1
GES,MNL,1040,2.3,3
GIU,CMB,127,1.16,1
GIU,TRR,82,1.1,1
GIZ,DMM,1298,2.62,1
GIZ,JED,642,1.8,2
GIZ,MED,902,2.13,1
GIZ,RUH,992,2.24,2
GMP,CJU,451,1.56,6
GMP,HIN,298,1.37,1
GMP,HND,1180,2.48,4
GMP,KIX,836,2.04,5
GMP,KPO,292,1.36,2
GMP,KWJ,271,1.34,2
GMP,NGO,947,2.18,1
GMP,PEK,927,2.16,4
GMP,PUS,327,1.41,2
GMP,RSU,311,1.39,2
GMP,SHA,866,2.08,4
GMP,TSA,1474,2.84,4
GMP,USN,316,1.4,2
GOI,AMD,865,2.08,1
GOI,BLR,483,1.6,6
GOI,BOM,425,1.53,6
GOI,DEL,1504,2.88,3
GOI,DXB,2213,3.77,1
GOI,KWI,3063,4.83,1
GOI,MAA,733,1.92,4
GOI,PNQ,356,1.45,2
GOI,SHJ,2203,3.75,1
GOP,DEL,657,1.82,2
GOQ,XIY,1283,2.6,1
GOQ,XNN,649,1.81,1
GTO,MDC,252,1.31,1
GTO,UPG,732,1.92,3
GUW,ALA,2009,3.51,2
GUW,SCO,367,1.46,2
GUW,TSE,1490,2.86,2
GUW,URA,448,1.56,1
GWD,KHI,488,1.61,1
GWD,MCT,448,1.56,1
GWD,TUK,109,1.14,1
GWL,BOM,971,2.21,1
GXF,ADE,534,1.67,1
GXF,AUH,1122,2.4,1
GXF,JED,1196,2.5,1
GXF,SAH,492,1.61,2
GXH,LXA,1263,2.58,1
GXH,XIY,560,1.7,1
GYD,ALA,2247,3.81,1
GYD,ASB,767,1.96,2
GYD,DXB,1762,3.2,2
GYD,IKA,570,1.71,2
GYD,KBL,1809,3.26,1
GYD,KJA,3515,5.39,1
GYD,KVD,316,1.4,1
GYD,OMS,2352,3.94,1
GYD,OVB,2885,4.61,2
GYD,PEK,5503,7.88,1
GYD,SCO,387,1.48,2
GYD,SVX,1970,3.46,2
GYD,TAS,1617,3.02,1
GYD,TBS,447,1.56,2
GYD,TBZ,418,1.52,1
GYD,TLV,1649,3.06,1
GYD,TSE,2023,3.53,1
GYD,UFA,1625,3.03,1
GYD,URC,3081,4.85,1
GYS,CAN,1248,2.56,2
GYS,HGH,1419,2.77,2
GYS,PEK,1296,2.62,2
GYS,SZX,1346,2.68,2
HAC,HND,271,1.34,1
HAK,AQG,1356,2.7,1
HAK,BHY,216,1.27,1
HAK,CAN,484,1.6,5
HAK,CGD,1006,2.26,1
HAK,CGO,1656,3.07,5
HAK,CIH,1832,3.29,1
HAK,CKG,1154,2.44,5
HAK,CSX,960,2.2,4
HAK,CTU,1352,2.69,5
HAK,FOC,1154,2.44,5
HAK,HFE,1483,2.85,1
HAK,HGH,1521,2.9,7
HAK,HKG,445,1.56,4
HAK,KHN,1135,2.42,3
HAK,KMG,963,2.2,4
HAK,KWE,824,2.03,3
HAK,KWL,589,1.74,3
HAK,LZO,1116,2.4,1
HAK,NGB,1561,2.95,2
HAK,NKG,1558,2.95,5
HAK,NNG,380,1.48,4
HAK,PEK,2315,3.89,5
HAK,PVG,1686,3.11,5
HAK,SHA,1659,3.07,1
HAK,SIN,2183,3.73,3
HAK,SWA,742,1.93,1
HAK,SZX,459,1.57,4
HAK,TPE,1245,2.56,2
HAK,TSN,2234,3.79,2
HAK,TXN,1343,2.68,1
HAK,TYN,1992,3.49,1
HAK,WNZ,1378,2.72,1
HAK,WUH,1264,2.58,3
HAK,XIY,1622,3.03,1
HAK,XMN,941,2.18,3
HAK,ZHA,143,1.18,1
HAK,ZUH,380,1.48,3
HAK,ZYI,921,2.15,1
HAN,BKK,995,2.24,4
HAN,BMV,982,2.23,2
HAN,CAN,808,2.01,2
HAN,CTU,1057,2.32,1
HAN,CXR,1088,2.36,2
HAN,DAD,628,1.79,3
HAN,DIN,291,1.36,1
HAN,DLI,1088,2.36,2
HAN,DMK,982,2.23,1
HAN,FUK,2783,4.48,2
HAN,HKG,846,2.06,4
HAN,HND,3661,5.58,1
HAN,HUI,572,1.71,2
HAN,ICN,2684,4.36,3
HAN,KHH,1507,2.88,2
HAN,KIX,3229,5.04,2
HAN,KUL,2102,3.63,3
HAN,LPQ,407,1.51,2
HAN,MFM,811,2.01,1
HAN,MNL,1773,3.22,1
HAN,NGO,3380,5.22,2
HAN,NNG,289,1.36,1
HAN,NRT,3720,5.65,3
HAN,PEK,2332,3.92,2
HAN,PNH,1081,2.35,2
HAN,PQC,1244,2.55,1
HAN,PUS,2736,4.42,2
HAN,PVG,1937,3.42,2
HAN,PXU,836,2.04,1
HAN,REP,894,2.12,3
HAN,RGN,1124,2.41,1
HAN,RMQ,1556,2.95,1
HAN,SGN,1160,2.45,3
HAN,SIN,2218,3.77,4
HAN,TBB,983,2.23,1
HAN,TPE,1633,3.04,3
HAN,UIH,878,2.1,1
HAN,VCA,1238,2.55,1
HAN,VCL,716,1.9,1
HAN,VDH,420,1.52,1
HAN,VII,277,1.35,1
HAN,VTE,495,1.62,2
HAS,DMM,811,2.01,1
HAS,DXB,1384,2.73,1
HAS,JED,689,1.86,1
HAS,RUH,571,1.71,1
HAS,SHJ,1397,2.75,1
HBX,BLR,371,1.46,1
HBX,BOM,477,1.6,1
HDG,CAN,1464,2.83,1
HDG,CKG,1047,2.31,1
HDG,CTU,1174,2.47,1
HDG,DLC,681,1.85,1
HDG,PVG,907,2.13,1
HDG,SHA,870,2.09,1
HDM,MHD,1014,2.27,1
HDY,BKK,751,1.94,1
HDY,CNX,1325,2.66,1
HDY,DMK,776,1.97,2
HDY,KUL,488,1.61,1
HDY,SIN,738,1.92,1
HEA,DEL,1543,2.93,1
HEA,KBL,642,1.8,3
HEA,MHD,325,1.41,1
HEH,MDL,136,1.17,3
HEH,RGN,433,1.54,3
HEH,THL,328,1.41,1
HEK,HRB,512,1.64,2
HEK,OHE,455,1.57,1
HET,CAN,1946,3.43,4
HET,CGO,726,1.91,3
HET,CGQ,1189,2.49,1
HET,CIF,609,1.76,3
HET,CKG,1324,2.66,1
HET,CSX,1414,2.77,3
HET,CTU,1344,2.68,3
HET,DLC,854,2.07,1
HET,DSN,225,1.28,1
HET,HGH,1413,2.77,4
HET,HLD,1120,2.4,5
HET,HLH,1012,2.26,2
HET,HRB,1281,2.6,2
HET,KHN,1383,2.73,1
HET,NAY,405,1.51,2
HET,NKG,1192,2.49,3
HET,NZH,1060,2.33,1
HET,PEK,412,1.52,4
HET,PVG,1402,2.75,2
HET,RLK,343,1.43,1
HET,SHA,1371,2.71,2
HET,SHE,978,2.22,3
HET,SJW,377,1.47,2
HET,TAO,901,2.13,1
HET,TGO,905,2.13,3
HET,TNA,644,1.81,4
HET,TPE,1958,3.45,2
HET,TSN,508,1.64,6
HET,TYN,352,1.44,2
HET,URC,2021,3.53,1
HET,WUA,442,1.55,2
HET,WUH,1140,2.42,3
HET,XIL,481,1.6,3
HET,XIY,762,1.95,3
HFA,ETH,361,1.45,1
HFA,SDV,81,1.1,1
HFE,CAN,1012,2.26,5
HFE,CGO,443,1.55,1
HFE,CGQ,1543,2.93,1
HFE,CKG,1043,2.3,2
HFE,CSX,560,1.7,3
HFE,CTU,1276,2.59,4
HFE,DLC,886,2.11,3
HFE,FOC,689,1.86,3
HFE,HAK,1483,2.85,1
HFE,HKG,1105,2.38,1
HFE,HRB,1722,3.15,2
HFE,ICN,1049,2.31,2
HFE,KHH,1067,2.33,1
HFE,KMG,1587,2.98,4
HFE,KWE,1173,2.47,2
HFE,KWL,1017,2.27,1
HFE,LHW,1363,2.7,1
HFE,LJG,1747,3.18,1
HFE,MFM,1132,2.42,2
HFE,NNG,1361,2.7,1
HFE,PEK,925,2.16,3
HFE,PVG,433,1.54,2
HFE,SHE,1226,2.53,1
HFE,SWA,918,2.15,1
HFE,SYX,1695,3.12,1
HFE,SZX,1073,2.34,4
HFE,TAO,574,1.72,4
HFE,TPE,839,2.05,2
HFE,TSA,854,2.07,1
HFE,TXN,245,1.31,1
HFE,TYN,789,1.99,3
HFE,XIY,849,2.06,4
HFE,XMN,809,2.01,7
HFE,YNT,728,1.91,1
HFE,ZUH,1154,2.44,1
HGH,BHY,1473,2.84,2
HGH,BKI,2740,4.42,1
HGH,CAN,1038,2.3,10
HGH,CGO,781,1.98,10
HGH,CGQ,1599,3.0,3
HGH,CJJ,974,2.22,2
HGH,CKG,1329,2.66,6
HGH,CNX,2512,4.14,1
HGH,CSX,736,1.92,5
HGH,CTU,1580,2.98,9
HGH,DAD,2010,3.51,1
HGH,DLC,977,2.22,10
HGH,DMK,2724,4.4,1
HGH,DNH,2565,4.21,1
HGH,DSN,1409,2.76,1
HGH,FOC,483,1.6,2
HGH,FUG,534,1.67,1
HGH,GYS,1419,2.77,2
HGH,HAK,1521,2.9,7
HGH,HET,1413,2.77,4
HGH,HKG,1094,2.37,7
HGH,HKT,3368,5.21,1
HGH,HRB,1785,3.23,3
HGH,ICN,978,2.22,2
HGH,JHG,2164,3.71,1
HGH,JJN,631,1.79,4
HGH,JNZ,1210,2.51,1
HGH,KHH,851,2.06,2
HGH,KIX,1466,2.83,2
HGH,KMG,1813,3.27,8
HGH,KOW,738,1.92,1
HGH,KUL,3637,5.55,1
HGH,KWE,1394,2.74,6
HGH,KWL,1164,2.46,8
HGH,LHW,1707,3.13,4
HGH,LJG,2010,3.51,5
HGH,LYG,505,1.63,1
HGH,LYI,568,1.71,1
HGH,LZO,1462,2.83,1
HGH,MFM,1128,2.41,4
HGH,NNG,1485,2.86,4
HGH,NNY,801,2.0,1
HGH,NRT,1956,3.44,2
HGH,PEK,1150,2.44,8
HGH,PUS,967,2.21,2
HGH,RMQ,664,1.83,2
HGH,SHE,1298,2.62,7
HGH,SIN,3650,5.56,1
HGH,SJW,1038,2.3,7
HGH,SWA,838,2.05,2
HGH,SYX,1732,3.17,8
HGH,SZX,1071,2.34,7
HGH,TAO,671,1.84,9
HGH,TGO,1490,2.86,1
HGH,TNA,795,1.99,4
HGH,TPE,578,1.72,3
HGH,TSA,584,1.73,1
HGH,TSN,1028,2.29,5
HGH,TYN,1102,2.38,5
HGH,URC,3266,5.08,1
HGH,WEF,724,1.91,1
HGH,WUH,600,1.75,5
HGH,XFN,803,2.0,1
HGH,XIY,1193,2.49,7
HGH,XMN,672,1.84,5
HGH,YCU,1034,2.29,2
HGH,YIH,859,2.07,1
HGH,YNT,802,2.0,2
HGH,ZUH,1154,2.44,1
HGN,CNX,120,1.15,1
HIA,CAN,1288,2.61,1
HIA,CKG,1263,2.58,1
HIA,DLC,615,1.77,1
HIA,FOC,875,2.09,1
HIA,HKG,1375,2.72,1
HIA,HRB,1449,2.81,1
HIA,PEK,735,1.92,1
HIA,SHA,355,1.44,1
HIA,SZX,1344,2.68,1
HIA,TSN,614,1.77,1
HIA,WNZ,674,1.84,1
HIA,XIY,957,2.2,1
HIJ,CTS,1199,2.5,2
HIJ,DLC,1132,2.42,2
HIJ,HND,637,1.8,2
HIJ,ICN,673,1.84,3
HIJ,NRT,695,1.87,2
HIJ,OKA,1046,2.31,1
HIJ,PVG,1101,2.38,2
HIJ,SDJ,826,2.03,2
HIJ,TPE,1533,2.92,1
HIN,CJU,228,1.28,2
HIN,GMP,298,1.37,1
HJJ,CAN,577,1.72,1
HJJ,CSX,356,1.45,2
HJR,VNS,304,1.38,1
HKD,CTS,133,1.17,1
HKD,HND,697,1.87,3
HKD,ITM,907,2.13,1
HKD,KIX,951,2.19,1
HKD,NGO,844,2.05,1
HKD,TPE,2586,4.23,3
HKG,ALA,4113,6.14,1
HKG,AUH,6007,8.51,3
HKG,BKI,1835,3.29,5
HKG,BKK,1689,3.11,12
HKG,BLR,3955,5.94,2
HKG,BOM,4272,6.34,3
HKG,BWN,1934,3.42,2
HKG,CAN,136,1.17,3
HKG,CCU,2614,4.27,2
HKG,CEB,1711,3.14,3
HKG,CGK,3259,5.07,4
HKG,CGO,1358,2.7,3
HKG,CJU,1752,3.19,2
HKG,CKG,1098,2.37,5
HKG,CNX,1605,3.01,4
HKG,CRK,1056,2.32,3
HKG,CSX,658,1.82,2
HKG,CTS,3429,5.29,2
HKG,CTU,1352,2.69,6
HKG,DAC,2409,4.01,3
HKG,DAD,919,2.15,2
HKG,DEL,3746,5.68,5
HKG,DLC,1989,3.49,2
HKG,DMK,1686,3.11,1
HKG,DPS,3456,5.32,5
HKG,DXB,5920,8.4,2
HKG,FOC,709,1.89,4
HKG,FUK,2047,3.56,3
HKG,HAK,445,1.56,4
HKG,HAN,846,2.06,4
HKG,HFE,1105,2.38,1
HKG,HGH,1094,2.37,7
HKG,HIA,1375,2.72,1
HKG,HKT,2297,3.87,5
HKG,HND,2903,4.63,4
HKG,ICN,2070,3.59,10
HKG,ILO,1569,2.96,1
HKG,JJN,551,1.69,2
HKG,KHH,662,1.83,3
HKG,KHN,756,1.94,1
HKG,KHV,3469,5.34,2
HKG,KIX,2476,4.1,6
HKG,KMG,1160,2.45,4
HKG,KOJ,1967,3.46,1
HKG,KTM,2932,4.67,1
HKG,KUL,2543,4.18,3
HKG,KWE,860,2.08,1
HKG,KWL,510,1.64,3
HKG,LJG,1465,2.83,1
HKG,LYG,1447,2.81,1
HKG,MAA,3713,5.64,1
HKG,MNL,1146,2.43,4
HKG,MXZ,321,1.4,1
HKG,NGB,1125,2.41,4
HKG,NGO,2625,4.28,3
HKG,NKG,1157,2.45,6
HKG,NNG,591,1.74,1
HKG,NRT,2962,4.7,5
HKG,OKA,1457,2.82,3
HKG,OVB,4464,6.58,1
HKG,PEK,1992,3.49,6
HKG,PEN,2393,3.99,3
HKG,PNH,1536,2.92,1
HKG,PUS,2043,3.55,4
HKG,PVG,1256,2.57,7
HKG,REP,1456,2.82,1
HKG,RGN,1955,3.44,1
HKG,RMQ,719,1.9,3
HKG,RUH,6782,9.48,1
HKG,SGN,1493,2.87,4
HKG,SHA,1232,2.54,5
HKG,SHE,2328,3.91,1
HKG,SIN,2566,4.21,8
HKG,SUB,3304,5.13,1
HKG,SWA,299,1.37,1
HKG,SYX,647,1.81,3
HKG,TAO,1672,3.09,2
HKG,TLV,7726,10.66,1
HKG,TNA,1649,3.06,1
HKG,TNN,650,1.81,1
HKG,TPE,806,2.01,6
HKG,TSN,1898,3.37,3
HKG,TYN,1721,3.15,2
HKG,ULN,2910,4.64,2
HKG,USM,2048,3.56,2
HKG,VVO,2884,4.61,2
HKG,WNZ,936,2.17,3
HKG,WUH,943,2.18,4
HKG,WUS,727,1.91,1
HKG,WUX,1208,2.51,1
HKG,XIY,1440,2.8,3
HKG,XMN,496,1.62,5
HKG,XUZ,1354,2.69,1
HKG,YIH,949,2.19,1
HKG,YNT,1824,3.28,1
HKG,YNZ,1381,2.73,1
HKG,ZHA,387,1.48,1
HKT,AUH,4974,7.22,2
HKT,BKK,674,1.84,13
HKT,CAN,2332,3.92,1
HKT,CGK,1834,3.29,1
HKT,CKG,2555,4.19,2
HKT,CNX,1187,2.48,2
HKT,CTU,2566,4.21,1
HKT,DMK,692,1.86,4
HKT,DXB,4927,7.16,1
HKT,HGH,3368,5.21,1
HKT,HKG,2297,3.87,5
HKT,ICN,4320,6.4,4
HKT,KMG,1951,3.44,1
HKT,KUL,705,1.88,5
HKT,KWE,2236,3.79,1
HKT,MNL,2574,4.22,1
HKT,OVB,5397,7.75,1
HKT,PEK,3990,5.99,2
HKT,PEN,381,1.48,2
HKT,PVG,3534,5.42,4
HKT,SIN,980,2.23,6
HKT,SVX,6308,8.88,1
HKT,SZX,2313,3.89,1
HKT,USM,249,1.31,1
HKT,UTH,1139,2.42,1
HKT,UTP,587,1.73,1
HLD,CIF,778,1.97,1
HLD,COQ,398,1.5,1
HLD,HET,1120,2.4,5
HLD,HRB,626,1.78,1
HLD,HTA,556,1.69,1
HLD,JGD,334,1.42,1
HLD,NAY,1082,2.35,2
HLD,PEK,1046,2.31,5
HLD,TGO,654,1.82,1
HLH,HET,1012,2.26,2
HLH,NAY,846,2.06,2
HLH,PEK,809,2.01,2
HLH,SHE,520,1.65,1
HMA,LBD,2315,3.89,1
HMA,NJC,399,1.5,1
HMA,OMS,718,1.9,1
HMA,OVB,1038,2.3,1
HMA,SVX,673,1.84,1
HMA,TJM,478,1.6,1
HMA,URJ,254,1.32,1
HMI,CGO,1973,3.47,1
HMI,KRL,633,1.79,2
HMI,PEK,1928,3.41,2
HMI,PVG,2798,4.5,1
HMI,URC,514,1.64,3
HMI,XIY,1604,3.0,1
HNA,CTS,375,1.47,1
HNA,FUK,1154,2.44,1
HNA,ITM,722,1.9,1
HNA,NKM,595,1.74,1
HND,AKJ,931,2.16,3
HND,AOJ,582,1.73,1
HND,ASJ,1235,2.54,1
HND,AXT,453,1.57,2
HND,BKK,4589,6.74,4
HND,CGK,5784,8.23,2
HND,CTS,820,2.02,4
HND,DPS,5561,7.95,2
HND,DXB,7935,10.92,2
HND,FUK,881,2.1,4
HND,GAJ,322,1.4,1
HND,GMP,1180,2.48,4
HND,HAC,271,1.34,1
HND,HAN,3661,5.58,1
HND,HIJ,637,1.8,2
HND,HKD,697,1.87,3
HND,HKG,2903,4.63,4
HND,HSG,910,2.14,1
HND,ICN,1209,2.51,3
HND,ISG,1939,3.42,2
HND,ITM,404,1.5,2
HND,IWJ,733,1.92,1
HND,IZO,624,1.78,1
HND,KCZ,602,1.75,2
HND,KIX,432,1.54,3
HND,KKJ,821,2.03,3
HND,KMI,872,2.09,2
HND,KMJ,874,2.09,2
HND,KMQ,318,1.4,2
HND,KOJ,936,2.17,3
HND,KUH,915,2.14,3
HND,KUL,5350,7.69,1
HND,MBE,1021,2.28,1
HND,MMB,999,2.25,3
HND,MMY,1833,3.29,1
HND,MNL,2996,4.75,2
HND,MSJ,589,1.74,1
HND,MYJ,675,1.84,2
HND,NGO,281,1.35,1
HND,NGS,953,2.19,2
HND,NTQ,318,1.4,1
HND,OBO,852,2.06,3
HND,OIM,94,1.12,1
HND,OIT,772,1.96,2
HND,OKA,1554,2.94,3
HND,OKJ,546,1.68,2
HND,ONJ,518,1.65,1
HND,PEK,2092,3.62,4
HND,SGN,4324,6.41,1
HND,SHA,1777,3.22,5
HND,SHB,996,2.25,1
HND,SHM,455,1.57,1
HND,SIN,5300,7.62,4
HND,SYO,362,1.45,1
HND,TAK,546,1.68,2
HND,TKS,498,1.62,2
HND,TOY,263,1.33,1
HND,TSA,2097,3.62,4
HND,TTJ,508,1.64,1
HND,UBJ,797,2.0,2
HND,UKB,427,1.53,2
HND,WKJ,1109,2.39,1
HND,YGJ,592,1.74,2
HOD,AMM,2016,3.52,1
HOD,JED,869,2.09,1
HOD,SAH,156,1.2,2
HOF,JED,1127,2.41,1
HOF,RUH,283,1.35,1
HOF,SHJ,606,1.76,1
HPH,DAD,553,1.69,1
HPH,SGN,1112,2.39,3
HRB,CAN,2734,4.42,3
HRB,CGO,1621,3.03,7
HRB,CIF,698,1.87,1
HRB,CJU,1347,2.68,1
HRB,CSX,2252,3.81,1
HRB,CTU,2555,4.19,2
HRB,CZX,1622,3.03,3
HRB,DLC,835,2.04,3
HRB,DOY,1094,2.37,1
HRB,DSN,1502,2.88,1
HRB,FOC,2266,3.83,2
HRB,HEK,512,1.64,2
HRB,HET,1281,2.6,2
HRB,HFE,1722,3.15,2
HRB,HGH,1785,3.23,3
HRB,HIA,1449,2.81,1
HRB,HKG,2823,4.53,1
HRB,HLD,626,1.78,1
HRB,ICN,907,2.13,2
HRB,IKT,1750,3.19,1
HRB,JGD,551,1.69,2
HRB,JMU,351,1.44,1
HRB,JNG,1419,2.77,1
HRB,JXA,387,1.48,1
HRB,KHN,2072,3.59,3
HRB,KHV,749,1.94,2
HRB,KIJ,1363,2.7,1
HRB,KIX,1459,2.82,1
HRB,LDS,317,1.4,1
HRB,NAY,1034,2.29,2
HRB,NGB,1805,3.26,2
HRB,NKG,1670,3.09,3
HRB,NZH,799,2.0,1
HRB,OHE,856,2.07,1
HRB,OVB,3207,5.01,1
HRB,PEK,999,2.25,6
HRB,PVG,1655,3.07,5
HRB,SJW,1254,2.57,3
HRB,SVX,4536,6.67,1
HRB,SZX,2793,4.49,3
HRB,TAO,1151,2.44,6
HRB,TGO,394,1.49,2
HRB,TNA,1231,2.54,7
HRB,TPE,2328,3.91,2
HRB,TSN,1027,2.28,8
HRB,TYN,1427,2.78,2
HRB,UUS,1272,2.59,1
HRB,WNZ,2026,3.53,1
HRB,WUH,1952,3.44,1
HRB,XIY,1932,3.42,5
HRB,XUZ,1483,2.85,1
HRB,YCU,1734,3.17,1
HRB,YIW,1890,3.36,1
HRB,YKS,1845,3.31,1
HRB,YNT,1000,2.25,5
HRB,YNZ,1451,2.81,2
HRB,YTY,1556,2.95,1
HRI,CMB,169,1.21,3
HRI,JED,4820,7.03,2
HRI,PEK,5156,7.45,1
HRI,PVG,5052,7.32,1
HSG,HND,910,2.14,1
HSG,ICN,594,1.74,1
HSG,PVG,830,2.04,1
HSN,JJN,682,1.85,4
HSN,LYG,611,1.76,1
HSN,NAY,1222,2.53,2
HSN,PEK,1244,2.55,2
HSN,PVG,145,1.18,1
HSN,SZX,1176,2.47,1
HSN,XMN,731,1.91,2
HTA,BQS,997,2.25,1
HTA,HLD,556,1.69,1
HTA,IKT,609,1.76,2
HTA,KHV,1596,3.0,1
HTA,NZH,393,1.49,1
HTA,OVB,2037,3.55,1
HTA,UUD,403,1.5,1
HTN,URC,998,2.25,6
HUI,HAN,572,1.71,2
HUI,SGN,631,1.79,2
HUN,KHH,206,1.26,1
HUN,RMQ,105,1.13,1
HUN,TNA,1488,2.86,1
HUN,TSA,117,1.15,1
HVD,ULN,1127,2.41,1
HYN,CAN,995,2.24,3
HYN,CKG,1441,2.8,2
HYN,CSX,804,2.0,2
HYN,PEK,1355,2.69,2
HYN,SZX,1008,2.26,2
HYN,WUH,740,1.93,1
HYN,ZUH,1089,2.36,2
HZH,CAN,530,1.66,1
HZH,KWE,235,1.29,2
IAA,KJA,1289,2.61,1
IAO,CEB,228,1.28,1
IBR,CTS,741,1.93,1
IBR,FUK,953,2.19,1
IBR,NGO,358,1.45,1
IBR,PVG,1808,3.26,1
IBR,UKB,501,1.63,1
ICN,ALA,4172,6.21,2
ICN,AOJ,1280,2.6,1
ICN,AUH,6837,9.55,3
ICN,AXT,1220,2.52,1
ICN,BKI,3661,5.58,4
ICN,BKK,3669,5.59,10
ICN,BOM,5548,7.93,1
ICN,CAN,2005,3.51,3
ICN,CEB,3030,4.79,7
ICN,CGK,5264,7.58,3
ICN,CGO,1180,2.48,2
ICN,CGQ,729,1.91,2
ICN,CJU,440,1.55,2
ICN,CKG,2022,3.53,2
ICN,CMB,5768,8.21,1
ICN,CNX,3382,5.23,3
ICN,CRK,2545,4.18,2
ICN,CSX,1607,3.01,4
ICN,CTS,1421,2.78,4
ICN,CTU,2204,3.75,3
ICN,DAD,2981,4.73,3
ICN,DEL,4652,6.82,2
ICN,DLC,460,1.57,4
ICN,DPS,5272,7.59,3
ICN,DXB,6729,9.41,2
ICN,FUK,563,1.7,7
ICN,HAN,2684,4.36,3
ICN,HFE,1049,2.31,1
ICN,HGH,978,2.22,2
ICN,HIJ,673,1.84,3
ICN,HKG,2070,3.59,10
ICN,HKT,4320,6.4,4
ICN,HND,1209,2.51,3
ICN,HRB,907,2.13,2
ICN,HSG,594,1.74,1
ICN,KHH,1756,3.19,3
ICN,KHN,1369,2.71,1
ICN,KHV,1418,2.77,2
ICN,KIJ,1115,2.39,2
ICN,KIX,860,2.08,7
ICN,KLO,2896,4.62,3
ICN,KMG,2613,4.27,2
ICN,KMI,771,1.96,2
ICN,KMJ,652,1.81,2
ICN,KMQ,893,2.12,2
ICN,KOJ,741,1.93,2
ICN,KTM,3966,5.96,1
ICN,KUL,4613,6.77,3
ICN,KWL,2064,3.58,2
ICN,LJG,2732,4.42,1
ICN,MDG,827,2.03,2
ICN,MFM,2103,3.63,3
ICN,MNL,2609,4.26,6
ICN,MYJ,695,1.87,2
ICN,NGB,967,2.21,1
ICN,NGO,973,2.22,6
ICN,NGS,596,1.75,1
ICN,NKG,942,2.18,2
ICN,NRT,1257,2.57,10
ICN,OIT,652,1.81,1
ICN,OKA,1259,2.57,3
ICN,OKJ,730,1.91,1
ICN,PEK,903,2.13,4
ICN,PNH,3598,5.5,2
ICN,PVG,822,2.03,5
ICN,REP,3490,5.36,4
ICN,RGN,3742,5.68,3
ICN,RUH,7492,10.37,1
ICN,SDJ,1272,2.59,2
ICN,SGN,3563,5.45,3
ICN,SHE,529,1.66,2
ICN,SIN,4627,6.78,5
ICN,SZX,2045,3.56,3
ICN,TAE,263,1.33,1
ICN,TAK,772,1.96,2
ICN,TAO,557,1.7,6
ICN,TAS,4844,7.05,3
ICN,TLV,8039,11.05,1
ICN,TNA,821,2.03,6
ICN,TOY,957,2.2,2
ICN,TPE,1464,2.83,7
ICN,TSN,815,2.02,4
ICN,TXN,1146,2.43,2
ICN,UBJ,587,1.73,1
ICN,ULN,1971,3.46,2
ICN,UUS,1695,3.12,3
ICN,VTE,3179,4.97,2
ICN,VVO,816,2.02,5
ICN,WUH,1348,2.69,3
ICN,XIY,1625,3.03,3
ICN,XMN,1640,3.05,2
ICN,YGJ,645,1.81,2
ICN,YNJ,654,1.82,4
ICN,YNT,448,1.56,5
IDR,BLR,1078,2.35,2
IDR,BOM,506,1.63,4
IDR,DEL,663,1.83,5
IDR,NAG,381,1.48,1
IDR,PNQ,500,1.62,2
IDR,RPR,636,1.79,1
IFN,AWZ,332,1.42,2
IFN,BND,753,1.94,2
IFN,DXB,900,2.12,1
IFN,KER,555,1.69,1
IFN,KIH,722,1.9,2
IFN,KWI,540,1.68,1
IFN,MED,1494,2.87,1
IFN,MHD,811,2.01,3
IFN,MRX,354,1.44,1
IFN,PGU,603,1.75,1
IFN,SYZ,364,1.46,1
IFN,TBZ,786,1.98,1
IFN,THR,331,1.41,2
IIL,THR,506,1.63,1
IKA,ALA,2381,3.98,1
IKA,AUH,1267,2.58,1
IKA,BAH,1018,2.27,1
IKA,BEY,1443,2.8,1
IKA,BKK,5497,7.87,1
IKA,BOM,2799,4.5,1
IKA,CAN,6069,8.59,1
IKA,DEL,2554,4.19,1
IKA,DXB,1200,2.5,4
IKA,DYU,1605,3.01,2
IKA,EBL,654,1.82,1
IKA,EVN,793,1.99,1
IKA,GYD,570,1.71,2
IKA,ISU,529,1.66,1
IKA,KBL,1646,3.06,1
IKA,KHI,1928,3.41,1
IKA,KUL,6336,8.92,2
IKA,KWI,750,1.94,1
IKA,MCT,1484,2.85,1
IKA,NJF,731,1.91,2
IKA,PEK,5646,8.06,1
IKA,PVG,6443,9.05,1
IKA,SHJ,1197,2.5,1
IKA,TAS,1705,3.13,1
IKA,URC,3220,5.03,1
IKI,NGS,93,1.12,2
IKS,YKS,1069,2.34,2
IKT,ABA,884,2.1,1
IKT,BKK,4303,6.38,1
IKT,BTK,488,1.61,1
IKT,DYU,3124,4.9,2
IKT,FRU,2440,4.05,1
IKT,GDX,2929,4.66,1
IKT,HRB,1750,3.19,2
IKT,HTA,609,1.76,2
IKT,KHV,2205,3.76,1
IKT,KJA,885,2.11,2
IKT,KYZ,687,1.86,1
IKT,MJZ,1276,2.59,1
IKT,NZH,954,2.19,1
IKT,ODO,882,2.1,2
IKT,OSS,2716,4.39,1
IKT,OVB,1459,2.82,3
IKT,PEK,1644,3.06,1
IKT,TAS,2904,4.63,1
IKT,UKX,517,1.65,2
IKT,ULK,1135,2.42,3
IKT,UUD,215,1.27,1
IKT,VVO,2276,3.85,1
IKT,YKS,1860,3.33,3
ILO,CEB,173,1.22,1
ILO,DVO,538,1.67,1
ILO,GES,603,1.75,1
ILO,HKG,1569,2.96,1
ILO,MNL,439,1.55,3
ILO,PPS,426,1.53,1
ILO,SIN,2299,3.87,1
IMF,AJL,165,1.21,1
IMF,CCU,602,1.75,2
IMF,GAU,276,1.34,4
IMF,IXA,286,1.36,1
IMF,IXS,94,1.12,1
IPH,SIN,482,1.6,2
IQN,LHW,366,1.46,3
IQN,NAY,889,2.11,2
IQN,XIY,183,1.23,1
ISG,FUK,1186,2.48,1
ISG,HND,1939,3.42,2
ISG,KIX,1540,2.92,3
ISG,MMY,115,1.14,1
ISG,NGO,1679,3.1,1
ISG,OKA,396,1.5,4
ISG,TPE,313,1.39,2
ISU,AMM,962,2.2,1
ISU,DXB,1496,2.87,1
ISU,IKA,529,1.66,1
ITM,AOJ,806,2.01,1
ITM,ASJ,890,2.11,1
ITM,AXT,684,1.85,2
ITM,CTS,1040,2.3,3
ITM,FKS,525,1.66,2
ITM,FUK,478,1.6,3
ITM,GAJ,597,1.75,1
ITM,HKD,907,2.13,1
ITM,HNA,722,1.9,1
ITM,HND,404,1.5,2
ITM,KCZ,213,1.27,1
ITM,KIJ,483,1.6,2
ITM,KMI,492,1.61,2
ITM,KMJ,476,1.59,2
ITM,KOJ,550,1.69,2
ITM,MSJ,839,2.05,1
ITM,MYJ,273,1.34,2
ITM,NGS,551,1.69,2
ITM,NRT,462,1.58,3
ITM,OIT,370,1.46,3
ITM,OKA,1211,2.51,2
ITM,SDJ,616,1.77,3
IWJ,HND,733,1.92,1
IXA,CCU,317,1.4,5
IXA,GAU,249,1.31,2
IXA,IMF,286,1.36,1
IXB,BKK,1939,3.42,1
IXB,CCU,448,1.56,6
IXB,DEL,1125,2.41,6
IXB,GAU,331,1.41,2
IXB,PBH,135,1.17,1
IXC,BOM,1347,2.68,4
IXC,DEL,236,1.29,4
IXC,SXR,414,1.52,1
IXD,BOM,1153,2.44,1
IXD,DEL,576,1.72,1
IXE,AUH,2479,4.1,1
IXE,BLR,306,1.38,4
IXE,BOM,715,1.89,5
IXE,DMM,3016,4.77,1
IXE,DXB,2460,4.08,2
IXE,SHJ,2451,4.06,1
IXG,BLR,445,1.56,1
IXJ,BOM,1525,2.91,1
IXJ,DEL,507,1.63,6
IXJ,IXL,298,1.37,1
IXJ,SXR,144,1.18,4
IXL,DEL,621,1.78,4
IXL,IXJ,298,1.37,1
IXL,SXR,256,1.32,1
IXM,CMB,355,1.44,3
IXM,MAA,417,1.52,4
IXR,BOM,1373,2.72,2
IXR,CCU,328,1.41,3
IXR,DEL,1008,2.26,5
IXR,PAT,254,1.32,1
IXS,CCU,525,1.66,3
IXS,GAU,193,1.24,3
IXS,IMF,94,1.12,1
IXU,BOM,279,1.35,3
IXU,DEL,983,2.23,2
IXZ,CCU,1306,2.63,5
IXZ,DEL,2485,4.11,1
IXZ,MAA,1373,2.72,5
IZO,HND,624,1.78,1
JAI,AMD,526,1.66,1
JAI,AUH,2136,3.67,1
JAI,BLR,1528,2.91,1
JAI,BOM,911,2.14,5
JAI,CCU,1357,2.7,1
JAI,DEL,232,1.29,4
JAI,MCT,1798,3.25,1
JAI,SHJ,2032,3.54,2
JDH,BOM,797,2.0,3
JDH,DEL,476,1.59,3
JDZ,CAN,766,1.96,2
JDZ,CTU,1281,2.6,2
JDZ,FOC,451,1.56,2
JDZ,PEK,1196,2.5,2
JDZ,SHA,450,1.56,2
JDZ,SZX,817,2.02,2
JDZ,XIY,977,2.22,2
JDZ,XMN,541,1.68,2
JED,ABT,300,1.38,1
JED,ADE,1165,2.46,2
JED,AHB,529,1.66,2
JED,AJF,906,2.13,1
JED,AMM,1160,2.45,4
JED,AQI,1020,2.27,1
JED,AUH,1614,3.02,3
JED,AWZ,1436,2.79,1
JED,AZD,1879,3.35,1
JED,BAH,1272,2.59,2
JED,BEY,1397,2.75,2
JED,BHH,406,1.51,1
JED,BLR,4185,6.23,1
JED,BOM,3519,5.4,3
JED,BWN,8336,11.42,1
JED,CAN,7526,10.41,1
JED,CCJ,4084,6.11,2
JED,CGK,7971,10.96,4
JED,CGP,5402,7.75,1
JED,CMB,4654,6.82,3
JED,DAC,5231,7.54,3
JED,DEL,3880,5.85,2
JED,DMM,1204,2.5,2
JED,DWC,1672,3.09,1
JED,DXB,1699,3.12,5
JED,EAM,713,1.89,1
JED,EJH,572,1.71,1
JED,ELQ,696,1.87,1
JED,GBT,2242,3.8,1
JED,GIZ,642,1.8,2
JED,GXF,1196,2.5,1
JED,HAS,689,1.86,1
JED,HOD,869,2.09,1
JED,HOF,1127,2.41,1
JED,IFN,1756,3.19,1
JED,KHI,2877,4.6,3
JED,KUL,7066,9.83,4
JED,KWI,1219,2.52,5
JED,LHE,3653,5.57,4
JED,LKO,4251,6.31,1
JED,MAA,4445,6.56,1
JED,MCT,1973,3.47,2
JED,MED,324,1.41,2
JED,MHD,2557,4.2,1
JED,MNL,8595,11.74,1
JED,MUX,3349,5.19,1
JED,OMH,1866,3.33,1
JED,PEW,3445,5.31,2
JED,RAE,1045,2.31,1
JED,RAS,2009,3.51,1
JED,RIY,1331,2.66,1
JED,RUH,852,2.06,5
JED,SAH,872,2.09,2
JED,SHJ,1716,3.15,1
JED,SHW,957,2.2,1
JED,SIN,7360,10.2,1
JED,SKT,3668,5.58,1
JED,SLL,1649,3.06,1
JED,SUB,8645,11.81,1
JED,SYZ,1604,3.0,1
JED,TAI,1033,2.29,1
JED,TBZ,1951,3.44,1
JED,THR,1954,3.44,1
JED,TUU,786,1.98,1
JED,URY,1098,2.37,1
JED,YNB,296,1.37,1
JGA,BOM,479,1.6,1
JGD,HLD,334,1.42,1
JGD,HRB,551,1.69,2
JGD,OHE,306,1.38,1
JGN,LHW,592,1.74,3
JGN,XIY,1100,2.38,1
JHB,BDO,1044,2.3,1
JHB,BKI,1454,2.82,1
JHB,CGK,925,2.16,1
JHB,KBR,526,1.66,3
JHB,KCH,742,1.93,1
JHB,KUL,250,1.31,2
JHB,MYY,1184,2.48,1
JHB,PEN,554,1.69,1
JHB,SBW,927,2.16,1
JHB,SUB,1425,2.78,2
JHB,SZB,288,1.36,3
JHB,TWU,1633,3.04,1
JHG,CKG,1043,2.3,1
JHG,CTU,1008,2.26,2
JHG,DIG,656,1.82,1
JHG,DLU,411,1.51,2
JHG,HGH,2164,3.71,1
JHG,KMG,412,1.52,10
JHG,LJG,526,1.66,5
JHG,LPQ,273,1.34,1
JHG,TCZ,403,1.5,1
JIQ,CAN,813,2.02,1
JIQ,CKG,213,1.27,1
JIQ,CTU,485,1.61,1
JIQ,KMG,762,1.95,2
JIQ,PEK,1370,2.71,1
JIQ,SHA,1214,2.52,1
JIU,CAN,721,1.9,1
JIU,PEK,1181,2.48,2
JIU,SHA,565,1.71,1
JIU,XMN,595,1.74,2
JJN,CAN,559,1.7,4
JJN,CGO,1174,2.47,1
JJN,CSX,654,1.82,3
JJN,CTU,1577,2.97,1
JJN,HGH,631,1.79,4
JJN,HKG,551,1.69,2
JJN,HSN,682,1.85,4
JJN,KWE,1197,2.5,3
JJN,MFM,589,1.74,2
JJN,NKG,773,1.97,3
JJN,NNG,1088,2.36,1
JJN,PEK,1710,3.14,2
JJN,PVG,773,1.97,2
JJN,SHA,761,1.95,3
JJN,SZX,542,1.68,4
JJN,TPE,268,1.33,1
JJN,WUH,793,1.99,3
JJN,YIW,525,1.66,1
JLR,BOM,873,2.09,1
JLR,DEL,668,1.83,2
JMU,DLC,1137,2.42,1
JMU,HRB,351,1.44,1
JMU,KHV,400,1.5,1
JMU,PEK,1346,2.68,3
JMU,PVG,1897,3.37,1
JMU,SHE,802,2.0,1
JMU,TAO,1443,2.8,2
JNG,CAN,1356,2.7,1
JNG,CTU,1269,2.59,1
JNG,DLC,615,1.77,1
JNG,HRB,1419,2.77,1
JNG,KMG,1714,3.14,1
JNG,PEK,533,1.67,1
JNG,SHA,650,1.81,2
JNG,SHE,940,2.17,1
JNG,XIY,699,1.87,1
JNZ,HGH,1210,2.51,1
JNZ,PVG,1109,2.39,2
JNZ,TAO,541,1.68,2
JOG,BDJ,681,1.85,1
JOG,BDO,330,1.41,1
JOG,BPN,1019,2.27,4
JOG,BTH,1213,2.52,1
JOG,CGK,456,1.57,5
JOG,DPS,532,1.67,3
JOG,KUL,1519,2.9,1
JOG,LOP,652,1.81,1
JOG,PKU,1354,2.69,2
JOG,PLM,836,2.04,1
JOG,SIN,1242,2.55,5
JOG,SUB,264,1.33,2
JOG,UPG,1052,2.31,2
JOL,ZAM,151,1.19,1
JSR,DAC,146,1.18,3
JUH,CAN,925,2.16,1
JUH,CTU,1313,2.64,1
JUH,NAY,1012,2.26,2
JUH,SHA,352,1.44,1
JUH,XMN,690,1.86,2
JUZ,NAY,1225,2.53,2
JUZ,SZX,868,2.08,2
JUZ,XMN,498,1.62,2
JXA,HRB,387,1.48,1
JXA,PEK,1325,2.66,2
JXA,SHE,743,1.93,1
JXA,TAO,1353,2.69,2
JZH,CAN,1411,2.76,2
JZH,CKG,448,1.56,3
JZH,CTU,254,1.32,7
JZH,PVG,1717,3.15,3
JZH,XIY,502,1.63,1
KAW,MGZ,266,1.33,1
KBL,DEL,1001,2.25,5
KBL,DWC,1728,3.16,1
KBL,DXB,1686,3.11,5
KBL,DYU,444,1.56,1
KBL,GYD,1809,3.26,1
KBL,HEA,642,1.8,3
KBL,IKA,1646,3.06,1
KBL,KDH,463,1.58,2
KBL,KWI,2087,3.61,1
KBL,MHD,887,2.11,1
KBL,MZR,299,1.37,2
KBL,PEW,221,1.28,1
KBR,BKI,1521,2.9,1
KBR,JHB,526,1.66,3
KBR,KCH,1034,2.29,1
KBR,KUL,386,1.48,2
KBR,PEN,243,1.3,3
KBR,SIN,568,1.71,1
KBR,SZB,348,1.44,3
KBV,BKK,650,1.81,8
KBV,CNX,1186,2.48,1
KBV,DMK,670,1.84,2
KBV,KUL,667,1.83,2
KBV,SIN,933,2.17,2
KBV,USM,200,1.25,1
KCA,URC,450,1.56,2
KCH,BKI,803,2.0,2
KCH,BTU,348,1.44,2
KCH,JHB,742,1.93,1
KCH,KBR,1034,2.29,1
KCH,KUL,970,2.21,4
KCH,LGK,1295,2.62,1
KCH,MKM,249,1.31,1
KCH,MYY,513,1.64,3
KCH,MZV,571,1.71,2
KCH,PEN,1195,2.49,1
KCH,PNK,210,1.26,1
KCH,SBW,201,1.25,2
KCH,SIN,706,1.88,4
KCT,CMB,141,1.18,1
KCZ,HND,602,1.75,2
KCZ,ITM,213,1.27,1
KCZ,NKM,354,1.44,1
KDH,DEL,1131,2.41,1
KDH,DXB,1238,2.55,1
KDH,KBL,463,1.58,2
KDH,MHD,777,1.97,1
KDI,CGK,1760,3.2,1
KDI,UPG,336,1.42,3
KEP,KTM,366,1.46,1
KER,IFN,555,1.69,1
KER,SYZ,428,1.54,1
KER,THR,799,2.0,1
KER,ZAH,392,1.49,1
KET,RGN,612,1.77,1
KGF,ALA,757,1.95,2
KGF,KZO,804,2.0,1
KGF,UKK,658,1.82,1
KGP,SVX,981,2.23,1
KGT,CTU,217,1.27,1
KHD,THR,374,1.47,1
KHG,CTU,2716,4.39,2
KHG,NGQ,904,2.13,1
KHG,URC,1066,2.33,9
KHG,XIY,2945,4.68,1
KHH,BKK,2292,3.87,1
KHH,CAN,727,1.91,1
KHH,CGO,1471,2.84,2
KHH,CKG,1580,2.98,1
KHH,CSX,950,2.19,2
KHH,CTU,1855,3.32,1
KHH,FOC,380,1.48,3
KHH,HAN,1507,2.88,2
KHH,HFE,1067,2.33,1
KHH,HGH,851,2.06,2
KHH,HKG,662,1.83,3
KHH,HUN,206,1.26,1
KHH,ICN,1756,3.19,3
KHH,KHN,829,2.04,2
KHH,KIX,1959,3.45,2
KHH,KMG,1793,3.24,1
KHH,KNH,289,1.36,1
KHH,MFM,697,1.87,3
KHH,MNL,900,2.12,1
KHH,MZG,133,1.17,1
KHH,NGB,814,2.02,1
KHH,NKG,1030,2.29,1
KHH,NNG,1250,2.56,2
KHH,NRT,2428,4.04,5
KHH,OKA,841,2.05,1
KHH,PEK,1978,3.47,1
KHH,PUS,1630,3.04,1
KHH,PVG,963,2.2,4
KHH,SGN,1956,3.44,3
KHH,SIN,2949,4.69,2
KHH,SZX,671,1.84,1
KHH,TAO,1522,2.9,1
KHH,TNA,1616,3.02,1
KHH,TSN,1862,3.33,1
KHH,WUH,1097,2.37,2
KHH,XMN,315,1.39,3
KHH,XUZ,1306,2.63,1
KHI,AUH,1265,2.58,3
KHI,BAH,1663,3.08,1
KHI,BHV,669,1.84,2
KHI,BKK,3727,5.66,2
KHI,BOM,874,2.09,1
KHI,CMB,2391,3.99,2
KHI,CTU,3658,5.57,1
KHI,DAC,2354,3.94,1
KHI,DEA,651,1.81,1
KHI,DEL,1067,2.33,1
KHI,DMM,1747,3.18,2
KHI,DXB,1188,2.49,4
KHI,GWD,488,1.61,1
KHI,IKA,1928,3.41,1
KHI,JED,2877,4.6,3
KHI,KTM,1839,3.3,1
KHI,KUL,4445,6.56,1
KHI,LHE,1022,2.28,3
KHI,LYP,918,2.15,2
KHI,MCT,912,2.14,3
KHI,MED,2768,4.46,1
KHI,MJD,287,1.36,1
KHI,MUX,723,1.9,3
KHI,PEW,1095,2.37,3
KHI,PJG,379,1.47,1
KHI,RUH,2061,3.58,2
KHI,RYK,496,1.62,1
KHI,SHJ,1173,2.47,2
KHI,SKZ,353,1.44,1
KHI,TUK,432,1.54,1
KHI,UET,595,1.74,3
KHN,CAN,662,1.83,5
KHN,CGO,658,1.82,1
KHN,CGQ,1893,3.37,1
KHN,CKG,903,2.13,4
KHN,CTU,1169,2.46,4
KHN,DLC,1237,2.55,1
KHN,DMK,2291,3.86,1
KHN,HAK,1135,2.42,3
KHN,HET,1383,2.73,1
KHN,HKG,756,1.94,1
KHN,HRB,2072,3.59,3
KHN,ICN,1369,2.71,1
KHN,KHH,829,2.04,2
KHN,KMG,1351,2.69,4
KHN,KOW,353,1.44,2
KHN,KWE,932,2.17,3
KHN,LYA,733,1.92,1
KHN,NAY,1215,2.52,2
KHN,NGB,550,1.69,2
KHN,NKG,428,1.54,2
KHN,NNG,1040,2.3,3
KHN,PEK,1249,2.56,4
KHN,PVG,622,1.78,3
KHN,SHA,584,1.73,2
KHN,SHE,1577,2.97,1
KHN,SJW,1053,2.32,1
KHN,SYX,1347,2.68,1
KHN,SZX,723,1.9,5
KHN,TAO,923,2.15,3
KHN,TNA,897,2.12,3
KHN,TPE,676,1.84,2
KHN,TSN,1149,2.44,1
KHN,TYN,1033,2.29,1
KHN,WNZ,496,1.62,1
KHN,WUH,269,1.34,1
KHN,XIY,918,2.15,4
KHN,XMN,529,1.66,3
KHN,ZUH,804,2.0,3
KHS,MCT,353,1.44,1
KHV,BQS,600,1.75,1
KHV,DYR,3074,4.84,1
KHV,GDX,1611,3.01,3
KHV,HKG,3469,5.34,2
KHV,HRB,749,1.94,2
KHV,HTA,1596,3.0,1
KHV,ICN,1418,2.77,2
KHV,IKT,2205,3.76,1
KHV,JMU,400,1.5,1
KHV,KJA,2968,4.71,2
KHV,NRT,1482,2.85,2
KHV,OVB,3597,5.5,3
KHV,PEK,1746,3.18,3
KHV,PKC,1704,3.13,2
KHV,UUD,1997,3.5,1
KHV,UUS,592,1.74,3
KHV,VVO,617,1.77,2
KHV,YKS,1546,2.93,1
KIH,AUH,242,1.3,1
KIH,AWZ,737,1.92,2
KIH,BND,250,1.31,3
KIH,DXB,198,1.25,1
KIH,IFN,722,1.9,2
KIH,SYZ,362,1.45,4
KIH,THR,1050,2.31,2
KIJ,CTS,578,1.72,3
KIJ,FUK,920,2.15,2
KIJ,HRB,1363,2.7,1
KIJ,ICN,1115,2.39,2
KIJ,ITM,483,1.6,2
KIJ,NGO,402,1.5,1
KIJ,NKM,359,1.45,1
KIJ,NRT,268,1.33,1
KIJ,OKA,1694,3.12,1
KIJ,PVG,1754,3.19,2
KIX,BKK,4161,6.2,4
KIX,CAN,2455,4.07,2
KIX,CGK,5417,7.77,2
KIX,CJU,813,2.02,2
KIX,CTS,1083,2.35,4
KIX,DLC,1320,2.65,3
KIX,DPS,5246,7.56,2
KIX,DXB,7577,10.47,2
KIX,FOC,1767,3.21,2
KIX,FUK,452,1.56,3
KIX,GMP,836,2.04,5
KIX,HAN,3229,5.04,2
KIX,HGH,1466,2.83,2
KIX,HKD,951,2.19,1
KIX,HKG,2476,4.1,6
KIX,HND,432,1.54,3
KIX,HRB,1459,2.82,1
KIX,ICN,860,2.08,7
KIX,ISG,1540,2.92,3
KIX,KHH,1959,3.45,2
KIX,KOJ,512,1.64,1
KIX,KUL,4943,7.18,3
KIX,MFM,2513,4.14,2
KIX,MNL,2635,4.29,3
KIX,MYJ,243,1.3,1
KIX,NGS,521,1.65,1
KIX,NKG,1553,2.94,2
KIX,NRT,491,1.61,4
KIX,OKA,1169,2.46,4
KIX,PEK,1763,3.2,2
KIX,PUS,582,1.73,5
KIX,PVG,1307,2.63,7
KIX,RMQ,1809,3.26,1
KIX,SDJ,655,1.82,1
KIX,SGN,3910,5.89,2
KIX,SHE,1303,2.63,2
KIX,SIN,4902,7.13,2
KIX,TAO,1363,2.7,5
KIX,TNA,1649,3.06,3
KIX,TPE,1703,3.13,8
KIX,WUX,1419,2.77,2
KIX,YNT,1291,2.61,2
KJA,DXB,4548,6.68,1
KJA,DYU,2623,4.28,3
KJA,EVN,3885,5.86,1
KJA,FRU,1940,3.42,2
KJA,GYD,3515,5.39,1
KJA,IAA,1289,2.61,1
KJA,IKT,885,2.11,2
KJA,KHV,2968,4.71,2
KJA,LBD,2428,4.04,3
KJA,MJZ,1402,2.75,2
KJA,NMA,2268,3.83,1
KJA,NSK,1483,2.85,1
KJA,NZH,1809,3.26,1
KJA,OSS,2244,3.81,1
KJA,OVB,631,1.79,2
KJA,PEK,2505,4.13,3
KJA,SKD,2611,4.26,1
KJA,SVX,1931,3.41,2
KJA,TAS,2355,3.94,2
KJA,TOF,450,1.56,1
KJA,UUD,1088,2.36,1
KJA,YKS,2191,3.74,1
KKC,BKK,379,1.47,1
KKC,DMK,368,1.46,1
KKJ,HND,821,2.03,3
KLO,CEB,232,1.29,1
KLO,CRK,437,1.55,1
KLO,ICN,2896,4.62,3
KLO,KUL,2484,4.11,1
KLO,MNL,347,1.43,6
KLO,PUS,2696,4.37,2
KLO,SIN,2330,3.91,2
KLO,TPE,1495,2.87,2
KMG,BFJ,350,1.44,1
KMG,BHY,761,1.95,2
KMG,BKK,1290,2.61,2
KMG,BSD,379,1.47,2
KMG,CAN,1068,2.33,6
KMG,CCU,1497,2.87,1
KMG,CEI,652,1.81,1
KMG,CGD,961,2.2,1
KMG,CGO,1483,2.85,7
KMG,CKG,631,1.79,9
KMG,CMB,3156,4.95,1
KMG,CNX,814,2.02,1
KMG,CSX,1078,2.35,8
KMG,CTU,617,1.77,9
KMG,CZX,1810,3.26,2
KMG,DAC,1275,2.59,1
KMG,DAD,1147,2.43,1
KMG,DAX,802,2.0,2
KMG,DIG,441,1.55,3
KMG,DLC,2327,3.91,1
KMG,DLU,269,1.34,3
KMG,DMK,1268,2.58,1
KMG,DSN,1726,3.16,1
KMG,DXB,4760,6.95,1
KMG,FOC,1681,3.1,3
KMG,HAK,963,2.2,4
KMG,HFE,1587,2.98,4
KMG,HGH,1813,3.27,8
KMG,HKG,1160,2.45,4
KMG,HKT,1951,3.44,1
KMG,ICN,2613,4.27,2
KMG,JHG,412,1.52,10
KMG,JIQ,762,1.95,2
KMG,JNG,1714,3.14,1
KMG,KHH,1793,3.24,1
KMG,KHN,1351,2.69,4
KMG,KOW,1192,2.49,1
KMG,KTM,1772,3.21,1
KMG,KUL,2489,4.11,2
KMG,KWE,419,1.52,7
KMG,KWL,716,1.9,3
KMG,LHW,1271,2.59,3
KMG,LJG,321,1.4,6
KMG,LLF,880,2.1,1
KMG,LNJ,331,1.41,2
KMG,LUM,451,1.56,3
KMG,LXA,1276,2.59,1
KMG,LYA,1405,2.76,1
KMG,LZH,660,1.82,1
KMG,LZO,483,1.6,1
KMG,MDL,804,2.0,1
KMG,MFM,1134,2.42,1
KMG,MIG,725,1.91,2
KMG,NAO,708,1.89,1
KMG,NGB,1900,3.38,2
KMG,NKG,1722,3.15,8
KMG,NNG,601,1.75,6
KMG,NYT,921,2.15,1
KMG,PEK,2095,3.62,6
KMG,PVG,1966,3.46,7
KMG,REP,1303,2.63,1
KMG,RGN,1152,2.44,2
KMG,SHA,1925,3.41,5
KMG,SIN,2644,4.3,2
KMG,SJW,1837,3.3,4
KMG,SYM,326,1.41,3
KMG,SYX,1010,2.26,3
KMG,SZX,1139,2.42,6
KMG,TAO,2074,3.59,3
KMG,TCZ,448,1.56,2
KMG,TNA,1883,3.35,6
KMG,TPE,1842,3.3,2
KMG,TSN,2062,3.58,3
KMG,TYN,1678,3.1,4
KMG,UYN,1602,3.0,1
KMG,VTE,792,1.99,2
KMG,WNZ,1809,3.26,3
KMG,WUH,1274,2.59,8
KMG,WXN,833,2.04,1
KMG,XIC,329,1.41,1
KMG,XIY,1181,2.48,8
KMG,XMN,1534,2.92,8
KMG,XNN,1273,2.59,1
KMG,XUZ,1727,3.16,1
KMG,YBP,441,1.55,1
KMG,YCU,1358,2.7,2
KMG,YIC,1171,2.46,1
KMG,YIH,1036,2.29,1
KMG,YIW,1754,3.19,1
KMG,ZAT,261,1.33,2
KMG,ZHA,874,2.09,1
KMG,ZUH,1119,2.4,1
KMG,ZYI,491,1.61,1
KMI,FUK,212,1.27,2
KMI,HND,872,2.09,2
KMI,ICN,771,1.96,2
KMI,ITM,492,1.61,2
KMI,NGO,598,1.75,1
KMI,OKA,732,1.92,1
KMI,TPE,1251,2.56,1
KMJ,HND,874,2.09,2
KMJ,ICN,652,1.81,2
KMJ,ITM,476,1.59,2
KMJ,NGO,594,1.74,1
KMJ,NKM,620,1.77,1
KMJ,OKA,801,2.0,1
KMQ,CTS,841,2.05,2
KMQ,FUK,626,1.78,2
KMQ,HND,318,1.4,2
KMQ,ICN,893,2.12,2
KMQ,NRT,364,1.46,2
KMQ,OKA,1405,2.76,1
KMQ,PVG,1469,2.84,2
KMQ,SDJ,444,1.56,2
KMQ,TPE,1916,3.4,2
KNG,AMQ,622,1.78,1
KNG,FKQ,178,1.22,1
KNG,NBX,202,1.25,1
KNH,KHH,289,1.36,1
KNH,MZG,160,1.2,1
KNH,RMQ,230,1.29,1
KNH,TSA,330,1.41,2
KOE,DPS,946,2.18,2
KOE,ENE,265,1.33,2
KOE,LOP,826,2.03,1
KOE,MOF,232,1.29,1
KOE,SUB,1236,2.54,3
KOE,TMC,492,1.61,1
KOJ,HKG,1967,3.46,1
KOJ,HND,936,2.17,3
KOJ,ICN,741,1.93,2
KOJ,ITM,550,1.69,2
KOJ,KIX,512,1.64,1
KOJ,NGO,659,1.82,2
KOJ,NRT,995,2.24,1
KOJ,OKA,691,1.86,1
KOJ,PVG,848,2.06,2
KOJ,TPE,1190,2.49,1
KOJ,UKB,524,1.66,1
KOP,DMK,579,1.72,2
KOS,REP,315,1.39,1
KOV,ALA,1237,2.55,1
KOW,CAN,312,1.39,1
KOW,CTU,1183,2.48,1
KOW,HGH,738,1.92,1
KOW,KHN,353,1.44,2
KOW,KMG,1192,2.49,1
KOW,PEK,1591,2.99,3
KOW,SHA,873,2.09,1
KOW,SZX,371,1.46,1
KOW,XMN,367,1.46,1
KOW,ZUH,451,1.56,1
KPO,CJU,384,1.48,1
KPO,GMP,292,1.36,2
KRL,CGO,2540,4.17,1
KRL,CKG,2272,3.84,1
KRL,CTU,2015,3.52,2
KRL,HMI,633,1.79,2
KRL,URC,269,1.34,4
KRO,SVX,319,1.4,1
KRY,URC,264,1.33,2
KSH,MHD,1151,2.44,2
KSH,THR,407,1.51,3
KSN,ALA,1478,2.85,1
KSN,TSE,592,1.74,1
KSQ,TAS,393,1.49,1
KTE,SZB,261,1.33,2
KTG,PKN,214,1.27,1
KTG,PNK,195,1.24,1
KTM,AUH,3081,4.85,1
KTM,BDP,297,1.37,1
KTM,BHR,92,1.11,1
KTM,BIR,232,1.29,1
KTM,BKK,2230,3.79,2
KTM,BOM,1592,2.99,1
KTM,BWA,193,1.24,1
KTM,CAN,2837,4.55,1
KTM,CCU,641,1.8,1
KTM,CTU,1831,3.29,1
KTM,DAC,662,1.83,4
KTM,DEL,815,2.02,5
KTM,DHI,483,1.6,1
KTM,DWC,3019,4.77,1
KTM,DXB,2991,4.74,1
KTM,HKG,2932,4.67,1
KTM,ICN,3966,5.96,1
KTM,KEP,366,1.46,1
KTM,KHI,1839,3.3,1
KTM,KMG,1772,3.21,1
KTM,KUL,3273,5.09,3
KTM,LXA,571,1.71,1
KTM,MCT,2746,4.43,1
KTM,PBH,402,1.5,1
KTM,PKR,146,1.18,1
KTM,SHJ,2974,4.72,1
KTM,SIN,3538,5.42,2
KTM,TMI,186,1.23,1
KTM,VNS,352,1.44,1
KUA,KUL,202,1.25,1
KUA,PEN,366,1.46,2
KUA,SIN,283,1.35,2
KUD,BKI,140,1.18,1
KUD,SDK,177,1.22,1
KUH,CTS,206,1.26,1
KUH,HND,915,2.14,3
KUH,TPE,2891,4.61,1
KUL,ALA,5130,7.41,1
KUL,AMD,3861,5.83,1
KUL,AOR,410,1.51,2
KUL,AUH,5588,7.99,3
KUL,BDO,1255,2.57,3
KUL,BKI,1629,3.04,3
KUL,BKK,1221,2.53,9
KUL,BLR,2884,4.61,3
KUL,BOM,3624,5.53,3
KUL,BPN,1746,3.18,1
KUL,BTJ,763,1.95,1
KUL,BTU,1257,2.57,2
KUL,BWN,1487,2.86,3
KUL,CAN,2613,4.27,3
KUL,CCU,2636,4.29,1
KUL,CEB,2598,4.25,1
KUL,CGK,1129,2.41,10
KUL,CGP,2418,4.02,1
KUL,CMB,2467,4.08,4
KUL,CNX,1806,3.26,1
KUL,COK,2913,4.64,3
KUL,CTU,3104,4.88,1
KUL,DAC,2642,4.3,5
KUL,DEL,3877,5.85,3
KUL,DMK,1248,2.56,3
KUL,DPS,1964,3.46,4
KUL,DWC,5556,7.95,1
KUL,DXB,5549,7.94,3
KUL,FNJ,4725,6.91,1
KUL,FOC,3213,5.02,3
KUL,HAN,2102,3.63,3
KUL,HDY,488,1.61,1
KUL,HGH,3637,5.55,1
KUL,HKG,2543,4.18,3
KUL,HKT,705,1.88,5
KUL,HND,5350,7.69,1
KUL,ICN,4613,6.77,3
KUL,IKA,6336,8.92,2
KUL,JED,7066,9.83,4
KUL,JHB,250,1.31,2
KUL,JOG,1519,2.9,1
KUL,KBR,386,1.48,2
KUL,KBV,667,1.83,2
KUL,KCH,970,2.21,4
KUL,KHI,4445,6.56,1
KUL,KIX,4943,7.18,3
KUL,KLO,2484,4.11,1
KUL,KMG,2489,4.11,2
KUL,KTM,3273,5.09,3
KUL,KUA,202,1.25,1
KUL,KWI,6381,8.98,1
KUL,KWL,2653,4.32,1
KUL,LBU,1528,2.91,2
KUL,LGK,455,1.57,4
KUL,LHE,4291,6.36,1
KUL,LOP,2060,3.58,1
KUL,MAA,2629,4.29,4
KUL,MCT,5209,7.51,2
KUL,MED,7060,9.82,1
KUL,MFM,2510,4.14,1
KUL,MNL,2490,4.11,3
KUL,MYY,1374,2.72,2
KUL,NGO,5085,7.36,1
KUL,NNG,2316,3.9,1
KUL,NRT,5409,7.76,3
KUL,PEK,4413,6.52,2
KUL,PEN,325,1.41,4
KUL,PEW,4676,6.84,1
KUL,PKU,256,1.32,1
KUL,PLM,710,1.89,1
KUL,PNH,1038,2.3,2
KUL,PUS,4570,6.71,1
KUL,PVG,3797,5.75,4
KUL,REP,1208,2.51,2
KUL,RGN,1688,3.11,3
KUL,RUH,6377,8.97,1
KUL,SBW,1143,2.43,3
KUL,SDK,1846,3.31,2
KUL,SGN,1050,2.31,3
KUL,SIN,297,1.37,10
KUL,SOC,1520,2.9,1
KUL,SRG,1447,2.81,1
KUL,SUB,1667,3.08,3
KUL,SZX,2568,4.21,1
KUL,TAS,5369,7.71,2
KUL,TGG,331,1.41,2
KUL,TPE,3246,5.06,4
KUL,TRZ,2689,4.36,2
KUL,TWU,1830,3.29,2
KUL,UPG,2164,3.71,1
KUL,URT,765,1.96,1
KUL,USM,778,1.97,2
KUL,VTE,1697,3.12,1
KUL,XMN,2996,4.75,3
KUT,TBS,212,1.27,1
KUU,DEL,368,1.46,1
KUV,CJU,266,1.33,2
KVD,GYD,316,1.4,1
KWE,ACX,245,1.31,1
KWE,BFJ,155,1.19,1
KWE,CAN,742,1.93,4
KWE,CGO,1114,2.39,7
KWE,CKG,354,1.44,5
KWE,CSX,660,1.82,6
KWE,CTU,529,1.66,6
KWE,DLU,655,1.82,1
KWE,FOC,1284,2.6,3
KWE,HAK,824,2.03,3
KWE,HFE,1173,2.47,2
KWE,HGH,1394,2.74,6
KWE,HKG,860,2.08,1
KWE,HKT,2236,3.79,1
KWE,HZH,235,1.29,2
KWE,JJN,1197,2.5,3
KWE,KHN,932,2.17,3
KWE,KMG,419,1.52,7
KWE,KWL,356,1.45,2
KWE,LHW,1149,2.44,1
KWE,LJG,652,1.81,2
KWE,LZO,292,1.36,1
KWE,MIG,579,1.72,1
KWE,NKG,1305,2.63,4
KWE,NNG,458,1.57,2
KWE,PEK,1756,3.19,4
KWE,PVG,1547,2.93,5
KWE,SHA,1506,2.88,6
KWE,SIN,2817,4.52,1
KWE,SWA,1032,2.29,1
KWE,SYX,954,2.19,4
KWE,SZX,831,2.04,5
KWE,TAO,1679,3.1,1
KWE,TEN,290,1.36,1
KWE,TNA,1510,2.89,2
KWE,TPE,1453,2.82,2
KWE,TYN,1361,2.7,1
KWE,URC,2597,4.25,1
KWE,WNZ,1397,2.75,3
KWE,WUH,863,2.08,5
KWE,WUZ,564,1.71,1
KWE,XIY,899,2.12,8
KWE,XMN,1157,2.45,3
KWE,XNN,1198,2.5,1
KWE,XUZ,1327,2.66,2
KWE,YIH,639,1.8,1
KWE,ZUH,835,2.04,3
KWI,AMD,2550,4.19,1
KWI,AMM,1180,2.48,3
KWI,AUH,850,2.06,4
KWI,AWZ,247,1.31,2
KWI,BAH,420,1.52,4
KWI,BEY,1287,2.61,3
KWI,BKK,5678,8.1,1
KWI,BOM,2758,4.45,2
KWI,CCJ,3529,5.41,1
KWI,CGP,4434,6.54,1
KWI,CMB,4142,6.18,3
KWI,COK,3637,5.55,1
KWI,DAC,4241,6.3,2
KWI,DEL,2830,4.54,1
KWI,DMM,355,1.44,6
KWI,DWC,859,2.07,2
KWI,DXB,854,2.07,4
KWI,GOI,3063,4.83,1
KWI,IFN,540,1.68,1
KWI,IKA,750,1.94,1
KWI,JED,1219,2.52,5
KWI,KBL,2087,3.61,1
KWI,KUL,6381,8.98,1
KWI,LHE,2543,4.18,3
KWI,LRR,650,1.81,1
KWI,MAA,3777,5.72,1
KWI,MCT,1202,2.5,2
KWI,MED,970,2.21,2
KWI,MHD,1340,2.67,3
KWI,NJF,459,1.57,2
KWI,PEW,2286,3.86,1
KWI,RIY,1626,3.03,1
KWI,RUH,491,1.61,4
KWI,SHJ,862,2.08,1
KWI,SKT,2539,4.17,1
KWI,SYZ,449,1.56,2
KWI,TIF,1139,2.42,1
KWI,TRV,3800,5.75,1
KWJ,CJU,182,1.23,2
KWJ,GMP,271,1.34,2
KWL,AEB,353,1.44,1
KWL,BHY,416,1.52,1
KWL,BKK,1609,3.01,1
KWL,CAN,388,1.48,1
KWL,CGO,1097,2.37,6
KWL,CKG,602,1.75,6
KWL,CTU,844,2.05,5
KWL,CZX,1207,2.51,1
KWL,FOC,968,2.21,4
KWL,HAK,589,1.74,3
KWL,HFE,1017,2.27,1
KWL,HGH,1164,2.46,8
KWL,HKG,510,1.64,3
KWL,ICN,2064,3.58,2
KWL,KMG,716,1.9,3
KWL,KUL,2653,4.32,1
KWL,KWE,356,1.45,2
KWL,LHW,1397,2.75,1
KWL,LJG,992,2.24,1
KWL,NGB,1237,2.55,4
KWL,NKG,1126,2.41,4
KWL,NNG,347,1.43,2
KWL,PEK,1761,3.2,5
KWL,PUS,2122,3.65,1
KWL,PVG,1327,2.66,7
KWL,SHA,1290,2.61,2
KWL,SHE,2205,3.76,1
KWL,SJW,1517,2.9,2
KWL,SWA,680,1.85,1
KWL,SYX,772,1.96,1
KWL,SZX,479,1.6,3
KWL,TNA,1463,2.83,2
KWL,TPE,1127,2.41,2
KWL,TSN,1691,3.11,1
KWL,TYN,1414,2.77,2
KWL,WNZ,1116,2.4,1
KWL,WUH,742,1.93,1
KWL,XIY,1034,2.29,6
KWL,XMN,819,2.02,6
KWL,ZUH,493,1.62,1
KYP,RGN,392,1.49,1
KYZ,IKT,687,1.86,1
KZO,ALA,927,2.16,1
KZO,KGF,804,2.0,1
KZO,SCO,1157,2.45,1
KZO,TSE,827,2.03,1
LAO,MNL,411,1.51,2
LBD,CEK,1783,3.23,2
LBD,HMA,2315,3.89,1
LBD,KJA,2428,4.04,3
LBD,NJC,2352,3.94,1
LBD,OVB,1904,3.38,3
LBD,REN,1687,3.11,2
LBD,SGC,2363,3.95,1
LBD,SVX,1947,3.43,2
LBD,TJM,1914,3.39,1
LBD,UFA,1897,3.37,1
LBD,URC,1521,2.9,1
LBJ,DPS,520,1.65,2
LBJ,ENE,199,1.25,2
LBU,BKI,113,1.14,1
LBU,KUL,1528,2.91,2
LBU,MYY,177,1.22,1
LCA,AMM,414,1.52,1
LCA,AUH,2333,3.92,2
LCA,BAH,1885,3.36,1
LCA,BEY,207,1.26,2
LCA,DXB,2343,3.93,1
LCA,SVX,3175,4.97,1
LCA,TLV,339,1.42,3
LCX,SHA,760,1.95,1
LDS,DLC,1148,2.44,1
LDS,HRB,317,1.4,1
LDU,BKI,271,1.34,1
LGK,KCH,1295,2.62,1
LGK,KUL,455,1.57,4
LGK,PEN,130,1.16,4
LGK,SIN,728,1.91,5
LGK,SZB,409,1.51,3
LGL,MUR,124,1.16,1
LGL,MYY,164,1.21,1
LGP,CEB,318,1.4,1
LGP,MNL,329,1.41,3
LHE,AUH,2090,3.61,7
LHE,BAH,2381,3.98,2
LHE,BHV,353,1.44,2
LHE,BKK,3337,5.17,1
LHE,DEA,413,1.52,1
LHE,DEL,419,1.52,1
LHE,DMM,2452,4.06,2
LHE,DXB,1985,3.48,3
LHE,JED,3653,5.57,4
LHE,KHI,1022,2.28,3
LHE,KUL,4291,6.36,1
LHE,KWI,2543,4.18,3
LHE,MCT,1814,3.27,3
LHE,MED,3477,5.35,1
LHE,MHD,1458,2.82,1
LHE,MUX,320,1.4,1
LHE,PEW,385,1.48,1
LHE,RUH,2802,4.5,3
LHE,RYK,529,1.66,1
LHE,SHJ,1968,3.46,1
LHE,SKZ,687,1.86,1
LHE,UET,726,1.91,3
LHW,CAN,1729,3.16,2
LHW,CGO,951,2.19,4
LHW,CKG,806,2.01,3
LHW,CSX,1291,2.61,4
LHW,CTU,661,1.83,4
LHW,DNH,868,2.08,2
LHW,HFE,1363,2.7,1
LHW,HGH,1707,3.13,3
LHW,IQN,366,1.46,3
LHW,JGN,592,1.74,3
LHW,KMG,1271,2.59,3
LHW,KWE,1149,2.44,1
LHW,KWL,1397,2.75,1
LHW,LXA,1430,2.79,1
LHW,NKG,1498,2.87,1
LHW,NNG,1607,3.01,1
LHW,PEK,1197,2.5,5
LHW,PVG,1779,3.22,3
LHW,SHA,1736,3.17,2
LHW,SHE,1802,3.25,1
LHW,SJW,997,2.25,1
LHW,SZX,1828,3.29,1
LHW,TNA,1212,2.51,4
LHW,TPE,2103,3.63,1
LHW,TSN,1239,2.55,2
LHW,TYN,810,2.01,4
LHW,URC,1594,2.99,9
LHW,WUH,1168,2.46,3
LHW,XIY,518,1.65,6
LHW,YCU,686,1.86,2
LJG,CAN,1364,2.71,2
LJG,CGO,1564,2.96,1
LJG,CKG,712,1.89,7
LJG,CSX,1291,2.61,2
LJG,CTU,564,1.71,5
LJG,HFE,1747,3.18,1
LJG,HGH,2010,3.51,5
LJG,HKG,1465,2.83,1
LJG,ICN,2732,4.42,1
LJG,JHG,526,1.66,5
LJG,KMG,321,1.4,7
LJG,KWE,652,1.81,2
LJG,KWL,992,2.24,1
LJG,MIG,685,1.86,1
LJG,NGB,2104,3.63,1
LJG,NKG,1889,3.36,2
LJG,NNG,920,2.15,1
LJG,PEK,2120,3.65,4
LJG,SHA,2109,3.64,1
LJG,SIN,2845,4.56,1
LJG,SJW,1867,3.33,1
LJG,SZX,1442,2.8,1
LJG,TCZ,262,1.33,1
LJG,TNA,1958,3.45,1
LJG,TPE,2105,3.63,1
LJG,TYN,1691,3.11,1
LJG,WUH,1435,2.79,3
LJG,XIY,1186,2.48,5
LKH,MUR,110,1.14,1
LKH,MYY,144,1.18,1
LKO,BLR,1544,2.93,1
LKO,BOM,1184,2.48,5
LKO,DED,464,1.58,1
LKO,DEL,423,1.53,6
LKO,DXB,2552,4.19,1
LKO,JED,4251,6.31,1
LKO,MCT,2299,3.87,1
LKO,PAT,439,1.55,1
LKO,RUH,3417,5.27,1
LLF,CSX,260,1.32,1
LLF,KMG,880,2.1,1
LLF,SZX,468,1.58,1
LMN,MYY,126,1.16,1
LNJ,KMG,331,1.41,2
LOE,DMK,410,1.51,1
LOP,BMU,266,1.33,1
LOP,CGK,1100,2.38,2
LOP,DPS,122,1.15,2
LOP,JOG,652,1.81,1
LOP,KOE,826,2.03,1
LOP,KUL,2060,3.58,1
LOP,SIN,1765,3.21,3
LOP,SUB,414,1.52,3
LOP,UPG,547,1.68,1
LPQ,BKK,707,1.88,4
LPQ,CNX,358,1.45,1
LPQ,HAN,407,1.51,2
LPQ,JHG,273,1.34,1
LPQ,PKZ,654,1.82,1
LPQ,REP,742,1.93,2
LPQ,VTE,216,1.27,2
LPT,BKK,527,1.66,1
LRR,DXB,286,1.36,1
LRR,KWI,650,1.81,1
LRR,SHJ,284,1.35,1
LRR,SYZ,271,1.34,1
LRR,THR,937,2.17,1
LTI,BYN,345,1.43,1
LUH,DEL,278,1.35,1
LUM,CAN,1505,2.88,1
LUM,CTU,870,2.09,1
LUM,KMG,451,1.56,3
LUM,PEK,2424,4.03,1
LUV,AMQ,558,1.7,2
LUW,UPG,572,1.71,2
LWY,BKI,140,1.18,1
LWY,BKM,100,1.12,1
LWY,MYY,168,1.21,1
LXA,BPX,613,1.77,1
LXA,CKG,1522,2.9,8
LXA,CTU,1263,2.58,5
LXA,DIG,872,2.09,1
LXA,GXH,1263,2.58,1
LXA,KMG,1276,2.59,1
LXA,KTM,571,1.71,1
LXA,LHW,1430,2.79,1
LXA,LZY,332,1.42,1
LXA,MIG,1347,2.68,1
LXA,NGQ,1083,2.35,1
LXA,PEK,2622,4.28,2
LXA,XIY,1776,3.22,3
LXA,XNN,1312,2.64,2
LXG,VTE,353,1.44,1
LYA,BHY,1499,2.87,1
LYA,CAN,1265,2.58,1
LYA,CKG,777,1.97,1
LYA,DLC,939,2.17,1
LYA,KHN,733,1.92,1
LYA,KMG,1405,2.76,1
LYA,PEK,700,1.88,1
LYA,SHA,923,2.15,1
LYA,SHE,1235,2.54,1
LYG,CAN,1356,2.7,1
LYG,CTU,1466,2.83,1
LYG,DLC,543,1.68,2
LYG,FOC,963,2.2,1
LYG,HGH,505,1.63,1
LYG,HKG,1447,2.81,1
LYG,HSN,611,1.76,1
LYG,NAY,620,1.77,2
LYG,PEK,645,1.81,1
LYG,SHA,440,1.55,2
LYG,SHE,883,2.1,1
LYG,WUH,607,1.76,1
LYG,XUZ,134,1.17,1
LYI,CAN,1387,2.73,2
LYI,CSX,907,2.13,1
LYI,DLC,517,1.65,1
LYI,HGH,568,1.71,1
LYI,NAY,556,1.69,2
LYI,PEK,582,1.73,1
LYI,PVG,537,1.67,1
LYI,SHA,507,1.63,2
LYI,SHE,856,2.07,2
LYI,SZX,1450,2.81,1
LYI,WNZ,826,2.03,1
LYI,WUH,615,1.77,1
LYI,XIY,885,2.11,1
LYI,YIW,652,1.81,1
LYP,KHI,918,2.15,2
LZH,CAN,408,1.51,1
LZH,CKG,671,1.84,1
LZH,CSX,585,1.73,1
LZH,CTU,889,2.11,1
LZH,KMG,660,1.82,1
LZH,PEK,1889,3.36,2
LZH,PVG,1444,2.8,1
LZH,SHA,1408,2.76,1
LZH,SYX,657,1.82,1
LZH,SZX,483,1.6,1
LZH,WUH,872,2.09,1
LZH,XMN,886,2.11,1
LZH,ZUH,475,1.59,1
LZO,CAN,995,2.24,2
LZO,CSX,768,1.96,2
LZO,HAK,1116,2.4,1
LZO,HGH,1462,2.83,1
LZO,KMG,483,1.6,1
LZO,KWE,292,1.36,1
LZO,NNG,748,1.94,1
LZO,PEK,1613,3.02,1
LZO,PVG,1599,3.0,1
LZO,SZX,1089,2.36,1
LZO,XIY,699,1.87,1
LZY,CTU,937,2.17,4
LZY,LXA,332,1.42,1
MAA,AMD,1375,2.72,2
MAA,AUH,2966,4.71,2
MAA,BAH,3415,5.27,1
MAA,BKK,2227,3.78,2
MAA,BLR,268,1.33,5
MAA,BOM,1033,2.29,7
MAA,CCJ,502,1.63,1
MAA,CCU,1386,2.73,3
MAA,CJB,404,1.5,4
MAA,CMB,647,1.81,4
MAA,COK,518,1.65,5
MAA,DAC,1617,3.02,1
MAA,DEL,1761,3.2,5
MAA,DMK,2212,3.77,1
MAA,DMM,3501,5.38,1
MAA,DXB,2933,4.67,2
MAA,GOI,733,1.92,4
MAA,HKG,3713,5.64,1
MAA,HRI,753,1.94,2
MAA,IXM,417,1.52,4
MAA,IXZ,1373,2.72,5
MAA,JED,4445,6.56,1
MAA,KUL,2629,4.29,4
MAA,KWI,3777,5.72,1
MAA,MCT,2589,4.24,2
MAA,PNQ,913,2.14,3
MAA,RUH,3749,5.69,1
MAA,SHJ,2922,4.65,2
MAA,SIN,2925,4.66,7
MAA,TRV,614,1.77,4
MAA,TRZ,294,1.37,3
MAA,VTZ,620,1.77,2
MAQ,DMK,381,1.48,1
MBE,HND,1021,2.28,1
MBT,MNL,369,1.46,1
MCT,AMD,1466,2.83,1
MCT,AMM,2368,3.96,2
MCT,AUH,381,1.48,11
MCT,BAH,827,2.03,3
MCT,BEY,2489,4.11,1
MCT,BKK,4590,6.74,1
MCT,BLR,2349,3.94,1
MCT,BOM,1590,2.99,4
MCT,CCJ,2327,3.91,2
MCT,CGP,3429,5.29,3
MCT,CMB,2940,4.67,3
MCT,COK,2434,4.04,3
MCT,DAC,3262,5.08,1
MCT,DEL,1957,3.45,2
MCT,DMM,913,2.14,1
MCT,DWC,348,1.44,1
MCT,DXB,348,1.44,4
MCT,GWD,448,1.56,1
MCT,IKA,1484,2.85,1
MCT,IXE,2111,3.64,1
MCT,JAI,1798,3.25,1
MCT,JED,1973,3.47,1
MCT,KHI,912,2.14,3
MCT,KHS,353,1.44,1
MCT,KTM,2746,4.43,1
MCT,KUL,5209,7.51,2
MCT,KWI,1202,2.5,2
MCT,LHE,1814,3.27,3
MCT,LKO,2299,3.87,1
MCT,MAA,2589,4.24,2
MCT,MED,1888,3.36,2
MCT,PEW,1729,3.16,2
MCT,RUH,1184,2.48,2
MCT,SHJ,340,1.43,1
MCT,SKT,1861,3.33,2
MCT,SLL,850,2.06,1
MCT,SYZ,870,2.09,1
MCT,TRV,2600,4.25,3
MCT,TUK,548,1.69,1
MCT,ZBR,296,1.37,1
MDC,BPN,946,2.18,2
MDC,CGK,2201,3.75,3
MDC,GTO,252,1.31,1
MDC,NAH,247,1.31,1
MDC,SIN,2327,3.91,3
MDC,SOQ,758,1.95,1
MDC,SUB,1673,3.09,3
MDC,TTE,284,1.35,3
MDC,UPG,947,2.18,2
MDG,DLC,908,2.13,1
MDG,ICN,827,2.03,2
MDG,PEK,1175,2.47,4
MDG,PVG,1635,3.04,1
MDG,SHE,589,1.74,1
MDG,TAO,1202,2.5,1
MDL,BKK,1025,2.28,3
MDL,DMK,995,2.24,1
MDL,HEH,136,1.17,3
MDL,KMG,804,2.0,1
MDL,MYT,433,1.54,2
MDL,NYU,123,1.15,3
MDL,RGN,533,1.67,2
MDL,THL,432,1.54,2
MED,AHB,766,1.96,1
MED,AMM,876,2.09,2
MED,AUH,1512,2.89,2
MED,BAH,1114,2.39,2
MED,DMM,1035,2.29,2
MED,DXB,1580,2.98,3
MED,ELQ,453,1.57,1
MED,GIZ,902,2.13,1
MED,JED,324,1.41,2
MED,KHI,2768,4.46,1
MED,KWI,970,2.21,1
MED,LHE,3477,5.35,1
MED,MCT,1888,3.36,1
MED,MUX,3183,4.98,2
MED,RUH,708,1.89,2
MED,SHJ,1596,3.0,1
MED,TUU,523,1.65,1
MED,ULH,266,1.33,1
MFM,BKK,1652,3.06,2
MFM,CGO,1376,2.72,2
MFM,CKG,1091,2.36,2
MFM,CNX,1569,2.96,1
MFM,CRK,1067,2.33,1
MFM,CTU,1341,2.68,2
MFM,DAD,884,2.1,1
MFM,DMK,1649,3.06,1
MFM,FOC,746,1.93,2
MFM,FUK,2084,3.6,1
MFM,HAN,811,2.01,1
MFM,HFE,1132,2.42,2
MFM,HGH,1128,2.41,4
MFM,ICN,2103,3.63,3
MFM,JJN,589,1.74,2
MFM,KHH,697,1.87,3
MFM,KIX,2513,4.14,2
MFM,KMG,1134,2.42,1
MFM,KUL,2510,4.14,1
MFM,MNL,1156,2.45,4
MFM,MWX,1894,3.37,1
MFM,NGB,1160,2.45,2
MFM,NKG,1187,2.48,2
MFM,NNG,560,1.7,2
MFM,NRT,2999,4.75,2
MFM,OKJ,2419,4.02,1
MFM,PEK,2014,3.52,2
MFM,PUS,2078,3.6,2
MFM,PVG,1290,2.61,6
MFM,RMQ,756,1.94,2
MFM,SHA,1266,2.58,4
MFM,SHE,2356,3.94,2
MFM,SIN,2535,4.17,1
MFM,TPE,844,2.05,3
MFM,TYN,1737,3.17,2
MFM,WUH,962,2.2,2
MFM,WUX,1240,2.55,1
MFM,XMN,534,1.67,4
MGZ,KAW,266,1.33,1
MGZ,TVY,190,1.24,1
MHD,ABD,1244,2.55,2
MHD,ACZ,598,1.75,1
MHD,ADU,1019,2.27,1
MHD,AWZ,1142,2.43,3
MHD,AZD,690,1.86,3
MHD,BAH,1399,2.75,2
MHD,BEY,2210,3.76,1
MHD,BND,1049,2.31,2
MHD,BUZ,1156,2.45,1
MHD,DMM,1431,2.79,2
MHD,DXB,1287,2.61,1
MHD,DYU,851,2.06,1
MHD,GBT,474,1.59,1
MHD,HDM,1014,2.27,1
MHD,HEA,325,1.41,1
MHD,IFN,811,2.01,3
MHD,KBL,887,2.11,1
MHD,KDH,777,1.97,1
MHD,KIH,1205,2.51,1
MHD,KSH,1151,2.44,2
MHD,KWI,1340,2.67,3
MHD,LHE,1458,2.82,1
MHD,MED,2304,3.88,1
MHD,MZR,679,1.85,1
MHD,NSH,733,1.92,1
MHD,RAS,900,2.12,3
MHD,RZR,803,2.0,1
MHD,SHJ,1275,2.59,1
MHD,SRY,578,1.72,2
MHD,SYZ,993,2.24,3
MHD,TBZ,1205,2.51,3
MHD,THR,752,1.94,4
MHD,UET,950,2.19,1
MHD,XBJ,373,1.47,1
MHD,ZAH,761,1.95,3
MHD,ZBR,1202,2.5,1
MIG,CAN,1229,2.54,1
MIG,CGO,915,2.14,2
MIG,CSX,893,2.12,2
MIG,KMG,725,1.91,2
MIG,KWE,579,1.72,1
MIG,LJG,685,1.86,1
MIG,LXA,1347,2.68,1
MIG,NKG,1337,2.67,1
MIG,PEK,1436,2.79,2
MIG,PVG,1620,3.02,2
MIG,SHA,1575,2.97,1
MIG,SHE,2016,3.52,1
MIG,SYX,1533,2.92,1
MIG,SZX,1326,2.66,2
MIG,XIY,503,1.63,1
MIG,XNN,619,1.77,1
MJD,KHI,287,1.36,1
MJD,SKZ,77,1.1,1
MJZ,IKT,1276,2.59,1
MJZ,KJA,1402,2.75,2
MJZ,OVB,1967,3.46,2
MJZ,PYJ,440,1.55,1
MJZ,YKS,812,2.01,2
MKM,KCH,249,1.31,1
MKM,MYY,264,1.33,1
MKQ,DJJ,661,1.83,3
MKW,AMQ,733,1.92,1
MKW,DJJ,743,1.93,2
MKW,FKQ,300,1.38,1
MKW,SOQ,307,1.38,2
MKW,UPG,1675,3.09,1
MLG,CGK,698,1.87,2
MLG,DPS,285,1.36,1
MMB,CTS,235,1.29,2
MMB,HND,999,2.25,3
MMB,NGO,1185,2.48,1
MMJ,CTS,803,2.0,1
MMJ,FUK,739,1.92,1
MMY,HND,1833,3.29,1
MMY,ISG,115,1.14,1
MMY,OKA,283,1.35,3
MNL,AUH,6984,9.73,2
MNL,BAH,7370,10.21,2
MNL,BCD,468,1.58,3
MNL,BKI,1097,2.37,2
MNL,BKK,2188,3.73,4
MNL,BWN,1255,2.57,2
MNL,BXU,786,1.98,3
MNL,CAN,1278,2.6,3
MNL,CBO,888,2.11,3
MNL,CEB,567,1.71,5
MNL,CGK,2788,4.48,3
MNL,CRM,450,1.56,2
MNL,CYP,468,1.58,1
MNL,CYZ,280,1.35,1
MNL,DGT,627,1.78,3
MNL,DMM,7451,10.31,2
MNL,DPL,704,1.88,2
MNL,DPS,2665,4.33,2
MNL,DVO,964,2.21,3
MNL,DWC,6929,9.66,2
MNL,DXB,6906,9.63,3
MNL,FUK,2324,3.9,1
MNL,GES,1040,2.3,3
MNL,HAN,1773,3.22,1
MNL,HKG,1146,2.43,4
MNL,HKT,2574,4.22,1
MNL,HND,2996,4.75,2
MNL,ICN,2609,4.26,6
MNL,ILO,439,1.55,3
MNL,JED,8595,11.74,1
MNL,KHH,900,2.12,1
MNL,KIX,2635,4.29,3
MNL,KLO,347,1.43,6
MNL,KUL,2490,4.11,3
MNL,LAO,411,1.51,2
MNL,LGP,329,1.41,3
MNL,MBT,369,1.46,1
MNL,MFM,1156,2.45,4
MNL,MPH,305,1.38,3
MNL,MYY,1370,2.71,1
MNL,NGO,2760,4.45,3
MNL,NRT,3051,4.81,5
MNL,OZC,768,1.96,3
MNL,PAG,789,1.99,1
MNL,PEK,2876,4.6,3
MNL,PPS,584,1.73,5
MNL,PUS,2431,4.04,3
MNL,PVG,1851,3.31,4
MNL,REP,1860,3.33,1
MNL,RUH,7778,10.72,2
MNL,RXS,374,1.47,3
MNL,SGN,1611,3.01,3
MNL,SIN,2375,3.97,5
MNL,SJI,239,1.3,1
MNL,SUG,717,1.9,2
MNL,TAC,567,1.71,4
MNL,TAG,620,1.77,3
MNL,TPE,1175,2.47,6
MNL,TUG,357,1.45,3
MNL,USU,283,1.35,2
MNL,VRC,359,1.45,1
MNL,WNP,264,1.33,2
MNL,XMN,1156,2.45,3
MNL,ZAM,851,2.06,3
MOF,DPS,777,1.97,1
MOF,KOE,232,1.29,2
MPH,CEB,285,1.36,1
MPH,MNL,305,1.38,3
MQF,SVX,395,1.49,1
MRX,IFN,354,1.44,1
MRX,THR,605,1.76,1
MSJ,HND,589,1.74,1
MSJ,ITM,839,2.05,1
MUR,BBN,137,1.17,1
MUR,LGL,124,1.16,1
MUR,LKH,110,1.14,1
MUR,MYY,41,1.05,1
MUR,ODN,83,1.1,1
MUX,DXB,1671,3.09,2
MUX,JED,3349,5.19,1
MUX,KHI,723,1.9,3
MUX,LHE,320,1.4,1
MUX,MED,3183,4.98,2
MUX,SHJ,1654,3.07,1
MUX,UET,431,1.54,1
MWX,CJU,165,1.21,1
MWX,MFM,1894,3.37,1
MWX,PEK,1032,2.29,2
MWX,PVG,604,1.75,1
MWX,TSN,924,2.16,1
MXV,ULN,529,1.66,2
MXZ,CAN,307,1.38,1
MXZ,HKG,321,1.4,1
MXZ,RMQ,455,1.57,1
MXZ,SZX,304,1.38,1
MXZ,ZUH,384,1.48,1
MYJ,HND,675,1.84,2
MYJ,ICN,695,1.87,2
MYJ,ITM,273,1.34,2
MYJ,KIX,243,1.3,1
MYJ,NGO,394,1.49,1
MYJ,NRT,734,1.92,1
MYJ,OKA,978,2.22,1
MYJ,PVG,1064,2.33,2
MYQ,BLR,157,1.2,1
MYT,MDL,433,1.54,2
MYT,PBU,217,1.27,1
MYT,RGN,951,2.19,1
MYY,BBN,178,1.22,1
MYY,BKI,291,1.36,2
MYY,BTU,171,1.21,1
MYY,JHB,1184,2.48,1
MYY,KCH,513,1.64,3
MYY,KUL,1374,2.72,2
MYY,LBU,177,1.22,1
MYY,LGL,164,1.21,1
MYY,LKH,144,1.18,1
MYY,LMN,126,1.16,1
MYY,LWY,168,1.21,1
MYY,MKM,264,1.33,1
MYY,MNL,1370,2.71,1
MYY,MUR,41,1.05,1
MYY,MZV,96,1.12,1
MYY,ODN,124,1.16,1
MYY,PEN,1523,2.9,1
MYY,SBW,319,1.4,1
MYY,SIN,1158,2.45,1
MYY,TGG,1212,2.51,1
MZG,KHH,133,1.17,1
MZG,KNH,160,1.2,1
MZG,RMQ,127,1.16,1
MZG,TSA,257,1.32,2
MZR,IKA,1449,2.81,1
MZR,KBL,299,1.37,2
MZV,BKI,251,1.31,1
MZV,BWN,101,1.13,2
MZV,KCH,571,1.71,2
MZV,MYY,96,1.12,1
NAG,BLR,889,2.11,1
NAG,BOM,683,1.85,5
NAG,CCU,985,2.23,2
NAG,DEL,854,2.07,2
NAG,IDR,381,1.48,1
NAG,PNQ,605,1.76,2
NAG,RPR,279,1.35,1
NAG,SHJ,2447,4.06,1
NAH,MDC,247,1.31,1
NAJ,KVD,187,1.23,1
NAO,CAN,1084,2.35,1
NAO,KMG,708,1.89,1
NAO,PEK,1397,2.75,1
NAO,PVG,1491,2.86,1
NAO,SZX,1182,2.48,1
NAO,XIY,473,1.59,1
NAW,DMK,831,2.04,1
NAY,ACX,1951,3.44,2
NAY,AVA,1792,3.24,2
NAY,BAV,550,1.69,2
NAY,BFJ,1718,3.15,2
NAY,CAN,1846,3.31,2
NAY,CIF,345,1.43,2
NAY,CIH,486,1.61,2
NAY,CKG,1428,2.79,2
NAY,CSX,1322,2.65,2
NAY,CTU,1522,2.9,2
NAY,CZX,926,2.16,2
NAY,DAT,250,1.31,2
NAY,DSN,560,1.7,2
NAY,ENY,692,1.86,2
NAY,FUO,1883,3.35,2
NAY,HET,405,1.51,2
NAY,HLD,1082,2.35,2
NAY,HLH,846,2.06,2
NAY,HRB,1034,2.29,2
NAY,HSN,1222,2.53,2
NAY,IQN,889,2.11,2
NAY,JUH,1012,2.26,2
NAY,JUZ,1225,2.53,2
NAY,KHN,1215,2.52,2
NAY,LYG,620,1.77,2
NAY,LYI,556,1.69,2
NAY,NDG,1027,2.28,2
NAY,NGB,1200,2.5,2
NAY,NNY,828,2.04,2
NAY,NZH,1090,2.36,2
NAY,SHA,1054,2.32,2
NAY,SZX,1922,3.4,2
NAY,UYN,608,1.76,2
NAY,WNZ,1382,2.73,2
NAY,WUA,819,2.02,2
NAY,XFN,925,2.16,2
NAY,XIL,461,1.58,2
NAY,XMN,1702,3.13,2
NAY,ZHA,2143,3.68,2
NBS,CGQ,265,1.33,1
NBS,PEK,949,2.19,1
NBS,SHE,344,1.43,2
NBS,TSN,925,2.16,1
NBX,AMQ,823,2.03,1
NBX,DJJ,564,1.71,1
NBX,KNG,202,1.25,1
NCU,TAS,811,2.01,1
NDG,NAY,1027,2.28,2
NDG,PEK,990,2.24,3
NDG,PVG,1799,3.25,1
NDG,TAO,1255,2.57,2
NGB,BKK,2784,4.48,1
NGB,CAN,1081,2.35,3
NGB,CGO,887,2.11,1
NGB,CGQ,1619,3.02,2
NGB,CJU,628,1.79,1
NGB,CKG,1429,2.79,3
NGB,CSX,822,2.03,5
NGB,CTU,1684,3.1,3
NGB,DLC,1016,2.27,4
NGB,DMK,2777,4.47,1
NGB,HAK,1561,2.95,2
NGB,HKG,1125,2.41,4
NGB,HRB,1805,3.26,2
NGB,ICN,967,2.21,1
NGB,KHH,814,2.02,1
NGB,KHN,550,1.69,2
NGB,KMG,1900,3.38,2
NGB,KWL,1237,2.55,4
NGB,LJG,2104,3.63,1
NGB,MFM,1160,2.45,2
NGB,NAY,1200,2.5,2
NGB,PEK,1223,2.53,5
NGB,RMQ,624,1.78,2
NGB,SHE,1326,2.66,1
NGB,SIN,3665,5.58,1
NGB,SJW,1127,2.41,1
NGB,SWA,854,2.07,2
NGB,SYX,1769,3.21,2
NGB,SZX,1104,2.38,4
NGB,TAO,723,1.9,5
NGB,TPE,529,1.66,3
NGB,TSN,1100,2.38,2
NGB,WEF,789,1.99,1
NGB,WUH,704,1.88,2
NGB,XIY,1301,2.63,1
NGB,XMN,674,1.84,3
NGB,YIH,962,2.2,1
NGB,ZUH,1187,2.48,1
NGO,AKJ,1093,2.37,1
NGO,AXT,609,1.76,1
NGO,BKK,4310,6.39,3
NGO,CJU,960,2.2,1
NGO,CTS,976,2.22,4
NGO,DLC,1430,2.79,1
NGO,FUK,601,1.75,3
NGO,GMP,947,2.18,1
NGO,HAN,3380,5.22,2
NGO,HKD,844,2.05,1
NGO,HKG,2625,4.28,3
NGO,HND,281,1.35,1
NGO,IBR,358,1.45,1
NGO,ICN,973,2.22,6
NGO,ISG,1679,3.1,1
NGO,KIJ,402,1.5,1
NGO,KMI,598,1.75,1
NGO,KMJ,594,1.74,1
NGO,KOJ,659,1.82,2
NGO,KUL,5085,7.36,1
NGO,MMB,1185,2.48,1
NGO,MNL,2760,4.45,3
NGO,MYJ,394,1.49,1
NGO,NGS,672,1.84,1
NGO,NRT,340,1.43,3
NGO,OIT,491,1.61,2
NGO,OKA,1302,2.63,3
NGO,PEK,1872,3.34,3
NGO,PUS,717,1.9,2
NGO,PVG,1457,2.82,5
NGO,SDJ,518,1.65,2
NGO,SGN,4055,6.07,1
NGO,SHE,1384,2.73,1
NGO,SIN,5041,7.3,2
NGO,TAO,1493,2.87,2
NGO,TPE,1849,3.31,3
NGO,TSN,1788,3.23,2
NGQ,KHG,904,2.13,1
NGQ,LXA,1083,2.35,1
NGS,FUJ,105,1.13,2
NGS,HND,953,2.19,2
NGS,ICN,596,1.75,1
NGS,IKI,93,1.12,2
NGS,ITM,551,1.69,2
NGS,KIX,521,1.65,1
NGS,NGO,672,1.84,1
NGS,OKA,779,1.97,1
NGS,PVG,789,1.99,2
NGS,TSJ,161,1.2,2
NGS,UKB,526,1.66,1
NJC,HMA,399,1.5,1
NJC,LBD,2352,3.94,1
NJC,OMS,691,1.86,1
NJC,OVB,753,1.94,3
NJC,SVX,1013,2.27,2
NJC,TJM,761,1.95,1
NJF,AMM,795,1.99,1
NJF,BAH,877,2.1,1
NJF,BEY,857,2.07,1
NJF,DXB,1305,2.63,1
NJF,IKA,731,1.91,2
NJF,KWI,459,1.57,2
NJF,SHJ,1312,2.64,1
NKG,BAV,1261,2.58,1
NKG,CAN,1078,2.35,6
NKG,CGO,560,1.7,1
NKG,CGQ,1487,2.86,6
NKG,CIF,1167,2.46,1
NKG,CKG,1189,2.49,5
NKG,CSX,672,1.84,6
NKG,CTU,1424,2.78,5
NKG,DLC,839,2.05,5
NKG,DSN,1184,2.48,1
NKG,DYG,859,2.07,2
NKG,FOC,650,1.81,8
NKG,HAK,1558,2.95,5
NKG,HET,1192,2.49,3
NKG,HKG,1157,2.45,6
NKG,HRB,1670,3.09,3
NKG,ICN,942,2.18,2
NKG,JJN,773,1.97,3
NKG,KHH,1030,2.29,1
NKG,KHN,428,1.54,2
NKG,KIX,1553,2.94,2
NKG,KMG,1722,3.15,8
NKG,KWE,1305,2.63,4
NKG,KWL,1126,2.41,4
NKG,LHW,1498,2.87,1
NKG,LJG,1889,3.36,2
NKG,MFM,1187,2.48,2
NKG,MIG,1337,2.67,1
NKG,NNG,1465,2.83,3
NKG,NRT,2035,3.54,2
NKG,PEK,949,2.19,4
NKG,PUS,1009,2.26,2
NKG,PVG,287,1.36,1
NKG,RMQ,849,2.06,1
NKG,SHE,1175,2.47,6
NKG,SIN,3722,5.65,1
NKG,SJW,820,2.02,2
NKG,SWA,940,2.17,2
NKG,SYX,1770,3.21,3
NKG,SZX,1128,2.41,5
NKG,TAO,522,1.65,3
NKG,TGO,1346,2.68,1
NKG,TPE,776,1.97,3
NKG,TYN,877,2.1,3
NKG,URC,3046,4.81,1
NKG,XIY,988,2.24,6
NKG,XMN,804,2.0,8
NKG,XNN,1634,3.04,1
NKG,YCU,817,2.02,1
NKG,YNT,670,1.84,3
NKG,ZYI,1235,2.54,1
NKM,AOJ,693,1.87,1
NKM,GAJ,466,1.58,1
NKM,HNA,595,1.74,1
NKM,KCZ,354,1.44,1
NKM,KIJ,359,1.45,1
NKM,KMJ,620,1.77,1
NLT,URC,334,1.42,2
NMA,CEK,1754,3.19,1
NMA,KJA,2268,3.83,1
NMA,OVB,1760,3.2,1
NMA,SVX,1915,3.39,2
NMA,TAS,193,1.24,1
NNG,BKK,1265,2.58,2
NNG,CAN,532,1.67,3
NNG,CGO,1435,2.79,4
NNG,CKG,805,2.01,4
NNG,CSX,801,2.0,4
NNG,CTU,981,2.23,3
NNG,FOC,1222,2.53,4
NNG,HAK,380,1.48,4
NNG,HAN,289,1.36,1
NNG,HFE,1361,2.7,1
NNG,HGH,1485,2.86,4
NNG,HKG,591,1.74,1
NNG,JJN,1088,2.36,1
NNG,KHH,1250,2.56,2
NNG,KHN,1040,2.3,3
NNG,KMG,601,1.75,6
NNG,KUL,2316,3.9,1
NNG,KWE,458,1.57,2
NNG,KWL,347,1.43,2
NNG,LHW,1607,3.01,1
NNG,LJG,920,2.15,1
NNG,LZO,748,1.94,1
NNG,MFM,560,1.7,2
NNG,NKG,1465,2.83,3
NNG,PEK,2098,3.62,4
NNG,PNH,1280,2.6,1
NNG,PVG,1650,3.06,3
NNG,RGN,1409,2.76,1
NNG,RMQ,1283,2.6,1
NNG,SGN,1321,2.65,1
NNG,SHA,1615,3.02,5
NNG,SIN,2407,4.01,1
NNG,SWA,859,2.07,1
NNG,SYX,496,1.62,4
NNG,SZX,579,1.72,5
NNG,TPE,1356,2.7,2
NNG,TSA,1387,2.73,1
NNG,VTE,778,1.97,1
NNG,WNZ,1404,2.75,1
NNG,WUH,1088,2.36,7
NNG,WUZ,329,1.41,1
NNG,XIY,1318,2.65,5
NNG,XMN,1037,2.3,6
NNG,ZUH,539,1.67,3
NNT,CNX,192,1.24,1
NNT,DMK,545,1.68,1
NNY,CAN,1068,2.33,1
NNY,CGO,205,1.26,1
NNY,CTU,861,2.08,1
NNY,HGH,801,2.0,1
NNY,NAY,828,2.04,2
NNY,SHA,845,2.06,1
NNY,SZX,1156,2.45,1
NOJ,SLY,556,1.69,1
NOJ,SVX,1073,2.34,1
NOJ,TJM,862,2.08,1
NOJ,UFA,1460,2.83,1
NRT,AUH,8088,11.11,2
NRT,BKI,4144,6.18,2
NRT,BKK,4649,6.81,8
NRT,BOM,6786,9.48,2
NRT,CAN,2944,4.68,6
NRT,CEB,3280,5.1,1
NRT,CGK,5839,8.3,3
NRT,CGQ,1549,2.94,1
NRT,CJU,1294,2.62,2
NRT,CMB,6894,9.62,1
NRT,CTS,788,1.98,6
NRT,CTU,3420,5.28,2
NRT,DEL,5909,8.39,3
NRT,DLC,1700,3.12,5
NRT,DPS,5611,8.01,2
NRT,DXB,7979,10.97,2
NRT,FUK,940,2.17,4
NRT,HAN,3720,5.65,3
NRT,HGH,1956,3.44,2
NRT,HIJ,695,1.87,2
NRT,HKG,2962,4.7,5
NRT,ICN,1257,2.57,10
NRT,ITM,462,1.58,3
NRT,KHH,2428,4.04,5
NRT,KHV,1482,2.85,2
NRT,KIJ,268,1.33,1
NRT,KIX,491,1.61,4
NRT,KMQ,364,1.46,2
NRT,KOJ,995,2.24,1
NRT,KUL,5409,7.76,3
NRT,MFM,2999,4.75,2
NRT,MNL,3051,4.81,5
NRT,MYJ,734,1.92,1
NRT,NGO,340,1.43,3
NRT,NKG,2035,3.54,2
NRT,OIT,831,2.04,1
NRT,OKA,1612,3.02,5
NRT,PEK,2135,3.67,6
NRT,PUS,1038,2.3,5
NRT,PVG,1796,3.25,5
NRT,RGN,4831,7.04,1
NRT,SDJ,268,1.33,1
NRT,SGN,4383,6.48,4
NRT,SHE,1602,3.0,4
NRT,SIN,5358,7.7,8
NRT,TAK,605,1.76,1
NRT,TAO,1798,3.25,3
NRT,TAS,6042,8.55,1
NRT,TPE,2181,3.73,10
NRT,ULN,3061,4.83,1
NRT,UUS,1252,2.56,1
NRT,VVO,1103,2.38,2
NRT,XMN,2468,4.08,3
NRT,YGJ,647,1.81,1
NSH,MHD,733,1.92,1
NSH,THR,109,1.14,1
NSK,ABA,1744,3.18,1
NSK,KJA,1483,2.85,1
NSK,OVB,1607,3.01,3
NSK,SVX,1905,3.38,2
NSK,UFA,2275,3.84,1
NST,DMK,602,1.75,2
NTQ,HND,318,1.4,1
NTX,BTH,567,1.71,1
NUX,OMS,1247,2.56,1
NUX,OVB,1273,2.59,1
NUX,SLY,446,1.56,1
NUX,SVX,1325,2.66,2
NUX,TJM,1147,2.43,2
NUX,UFA,1696,3.12,2
NVI,TAS,369,1.46,1
NYA,EYK,184,1.23,1
NYA,SVX,655,1.82,1
NYA,TJM,547,1.68,2
NYM,OVS,646,1.81,1
NYM,SLY,301,1.38,1
NYM,SVX,1159,2.45,1
NYM,TJM,1001,2.25,1
NYM,UFA,1523,2.9,1
NYT,BKK,819,2.02,1
NYT,KMG,921,2.15,1
NYU,HEH,199,1.25,1
NYU,MDL,123,1.15,3
NYU,RGN,492,1.61,3
NZH,COQ,253,1.32,1
NZH,HET,1060,2.33,1
NZH,HRB,799,2.0,1
NZH,HTA,393,1.49,1
NZH,IKT,954,2.19,1
NZH,KJA,1809,3.26,1
NZH,NAY,1090,2.36,2
NZH,OVB,2408,4.01,1
NZH,PEK,1056,2.32,1
NZH,UUD,739,1.92,1
OBO,HND,852,2.06,3
ODN,MUR,83,1.1,1
ODN,MYY,124,1.16,1
ODO,IKT,882,2.1,2
ODY,VTE,305,1.38,1
OHE,HEK,455,1.57,1
OHE,HRB,856,2.07,1
OHE,JGD,306,1.38,1
OIM,HND,94,1.12,1
OIT,HND,772,1.96,2
OIT,ICN,652,1.81,1
OIT,ITM,370,1.46,3
OIT,NGO,491,1.61,2
OIT,NRT,831,2.04,1
OKA,CTS,2242,3.8,1
OKA,FUK,865,2.08,3
OKA,HIJ,1046,2.31,1
OKA,HKG,1457,2.82,3
OKA,HND,1554,2.94,3
OKA,ICN,1259,2.57,3
OKA,ISG,396,1.5,4
OKA,ITM,1211,2.51,2
OKA,KHH,841,2.05,1
OKA,KIJ,1694,3.12,1
OKA,KIX,1169,2.46,4
OKA,KMI,732,1.92,1
OKA,KMJ,801,2.0,1
OKA,KMQ,1405,2.76,1
OKA,KOJ,691,1.86,1
OKA,MMY,283,1.35,3
OKA,MYJ,978,2.22,1
OKA,NGO,1302,2.63,3
OKA,NGS,779,1.97,1
OKA,NRT,1612,3.02,5
OKA,OKJ,1122,2.4,1
OKA,PEK,1852,3.31,2
OKA,PUS,1007,2.26,1
OKA,PVG,792,1.99,3
OKA,RMQ,738,1.92,1
OKA,SDJ,1819,3.27,1
OKA,TAK,1081,2.35,1
OKA,TPE,655,1.82,3
OKA,UEO,95,1.12,1
OKA,UKB,1186,2.48,2
OKA,YGJ,1163,2.45,1
OKJ,CTS,1120,2.4,2
OKJ,HND,546,1.68,2
OKJ,ICN,730,1.91,1
OKJ,MFM,2419,4.02,1
OKJ,OKA,1122,2.4,1
OKJ,PVG,1193,2.49,2
OKJ,TPE,1622,3.03,2
OMH,MED,1544,2.93,1
OMH,THR,599,1.75,2
OMS,DWC,3660,5.58,1
OMS,DYU,1857,3.32,1
OMS,EVN,2692,4.37,1
OMS,GYD,2352,3.94,1
OMS,HMA,718,1.9,1
OMS,NJC,691,1.86,1
OMS,NUX,1247,2.56,1
OMS,OVB,595,1.74,1
OMS,TAS,1553,2.94,1
OMS,TSE,456,1.57,1
ONJ,HND,518,1.65,1
OSS,CEK,1832,3.29,2
OSS,FRU,306,1.38,3
OSS,IKT,2716,4.39,2
OSS,KJA,2244,3.81,2
OSS,OVB,1759,3.2,4
OSS,SGC,2306,3.88,2
OSS,SVX,1992,3.49,3
OSS,URC,1261,2.58,2
OVB,ALA,1358,2.7,1
OVB,BKK,4856,7.07,1
OVB,BTK,1199,2.5,1
OVB,CEK,1339,2.67,2
OVB,CIT,1701,3.13,1
OVB,DXB,3988,5.99,1
OVB,DYU,2104,3.63,2
OVB,EVN,3254,5.07,1
OVB,FEG,1818,3.27,1
OVB,FRU,1454,2.82,4
OVB,GYD,2885,4.61,2
OVB,HKG,4464,6.58,1
OVB,HKT,5397,7.75,1
OVB,HMA,1038,2.3,1
OVB,HRB,3207,5.01,1
OVB,HTA,2037,3.55,1
OVB,IKT,1459,2.82,3
OVB,KHV,3597,5.5,3
OVB,KJA,631,1.79,2
OVB,LBD,1904,3.38,3
OVB,MJZ,1967,3.46,1
OVB,NJC,753,1.94,3
OVB,NMA,1760,3.2,1
OVB,NSK,1607,3.01,3
OVB,NUX,1273,2.59,1
OVB,NZH,2408,4.01,1
OVB,OMS,595,1.74,1
OVB,OSS,1759,3.2,4
OVB,PEK,2995,4.74,2
OVB,PYJ,2007,3.51,1
OVB,SGC,887,2.11,1
OVB,SLY,1544,2.93,1
OVB,SVX,1370,2.71,5
OVB,TAS,1816,3.27,2
OVB,TJM,1098,2.37,1
OVB,TSE,868,2.08,1
OVB,URC,1282,2.6,3
OVB,UUD,1672,3.09,1
OVB,VVO,3730,5.66,2
OVB,YKS,2775,4.47,2
OVS,EYK,307,1.38,1
OVS,NYM,646,1.81,1
OVS,SVX,534,1.67,1
OVS,TJM,470,1.59,1
OZC,CEB,237,1.3,1
OZC,MNL,768,1.96,3
PAG,CEB,281,1.35,1
PAG,MNL,789,1.99,1
PAT,CCU,472,1.59,4
PAT,DEL,857,2.07,5
PAT,IXR,254,1.32,2
PAT,LKO,439,1.55,1
PBD,BOM,439,1.55,2
PBH,CCU,537,1.67,1
PBH,DAC,408,1.51,1
PBH,GAU,259,1.32,1
PBH,IXB,135,1.17,1
PBH,KTM,402,1.5,1
PBU,MYT,217,1.27,1
PEE,DWC,3672,5.59,1
PEK,ALA,3271,5.09,2
PEK,AOG,541,1.68,1
PEK,AQG,1057,2.32,1
PEK,AUH,5955,8.44,3
PEK,BAV,561,1.7,3
PEK,BHY,2174,3.72,2
PEK,BKK,3317,5.15,3
PEK,CAN,1881,3.35,4
PEK,CGD,1321,2.65,1
PEK,CGK,5238,7.55,1
PEK,CGO,664,1.83,3
PEK,CGQ,868,2.08,5
PEK,CHG,362,1.45,2
PEK,CIF,309,1.39,2
PEK,CIH,522,1.65,2
PEK,CJJ,1021,2.28,2
PEK,CJU,1144,2.43,2
PEK,CKG,1464,2.83,6
PEK,CMB,5164,7.46,1
PEK,CNX,2908,4.63,1
PEK,CSX,1358,2.7,5
PEK,CTS,2107,3.63,2
PEK,CTU,1556,2.95,6
PEK,CZX,952,2.19,3
PEK,DAT,264,1.33,2
PEK,DAX,1293,2.62,2
PEK,DDG,655,1.82,2
PEK,DEL,3809,5.76,1
PEK,DLC,443,1.55,6
PEK,DOY,344,1.43,1
PEK,DQA,1012,2.26,3
PEK,DSN,578,1.72,2
PEK,DXB,5845,8.31,2
PEK,DYG,1343,2.68,3
PEK,ENY,722,1.9,1
PEK,FNJ,783,1.98,2
PEK,FOC,1599,3.0,5
PEK,FUG,804,2.0,2
PEK,GMP,927,2.16,4
PEK,GYD,5503,7.88,1
PEK,GYS,1296,2.62,2
PEK,HAK,2315,3.89,5
PEK,HAN,2332,3.92,2
PEK,HET,412,1.52,4
PEK,HFE,925,2.16,3
PEK,HGH,1150,2.44,8
PEK,HIA,735,1.92,1
PEK,HKG,1992,3.49,6
PEK,HKT,3990,5.99,2
PEK,HLD,1046,2.31,5
PEK,HLH,809,2.01,2
PEK,HMI,1928,3.41,2
PEK,HND,2092,3.62,4
PEK,HRB,999,2.25,6
PEK,HSN,1244,2.55,2
PEK,HYN,1355,2.69,2
PEK,ICN,903,2.13,4
PEK,IKA,5646,8.06,1
PEK,IKT,1644,3.06,1
PEK,JDZ,1196,2.5,2
PEK,JIQ,1370,2.71,1
PEK,JIU,1181,2.48,2
PEK,JJN,1710,3.14,2
PEK,JMU,1346,2.68,3
PEK,JNG,533,1.67,1
PEK,JXA,1325,2.66,2
PEK,KHH,1978,3.47,1
PEK,KHN,1249,2.56,4
PEK,KHV,1746,3.18,3
PEK,KIX,1763,3.2,2
PEK,KJA,2505,4.13,3
PEK,KMG,2095,3.62,6
PEK,KOW,1591,2.99,3
PEK,KUL,4413,6.52,2
PEK,KWE,1756,3.19,4
PEK,KWL,1761,3.2,5
PEK,LHW,1197,2.5,5
PEK,LJG,2120,3.65,4
PEK,LUM,2424,4.03,1
PEK,LXA,2622,4.28,2
PEK,LYA,700,1.88,1
PEK,LYG,645,1.81,1
PEK,LYI,582,1.73,1
PEK,LZH,1889,3.36,2
PEK,LZO,1613,3.02,1
PEK,MDG,1175,2.47,4
PEK,MFM,2014,3.52,2
PEK,MIG,1436,2.79,2
PEK,MNL,2876,4.6,3
PEK,MWX,1032,2.29,2
PEK,NAO,1397,2.75,1
PEK,NBS,949,2.19,1
PEK,NDG,990,2.24,3
PEK,NGB,1223,2.53,5
PEK,NGO,1872,3.34,4
PEK,NKG,949,2.19,4
PEK,NNG,2098,3.62,4
PEK,NRT,2135,3.67,6
PEK,NZH,1056,2.32,1
PEK,OKA,1852,3.31,2
PEK,OVB,2995,4.74,2
PEK,PUS,1215,2.52,4
PEK,PVG,1100,2.38,6
PEK,REP,3217,5.02,1
PEK,RGN,3244,5.05,1
PEK,RLK,753,1.94,2
PEK,SGN,3398,5.25,1
PEK,SHA,1076,2.34,7
PEK,SHE,605,1.76,4
PEK,SIN,4491,6.61,2
PEK,SVX,4365,6.46,2
PEK,SWA,1838,3.3,3
PEK,SYX,2517,4.15,4
PEK,SZX,1957,3.45,4
PEK,TAE,1154,2.44,1
PEK,TAO,538,1.67,5
PEK,TAS,3942,5.93,2
PEK,TEN,1512,2.89,1
PEK,TGO,605,1.76,3
PEK,TLV,7141,9.93,2
PEK,TNA,363,1.45,2
PEK,TPE,1723,3.15,4
PEK,TSE,3652,5.57,1
PEK,TXN,1160,2.45,2
PEK,TYN,429,1.54,3
PEK,ULN,1165,2.46,2
PEK,URC,2430,4.04,4
PEK,UUD,1481,2.85,1
PEK,UYN,632,1.79,1
PEK,VVO,1341,2.68,1
PEK,WEF,441,1.55,1
PEK,WNZ,1409,2.76,4
PEK,WUA,835,2.04,3
PEK,WUH,1056,2.32,5
PEK,WUS,1383,2.73,2
PEK,WUX,1015,2.27,3
PEK,WXN,1267,2.58,1
PEK,XFN,962,2.2,2
PEK,XIL,430,1.54,2
PEK,XIY,934,2.17,5
PEK,XMN,1734,3.17,6
PEK,XNN,1327,2.66,5
PEK,YBP,1668,3.08,2
PEK,YCU,737,1.92,2
PEK,YIC,1381,2.73,2
PEK,YIH,1155,2.44,4
PEK,YIW,1234,2.54,3
PEK,YKS,2604,4.25,2
PEK,YNJ,1115,2.39,3
PEK,YNT,511,1.64,4
PEK,YNZ,807,2.01,2
PEK,YTY,882,2.1,2
PEK,ZHA,2179,3.72,2
PEK,ZHY,1028,2.29,1
PEK,ZUH,2032,3.54,3
PEK,ZYI,1645,3.06,3
PEN,BKI,1747,3.18,1
PEN,BKK,934,2.17,2
PEN,BTJ,538,1.67,2
PEN,CAN,2449,4.06,1
PEN,CGK,1454,2.82,1
PEN,DMK,959,2.2,1
PEN,HKG,2393,3.99,3
PEN,HKT,381,1.48,2
PEN,JHB,554,1.69,1
PEN,KBR,243,1.3,3
PEN,KCH,1195,2.49,1
PEN,KUA,366,1.46,2
PEN,KUL,325,1.41,4
PEN,LGK,130,1.16,4
PEN,MYY,1523,2.9,1
PEN,SIN,602,1.75,6
PEN,SUB,1978,3.47,1
PEN,SZB,279,1.35,3
PEN,TPE,3135,4.92,1
PEN,USM,473,1.59,2
PEW,AAN,1882,3.35,1
PEW,AUH,1947,3.43,4
PEW,BAH,2179,3.72,1
PEW,CJL,212,1.27,1
PEW,DSK,239,1.3,1
PEW,DXB,1835,3.29,2
PEW,JED,3445,5.31,2
PEW,KBL,221,1.28,1
PEW,KHI,1095,2.37,3
PEW,KUL,4676,6.84,1
PEW,KWI,2286,3.86,1
PEW,LHE,385,1.48,1
PEW,MCT,1729,3.16,2
PEW,RUH,2595,4.24,3
PEW,SHJ,1818,3.27,3
PFQ,THR,530,1.66,1
PGK,BTH,429,1.54,1
PGK,CGK,444,1.56,4
PGK,PLM,180,1.23,1
PGK,TJQ,191,1.24,1
PGU,AWZ,585,1.73,1
PGU,IFN,603,1.75,1
PGU,RAS,1144,2.43,1
PGU,SYZ,241,1.3,1
PGU,THR,934,2.17,1
PHS,CNX,261,1.33,1
PHS,DMK,321,1.4,2
PJG,KHI,379,1.47,1
PKC,KHV,1704,3.13,2
PKC,VVO,2211,3.76,2
PKN,BDJ,353,1.44,1
PKN,CGK,674,1.84,1
PKN,KTG,214,1.27,1
PKN,SOC,544,1.68,1
PKN,SRG,496,1.62,1
PKN,SUB,534,1.67,1
PKR,KTM,146,1.18,1
PKU,BDO,1064,2.33,2
PKU,BTH,306,1.38,2
PKU,CGK,933,2.17,6
PKU,JOG,1354,2.69,2
PKU,KUL,256,1.32,1
PKU,SIN,300,1.38,3
PKU,SZB,297,1.37,2
PKY,CGK,917,2.15,2
PKY,SUB,587,1.73,1
PKZ,LPQ,654,1.82,1
PKZ,REP,286,1.36,1
PKZ,SGN,489,1.61,1
PKZ,VTE,467,1.58,1
PKZ,ZVK,192,1.24,1
PLM,BTH,452,1.56,2
PLM,CGK,419,1.52,4
PLM,DPS,1328,2.66,1
PLM,JOG,836,2.04,1
PLM,KUL,710,1.89,1
PLM,PGK,180,1.23,1
PLM,SIN,479,1.6,3
PLM,TKG,266,1.33,1
PLW,BPN,338,1.42,2
PLW,CGK,1580,2.98,2
PLW,SUB,1068,2.33,1
PLW,UPG,462,1.58,3
PLX,ALA,815,2.02,1
PLX,TSE,622,1.78,1
PLX,UKK,165,1.21,1
PNH,BKK,504,1.63,4
PNH,CAN,1592,2.99,1
PNH,DMK,529,1.66,1
PNH,HAN,1081,2.35,2
PNH,HKG,1536,2.92,1
PNH,ICN,3598,5.5,2
PNH,KUL,1038,2.3,2
PNH,NNG,1280,2.6,1
PNH,PVG,2790,4.49,1
PNH,REP,236,1.29,1
PNH,RGN,1112,2.39,1
PNH,SGN,213,1.27,3
PNH,SIN,1138,2.42,5
PNH,TPE,2288,3.86,2
PNH,VTE,757,1.95,2
PNK,BTH,604,1.75,1
PNK,CGK,731,1.91,3
PNK,KCH,210,1.26,1
PNK,KTG,195,1.24,1
PNQ,AMD,517,1.65,2
PNQ,BLR,723,1.9,5
PNQ,BOM,124,1.16,2
PNQ,CCU,1577,2.97,1
PNQ,COK,975,2.22,1
PNQ,DEL,1156,2.45,6
PNQ,GOI,356,1.45,2
PNQ,IDR,500,1.62,2
PNQ,MAA,913,2.14,3
PNQ,NAG,605,1.76,2
PNQ,SHJ,2038,3.55,2
PPK,ALA,1391,2.74,1
PPK,TSE,444,1.56,1
PPS,BKI,518,1.65,1
PPS,CEB,575,1.72,1
PPS,DVO,811,2.01,1
PPS,ILO,426,1.53,1
PPS,MNL,584,1.73,5
PQC,HAN,1244,2.55,1
PQC,SGN,300,1.38,3
PQC,VCA,188,1.23,1
PRH,DMK,472,1.59,1
PSJ,UPG,423,1.53,1
PUS,BKK,3698,5.62,4
PUS,CAN,2000,3.5,1
PUS,CEB,2811,4.51,3
PUS,CJU,291,1.36,3
PUS,CSX,1675,3.09,1
PUS,CTS,1386,2.73,1
PUS,FUK,225,1.28,3
PUS,GMP,327,1.41,2
PUS,HAN,2736,4.42,2
PUS,HGH,967,2.21,2
PUS,HKG,2043,3.55,4
PUS,KHH,1630,3.04,1
PUS,KIX,582,1.73,5
PUS,KLO,2696,4.37,2
PUS,KUL,4570,6.71,1
PUS,KWL,2122,3.65,1
PUS,MFM,2078,3.6,2
PUS,MNL,2431,4.04,3
PUS,NGO,717,1.9,2
PUS,NKG,1009,2.26,2
PUS,NRT,1038,2.3,5
PUS,OKA,1007,2.26,2
PUS,PEK,1215,2.52,4
PUS,PVG,801,2.0,4
PUS,REP,3493,5.37,2
PUS,SGN,3523,5.4,2
PUS,SHE,861,2.08,2
PUS,TAO,782,1.98,5
PUS,TPE,1345,2.68,2
PUS,TXN,1170,2.46,1
PUS,TYN,1484,2.85,1
PUS,VVO,955,2.19,1
PUS,WUH,1457,2.82,1
PUS,XIY,1841,3.3,1
PVG,ACX,1782,3.23,1
PVG,AOG,1112,2.39,2
PVG,AUH,6550,9.19,2
PVG,BAV,1490,2.86,1
PVG,BHY,1639,3.05,2
PVG,BKI,2866,4.58,2
PVG,BKK,2897,4.62,5
PVG,BWN,3001,4.75,1
PVG,CAN,1203,2.5,6
PVG,CGK,4446,6.56,2
PVG,CGO,833,2.04,3
PVG,CGQ,1469,2.84,5
PVG,CJU,513,1.64,4
PVG,CKG,1461,2.83,7
PVG,CMB,5099,7.37,1
PVG,CNX,2674,4.34,3
PVG,CSX,892,2.12,2
PVG,CTS,2181,3.73,2
PVG,CTU,1704,3.13,7
PVG,DAD,2173,3.72,1
PVG,DAT,1243,2.55,1
PVG,DAX,1367,2.71,1
PVG,DDG,1013,2.27,1
PVG,DEL,4291,6.36,2
PVG,DLC,870,2.09,7
PVG,DOY,760,1.95,1
PVG,DPS,4492,6.62,1
PVG,DXB,6448,9.06,1
PVG,DYG,1116,2.4,3
PVG,FOC,616,1.77,2
PVG,FUK,856,2.07,3
PVG,HAK,1686,3.11,5
PVG,HAN,1937,3.42,2
PVG,HDG,907,2.13,1
PVG,HET,1402,2.75,2
PVG,HFE,433,1.54,2
PVG,HIJ,1101,2.38,2
PVG,HKG,1256,2.57,7
PVG,HKT,3534,5.42,4
PVG,HMI,2798,4.5,1
PVG,HRB,1655,3.07,5
PVG,HSN,145,1.18,1
PVG,IBR,1808,3.26,1
PVG,ICN,822,2.03,5
PVG,IKA,6443,9.05,1
PVG,JJN,773,1.97,2
PVG,JMU,1897,3.37,1
PVG,JNZ,1109,2.39,2
PVG,JZH,1717,3.15,3
PVG,KHH,963,2.2,4
PVG,KHN,622,1.78,3
PVG,KIJ,1754,3.19,2
PVG,KIX,1307,2.63,7
PVG,KMG,1966,3.46,6
PVG,KMQ,1469,2.84,2
PVG,KOJ,848,2.06,2
PVG,KUL,3797,5.75,4
PVG,KWE,1547,2.93,5
PVG,KWL,1327,2.66,7
PVG,LHW,1779,3.22,2
PVG,LYI,537,1.67,1
PVG,LZH,1444,2.8,1
PVG,LZO,1599,3.0,1
PVG,MDG,1635,3.04,1
PVG,MFM,1290,2.61,6
PVG,MIG,1620,3.02,2
PVG,MNL,1851,3.31,4
PVG,MWX,604,1.75,1
PVG,MYJ,1064,2.33,2
PVG,NAO,1491,2.86,1
PVG,NDG,1799,3.25,1
PVG,NGO,1457,2.82,5
PVG,NGS,789,1.99,2
PVG,NKG,287,1.36,1
PVG,NNG,1650,3.06,4
PVG,NRT,1796,3.25,5
PVG,OKA,792,1.99,3
PVG,OKJ,1193,2.49,2
PVG,PEK,1100,2.38,6
PVG,PNH,2790,4.49,2
PVG,PUS,801,2.0,4
PVG,REP,2696,4.37,3
PVG,RMQ,774,1.97,1
PVG,SDJ,1909,3.39,2
PVG,SGN,2746,4.43,2
PVG,SHE,1177,2.47,5
PVG,SHP,999,2.25,2
PVG,SIN,3806,5.76,3
PVG,SJW,1025,2.28,1
PVG,SWA,993,2.24,1
PVG,SYX,1896,3.37,5
PVG,SZX,1233,2.54,6
PVG,TAE,826,2.03,1
PVG,TAK,1192,2.49,1
PVG,TAO,585,1.73,6
PVG,TGO,1381,2.73,1
PVG,TNA,763,1.95,1
PVG,TOY,1544,2.93,2
PVG,TPE,677,1.85,8
PVG,TSA,676,1.84,3
PVG,TSN,975,2.22,3
PVG,TYN,1116,2.4,2
PVG,URC,3312,5.14,2
PVG,WEF,660,1.82,1
PVG,WNZ,371,1.46,3
PVG,WUH,725,1.91,5
PVG,WXN,1275,2.59,2
PVG,XFN,907,2.13,1
PVG,XIY,1273,2.59,8
PVG,XMN,818,2.02,4
PVG,XNN,1917,3.4,1
PVG,YBP,1681,3.1,1
PVG,YCU,1095,2.37,2
PVG,YNJ,1470,2.84,2
PVG,YNT,697,1.87,3
PVG,YNY,993,2.24,1
PVG,ZHA,1587,2.98,3
PVG,ZUH,1316,2.65,4
PWQ,ALA,983,2.23,1
PWQ,TSE,408,1.51,1
PXU,DAD,228,1.28,1
PXU,HAN,836,2.04,1
PXU,SGN,384,1.48,1
PYJ,MJZ,440,1.55,1
PYJ,OVB,2007,3.51,1
PYJ,YKS,977,2.22,2
PYY,CNX,87,1.11,1
PZH,DSK,149,1.19,1
PZH,UET,271,1.34,1
PZI,CKG,592,1.74,1
PZI,CTU,496,1.62,3
RAE,JED,1045,2.31,1
RAE,RUH,858,2.07,1
RAH,RUH,608,1.76,1
RAJ,BOM,419,1.52,3
RAS,AWZ,670,1.84,1
RAS,BND,1290,2.61,1
RAS,MED,1703,3.13,1
RAS,MHD,900,2.12,3
RAS,PGU,1144,2.43,1
RAS,SYZ,908,2.13,1
RAS,THR,237,1.3,2
RDN,SIN,503,1.63,1
RDN,SZB,335,1.42,1
REN,DYU,1802,3.25,2
REN,LBD,1687,3.11,2
REP,BKK,333,1.42,2
REP,CAN,1493,2.87,2
REP,DAD,555,1.69,4
REP,DMK,351,1.44,1
REP,HAN,894,2.12,3
REP,HKG,1456,2.82,1
REP,ICN,3490,5.36,4
REP,KMG,1303,2.63,1
REP,KOS,315,1.39,1
REP,KUL,1208,2.51,2
REP,LPQ,742,1.93,2
REP,MNL,1860,3.33,1
REP,PEK,3217,5.02,1
REP,PKZ,286,1.36,1
REP,PNH,236,1.29,4
REP,PUS,3493,5.37,2
REP,PVG,2696,4.37,3
REP,SGN,422,1.53,2
REP,SIN,1341,2.68,4
REP,TPE,2238,3.8,1
RGN,AKY,497,1.62,2
RGN,BKK,611,1.76,4
RGN,CAN,1930,3.41,2
RGN,CCU,1027,2.28,1
RGN,CNX,364,1.46,1
RGN,DAC,975,2.22,1
RGN,DMK,584,1.73,2
RGN,HAN,1124,2.41,1
RGN,HEH,433,1.54,3
RGN,HKG,1955,3.44,1
RGN,ICN,3742,5.68,3
RGN,KMG,1152,2.44,2
RGN,KUL,1688,3.11,3
RGN,KYP,392,1.49,1
RGN,MDL,533,1.67,2
RGN,MYT,951,2.19,1
RGN,NNG,1409,2.76,1
RGN,NRT,4831,7.04,1
RGN,NYU,492,1.61,3
RGN,PEK,3244,5.05,1
RGN,PNH,1112,2.39,1
RGN,SGN,1321,2.65,1
RGN,SIN,1932,3.42,6
RGN,SNW,260,1.32,1
RGN,THL,564,1.71,1
RGN,TPE,2754,4.44,1
RGN,TVY,383,1.48,1
RIY,ADE,512,1.64,2
RIY,AUH,1219,2.52,1
RIY,DXB,1333,2.67,1
RIY,JED,1331,2.66,1
RIY,KWI,1626,3.03,1
RIY,SAH,561,1.7,2
RIY,SCT,539,1.67,2
RIY,SHJ,1348,2.69,1
RJH,DAC,192,1.24,1
RLK,HET,343,1.43,1
RLK,PEK,753,1.94,2
RLK,XIY,726,1.91,1
RMQ,CAN,751,1.94,1
RMQ,CGO,1315,2.64,1
RMQ,CSX,857,2.07,1
RMQ,FOC,209,1.26,1
RMQ,HAN,1556,2.95,1
RMQ,HGH,664,1.83,2
RMQ,HKG,719,1.9,3
RMQ,HUN,105,1.13,1
RMQ,KIX,1809,3.26,1
RMQ,KNH,230,1.29,1
RMQ,MFM,756,1.94,2
RMQ,MXZ,455,1.57,1
RMQ,MZG,127,1.16,1
RMQ,NGB,624,1.78,2
RMQ,NKG,849,2.06,1
RMQ,NNG,1283,2.6,1
RMQ,OKA,738,1.92,1
RMQ,PVG,774,1.97,1
RMQ,SGN,2101,3.63,1
RMQ,SZX,718,1.9,1
RMQ,TAO,1335,2.67,1
RMQ,TNA,1437,2.8,1
RMQ,XMN,254,1.32,2
ROI,DMK,419,1.52,1
RPR,BHO,510,1.64,2
RPR,BOM,955,2.19,2
RPR,CCU,711,1.89,1
RPR,DEL,945,2.18,4
RPR,IDR,636,1.79,1
RPR,VTZ,415,1.52,1
RSU,CJU,181,1.23,1
RSU,GMP,311,1.39,2
RUH,ABT,734,1.92,1
RUH,AHB,856,2.07,2
RUH,AJF,844,2.05,1
RUH,AMM,1289,2.61,3
RUH,AQI,380,1.48,1
RUH,AUH,805,2.01,3
RUH,BAH,421,1.53,2
RUH,BEY,1465,2.83,2
RUH,BHH,694,1.87,1
RUH,BLR,3500,5.38,1
RUH,BOM,2770,4.46,3
RUH,CAN,6686,9.36,1
RUH,CCJ,3442,5.3,2
RUH,CGK,7342,10.18,1
RUH,CMB,4040,6.05,3
RUH,COK,3540,5.42,1
RUH,DAC,4408,6.51,2
RUH,DEL,3037,4.8,2
RUH,DMM,353,1.44,2
RUH,DWC,853,2.07,1
RUH,DXB,873,2.09,4
RUH,EAM,850,2.06,1
RUH,ELQ,329,1.41,1
RUH,GIZ,992,2.24,2
RUH,HAS,571,1.71,1
RUH,HKG,6782,9.48,1
RUH,HOF,283,1.35,1
RUH,ICN,7492,10.37,1
RUH,JED,852,2.06,5
RUH,KHI,2061,3.58,2
RUH,KUL,6377,8.97,1
RUH,KWI,491,1.61,4
RUH,LHE,2802,4.5,3
RUH,LKO,3417,5.27,1
RUH,MAA,3749,5.69,1
RUH,MCT,1184,2.48,2
RUH,MED,708,1.89,2
RUH,MNL,7778,10.72,2
RUH,PEW,2595,4.24,3
RUH,RAE,858,2.07,1
RUH,RAH,608,1.76,1
RUH,SAH,1085,2.36,2
RUH,SHJ,888,2.11,1
RUH,SHW,834,2.04,1
RUH,SIN,6674,9.34,2
RUH,SKT,2816,4.52,1
RUH,TAI,1282,2.6,1
RUH,TIF,738,1.92,2
RUH,TRV,3688,5.61,1
RUH,TUI,1080,2.35,1
RUH,TUU,1070,2.34,1
RUH,ULH,875,2.09,1
RUH,URY,1169,2.46,1
RUH,YNB,878,2.1,1
RXS,MNL,374,1.47,3
RYK,AUH,1616,3.02,1
RYK,KHI,496,1.62,1
RYK,LHE,529,1.66,1
RZR,MHD,803,2.0,1
RZR,THR,147,1.18,1
SAH,AAY,855,2.07,2
SAH,ADE,307,1.38,3
SAH,AMM,1990,3.49,2
SAH,AUH,1475,2.84,1
SAH,AXK,298,1.37,1
SAH,BAH,1372,2.71,2
SAH,BEY,2220,3.77,1
SAH,DXB,1589,2.99,3
SAH,GXF,492,1.61,2
SAH,HOD,156,1.2,2
SAH,JED,872,2.09,2
SAH,KWI,1576,2.97,2
SAH,RIY,561,1.7,2
SAH,RUH,1085,2.36,2
SAH,TAI,199,1.25,2
SBW,BKI,609,1.76,1
SBW,BTU,150,1.19,1
SBW,JHB,927,2.16,1
SBW,KCH,201,1.25,2
SBW,KUL,1143,2.43,3
SBW,MYY,319,1.4,1
SCO,AKX,847,2.06,1
SCO,ALA,2081,3.6,2
SCO,CIT,1499,2.87,1
SCO,EVN,690,1.86,1
SCO,GUW,367,1.46,2
SCO,GYD,387,1.48,2
SCO,KZO,1157,2.45,1
SCO,TBS,557,1.7,1
SCO,TSE,1719,3.15,2
SCO,URA,811,2.01,1
SCT,RIY,539,1.67,2
SDG,THR,393,1.49,1
SDJ,CTS,520,1.65,6
SDJ,FUK,1070,2.34,4
SDJ,HIJ,826,2.03,2
SDJ,ICN,1272,2.59,2
SDJ,ITM,616,1.77,3
SDJ,KIX,655,1.82,1
SDJ,KMQ,444,1.56,2
SDJ,NGO,518,1.65,2
SDJ,NRT,268,1.33,1
SDJ,OKA,1819,3.27,1
SDJ,PVG,1909,3.39,2
SDJ,TPE,2354,3.94,2
SDJ,UKB,641,1.8,1
SDK,BKI,222,1.28,2
SDK,KUD,177,1.22,1
SDK,KUL,1846,3.31,2
SDK,TWU,176,1.22,1
SDV,ETH,284,1.35,2
SDV,HFA,81,1.1,1
SGC,DYU,2555,4.19,1
SGC,FRU,2034,3.54,2
SGC,LBD,2363,3.95,1
SGC,OSS,2306,3.88,2
SGC,OVB,887,2.11,1
SGC,SVX,881,2.1,1
SGC,TJM,650,1.81,1
SGC,TOF,873,2.09,1
SGC,UFA,1274,2.59,1
SGN,ALA,4606,6.76,1
SGN,AUH,5680,8.1,2
SGN,BKK,716,1.9,4
SGN,BMV,260,1.32,3
SGN,CAH,244,1.3,1
SGN,CAN,1566,2.96,2
SGN,CGK,1884,3.35,1
SGN,CXR,309,1.39,3
SGN,DAD,605,1.76,3
SGN,DLI,214,1.27,2
SGN,DMK,741,1.93,1
SGN,DXB,5619,8.02,1
SGN,FOC,2167,3.71,1
SGN,FUK,3504,5.38,2
SGN,HAN,1160,2.45,3
SGN,HKG,1493,2.87,4
SGN,HND,4324,6.41,1
SGN,HPH,1112,2.39,3
SGN,HUI,631,1.79,2
SGN,ICN,3563,5.45,3
SGN,KHH,1956,3.44,3
SGN,KIX,3910,5.89,2
SGN,KUL,1050,2.31,3
SGN,MNL,1611,3.01,3
SGN,NGO,4055,6.07,1
SGN,NNG,1321,2.65,1
SGN,NRT,4383,6.48,4
SGN,PEK,3398,5.25,1
SGN,PKZ,489,1.61,1
SGN,PNH,213,1.27,3
SGN,PQC,300,1.38,3
SGN,PUS,3523,5.4,2
SGN,PVG,2746,4.43,2
SGN,PXU,384,1.48,1
SGN,REP,422,1.53,2
SGN,RGN,1321,2.65,1
SGN,RMQ,2101,3.63,1
SGN,SIN,1093,2.37,5
SGN,TBB,383,1.48,1
SGN,TPE,2208,3.76,3
SGN,UIH,435,1.54,2
SGN,VCL,556,1.69,1
SGN,VCS,232,1.29,1
SGN,VDH,745,1.93,1
SGN,VII,887,2.11,3
SGN,VKG,192,1.24,1
SHA,AQG,415,1.52,1
SHA,BAV,1456,2.82,2
SHA,BFJ,1598,3.0,1
SHA,CAN,1176,2.47,7
SHA,CGD,967,2.21,1
SHA,CGO,791,1.99,3
SHA,CIH,944,2.18,1
SHA,CKG,1417,2.77,7
SHA,CSX,852,2.06,5
SHA,CTU,1659,3.07,7
SHA,FOC,608,1.76,4
SHA,FUG,560,1.7,2
SHA,GMP,866,2.08,4
SHA,HDG,870,2.09,1
SHA,HET,1371,2.71,2
SHA,HIA,355,1.44,1
SHA,HKG,1232,2.54,5
SHA,HND,1777,3.22,5
SHA,JDZ,450,1.56,2
SHA,JIQ,1214,2.52,1
SHA,JIU,565,1.71,1
SHA,JJN,761,1.95,3
SHA,JNG,650,1.81,2
SHA,JUH,352,1.44,1
SHA,KHN,584,1.73,2
SHA,KMG,1925,3.41,5
SHA,KOW,873,2.09,1
SHA,KWE,1506,2.88,6
SHA,KWL,1290,2.61,2
SHA,LCX,760,1.95,1
SHA,LHW,1736,3.17,3
SHA,LJG,2109,3.64,1
SHA,LYA,923,2.15,1
SHA,LYG,440,1.55,2
SHA,LYI,507,1.63,2
SHA,LZH,1408,2.76,1
SHA,MFM,1266,2.58,4
SHA,NAY,1054,2.32,2
SHA,NNG,1615,3.02,4
SHA,NNY,845,2.06,1
SHA,PEK,1076,2.34,7
SHA,SHE,1177,2.47,2
SHA,SJW,993,2.24,5
SHA,SWA,975,2.22,4
SHA,SYX,1869,3.34,3
SHA,SZX,1208,2.51,7
SHA,TAO,571,1.71,6
SHA,TNA,735,1.92,3
SHA,TSA,682,1.85,6
SHA,TSN,953,2.19,7
SHA,TXN,337,1.42,2
SHA,TYN,1080,2.35,4
SHA,URC,3272,5.09,6
SHA,WNZ,368,1.46,3
SHA,WUH,681,1.85,4
SHA,WUS,505,1.63,1
SHA,XIY,1229,2.54,5
SHA,XMN,804,2.0,6
SHA,XUZ,476,1.59,1
SHA,YIC,778,1.97,1
SHA,YIH,943,2.18,2
SHA,YNT,690,1.86,4
SHA,YNZ,270,1.34,1
SHA,ZUH,1292,2.62,4
SHA,ZYI,1444,2.8,1
SHB,CTS,280,1.35,1
SHB,HND,996,2.25,1
SHE,BAV,1135,2.42,1
SHE,CAN,2238,3.8,4
SHE,CGO,1156,2.45,3
SHE,CIF,384,1.48,1
SHE,CJJ,647,1.81,1
SHE,CJU,942,2.18,1
SHE,CKG,2011,3.51,1
SHE,CSX,1761,3.2,1
SHE,CTU,2135,3.67,3
SHE,CZX,1130,2.41,3
SHE,DAT,859,2.07,1
SHE,DSN,1174,2.47,1
SHE,FNJ,326,1.41,1
SHE,FUK,1085,2.36,1
SHE,HET,978,2.22,3
SHE,HFE,1226,2.53,1
SHE,HGH,1298,2.62,7
SHE,HKG,2328,3.91,1
SHE,HLH,520,1.65,1
SHE,ICN,529,1.66,2
SHE,JMU,802,2.0,1
SHE,JNG,940,2.17,1
SHE,JXA,743,1.93,1
SHE,KHN,1577,2.97,1
SHE,KIX,1303,2.63,2
SHE,KWL,2205,3.76,1
SHE,LHW,1802,3.25,1
SHE,LYA,1235,2.54,1
SHE,LYG,883,2.1,1
SHE,LYI,856,2.07,2
SHE,MDG,589,1.74,1
SHE,MFM,2356,3.94,2
SHE,MIG,2016,3.52,1
SHE,NBS,344,1.43,2
SHE,NGB,1326,2.66,1
SHE,NGO,1384,2.73,1
SHE,NKG,1175,2.47,6
SHE,NRT,1602,3.0,4
SHE,PEK,605,1.76,4
SHE,PUS,861,2.08,2
SHE,PVG,1177,2.47,5
SHE,SHA,1177,2.47,2
SHE,SJW,836,2.04,3
SHE,SZX,2297,3.87,3
SHE,TAO,655,1.82,9
SHE,TNA,757,1.95,5
SHE,TPE,1853,3.32,4
SHE,TSN,590,1.74,1
SHE,TYN,1024,2.28,4
SHE,WEF,671,1.84,1
SHE,WNZ,1545,2.93,2
SHE,WUH,1464,2.83,3
SHE,WUX,1160,2.45,2
SHE,XIY,1515,2.89,6
SHE,XMN,1964,3.46,3
SHE,XUZ,990,2.24,1
SHE,YIW,1402,2.75,1
SHE,YNT,505,1.63,1
SHE,YNZ,958,2.2,1
SHJ,ADE,1772,3.21,1
SHJ,AHB,1543,2.93,1
SHJ,ALA,2798,4.5,1
SHJ,AMD,1753,3.19,1
SHJ,AMM,2032,3.54,1
SHJ,AUH,132,1.17,1
SHJ,BAH,500,1.62,1
SHJ,BEY,2150,3.69,1
SHJ,BGW,1404,2.75,1
SHJ,BLR,2685,4.36,1
SHJ,BOM,1914,3.39,1
SHJ,BSR,965,2.21,1
SHJ,CCJ,2667,4.33,3
SHJ,CGP,3698,5.62,1
SHJ,CIT,2285,3.86,1
SHJ,CJB,2767,4.46,1
SHJ,CMB,3280,5.1,3
SHJ,COK,2774,4.47,4
SHJ,DAC,3521,5.4,1
SHJ,DEA,1560,2.95,1
SHJ,DEL,2167,3.71,1
SHJ,DMM,586,1.73,1
SHJ,DYU,1928,3.41,1
SHJ,EBL,1637,3.05,1
SHJ,ELQ,1180,2.48,1
SHJ,EVN,1945,3.43,1
SHJ,GOI,2203,3.75,1
SHJ,HAS,1397,2.75,1
SHJ,HOF,606,1.76,1
SHJ,IKA,1197,2.5,1
SHJ,IXE,2451,4.06,1
SHJ,JAI,2032,3.54,2
SHJ,JED,1716,3.15,1
SHJ,KHI,1173,2.47,2
SHJ,KTM,2974,4.72,1
SHJ,KWI,862,2.08,1
SHJ,LHE,1968,3.46,1
SHJ,LRR,284,1.35,1
SHJ,MAA,2922,4.65,2
SHJ,MCT,340,1.43,1
SHJ,MED,1596,3.0,1
SHJ,MHD,1275,2.59,1
SHJ,MUX,1654,3.07,1
SHJ,NAG,2447,4.06,1
SHJ,NJF,1312,2.64,1
SHJ,PEW,1818,3.27,3
SHJ,PNQ,2038,3.55,2
SHJ,RUH,888,2.11,1
SHJ,SKT,1998,3.5,2
SHJ,SLL,934,2.17,1
SHJ,SVX,3519,5.4,1
SHJ,SYZ,550,1.69,1
SHJ,TAS,2179,3.72,1
SHJ,TIF,1586,2.98,1
SHJ,TRV,2940,4.67,3
SHJ,TSE,3163,4.95,1
SHJ,TUK,756,1.94,1
SHJ,UET,1249,2.56,1
SHJ,UFA,3250,5.06,1
SHJ,YNB,1766,3.21,1
SHL,CCU,493,1.62,1
SHM,HND,455,1.57,1
SHP,DLC,191,1.24,1
SHP,PVG,999,2.25,2
SHP,SJW,473,1.59,3
SHP,TAO,415,1.52,1
SHW,JED,957,2.2,1
SHW,RUH,834,2.04,1
SIN,AMD,4157,6.2,1
SIN,AUH,5886,8.36,6
SIN,BDO,1000,2.25,5
SIN,BKI,1432,2.79,4
SIN,BKK,1417,2.77,9
SIN,BLR,3179,4.97,3
SIN,BOM,3922,5.9,3
SIN,BPN,1464,2.83,3
SIN,BWN,1278,2.6,2
SIN,CAN,2648,4.31,3
SIN,CCU,2904,4.63,4
SIN,CEB,2423,4.03,4
SIN,CGK,882,2.1,10
SIN,CJB,3164,4.96,2
SIN,CKG,3167,4.96,2
SIN,CMB,2750,4.44,5
SIN,CNX,2013,3.52,4
SIN,COK,3202,5.0,3
SIN,CRK,2382,3.98,3
SIN,CSX,3141,4.93,2
SIN,CTU,3250,5.06,3
SIN,DAC,2898,4.62,4
SIN,DAD,1698,3.12,3
SIN,DEL,4159,6.2,4
SIN,DIL,2628,4.29,1
SIN,DMK,1446,2.81,1
SIN,DPS,1672,3.09,10
SIN,DVO,2484,4.11,2
SIN,DXB,5847,8.31,5
SIN,FOC,3207,5.01,2
SIN,FUK,4521,6.65,2
SIN,HAK,2183,3.73,3
SIN,HAN,2218,3.77,4
SIN,HDY,738,1.92,1
SIN,HGH,3650,5.56,1
SIN,HKG,2566,4.21,8
SIN,HKT,980,2.23,6
SIN,HND,5300,7.62,4
SIN,ICN,4627,6.78,5
SIN,ILO,2299,3.87,1
SIN,IPH,482,1.6,2
SIN,JED,7360,10.2,1
SIN,JOG,1242,2.55,5
SIN,KBR,568,1.71,1
SIN,KBV,933,2.17,2
SIN,KCH,706,1.88,4
SIN,KHH,2949,4.69,1
SIN,KIX,4902,7.13,2
SIN,KLO,2330,3.91,2
SIN,KMG,2644,4.3,2
SIN,KTM,3538,5.42,2
SIN,KUA,283,1.35,2
SIN,KUL,297,1.37,10
SIN,KWE,2817,4.52,1
SIN,LGK,728,1.91,5
SIN,LJG,2845,4.56,1
SIN,LOP,1765,3.21,3
SIN,MAA,2925,4.66,7
SIN,MDC,2327,3.91,3
SIN,MFM,2535,4.17,1
SIN,MNL,2375,3.97,5
SIN,MYY,1158,2.45,1
SIN,NGB,3665,5.58,1
SIN,NGO,5041,7.3,2
SIN,NKG,3722,5.65,1
SIN,NNG,2407,4.01,1
SIN,NRT,5358,7.7,8
SIN,PEK,4491,6.61,2
SIN,PEN,602,1.75,6
SIN,PKU,300,1.38,3
SIN,PLM,479,1.6,3
SIN,PNH,1138,2.42,4
SIN,PVG,3806,5.76,3
SIN,RDN,503,1.63,1
SIN,REP,1341,2.68,4
SIN,RGN,1932,3.42,6
SIN,RUH,6674,9.34,2
SIN,SGN,1093,2.37,5
SIN,SOC,1239,2.55,3
SIN,SRG,1165,2.46,4
SIN,SUB,1376,2.72,7
SIN,SWA,2813,4.52,1
SIN,SZB,336,1.42,2
SIN,SZX,2594,4.24,5
SIN,TAO,4233,6.29,1
SIN,TAS,5638,8.05,2
SIN,TGG,459,1.57,1
SIN,TPE,3222,5.03,7
SIN,TRV,3100,4.88,3
SIN,TRZ,2982,4.73,2
SIN,TSN,4414,6.52,1
SIN,UPG,1870,3.34,3
SIN,USM,1010,2.26,4
SIN,VTE,1857,3.32,1
SIN,VTZ,2909,4.64,2
SIN,WUH,3445,5.31,3
SIN,WUX,3770,5.71,1
SIN,XMN,2993,4.74,4
SJI,MNL,239,1.3,1
SJW,BAV,477,1.6,3
SJW,BHY,1932,3.42,1
SJW,CAN,1661,3.08,3
SJW,CGQ,1117,2.4,1
SJW,CKG,1206,2.51,4
SJW,CSX,1130,2.41,1
SJW,CTU,1304,2.63,3
SJW,DLC,599,1.75,2
SJW,DSN,440,1.55,1
SJW,HET,377,1.47,2
SJW,HGH,1038,2.3,7
SJW,HRB,1254,2.57,3
SJW,KHN,1053,2.32,1
SJW,KMG,1837,3.3,4
SJW,KWL,1517,2.9,2
SJW,LHW,997,2.25,1
SJW,LJG,1867,3.33,1
SJW,NGB,1127,2.41,1
SJW,NKG,820,2.02,2
SJW,PVG,1025,2.28,1
SJW,SHA,993,2.24,5
SJW,SHE,836,2.04,3
SJW,SHP,473,1.59,3
SJW,SYX,2280,3.85,1
SJW,SZX,1741,3.18,4
SJW,TAO,550,1.69,4
SJW,TPE,1592,2.99,3
SJW,URC,2354,3.94,2
SJW,WNZ,1287,2.61,1
SJW,XIY,682,1.85,4
SJW,XMN,1561,2.95,1
SJW,YNT,594,1.74,2
SKD,KJA,2611,4.26,1
SKD,SVX,1948,3.44,1
SKD,TAS,260,1.32,1
SKT,BAH,2396,4.0,1
SKT,DMM,2465,4.08,1
SKT,DXB,2015,3.52,2
SKT,JED,3668,5.58,1
SKT,KWI,2539,4.17,1
SKT,MCT,1861,3.33,1
SKT,RUH,2816,4.52,1
SKT,SHJ,1998,3.5,2
SKZ,BHV,338,1.42,1
SKZ,KHI,353,1.44,1
SKZ,LHE,687,1.86,1
SKZ,MJD,77,1.1,1
SLL,CCJ,2446,4.06,1
SLL,DXB,923,2.15,2
SLL,JED,1649,3.06,1
SLL,MCT,850,2.06,1
SLL,SHJ,934,2.17,1
SLY,NOJ,556,1.69,1
SLY,NUX,446,1.56,1
SLY,NYM,301,1.38,1
SLY,OVB,1544,2.93,1
SLY,SVX,1136,2.42,1
SLY,TJM,1047,2.31,1
SNO,DMK,524,1.66,1
SNW,AKY,239,1.3,1
SNW,RGN,260,1.32,1
SOC,CGK,478,1.6,3
SOC,KUL,1520,2.9,1
SOC,PKN,544,1.68,1
SOC,SIN,1239,2.55,3
SOQ,AMQ,474,1.59,1
SOQ,BXB,301,1.38,1
SOQ,FKQ,250,1.31,1
SOQ,MDC,758,1.95,1
SOQ,MKW,307,1.38,2
SOQ,UPG,1383,2.73,2
SPD,DAC,261,1.33,1
SPD,RJH,150,1.19,1
SRG,BDJ,625,1.78,1
SRG,BPN,962,2.2,1
SRG,BTH,1137,2.42,1
SRG,CGK,421,1.53,3
SRG,DPS,564,1.71,2
SRG,KUL,1447,2.81,1
SRG,PKN,496,1.62,1
SRG,SIN,1165,2.46,4
SRG,SUB,270,1.34,3
SRY,AWZ,717,1.9,2
SRY,BND,1089,2.36,1
SRY,MHD,578,1.72,2
SRY,SYZ,791,1.99,1
STV,BOM,226,1.28,1
STV,DEL,938,2.17,2
SUB,AMQ,1742,3.18,2
SUB,BDJ,489,1.61,3
SUB,BDO,577,1.72,3
SUB,BPN,818,2.02,4
SUB,BTH,1348,2.69,2
SUB,BWN,1391,2.74,2
SUB,CGK,691,1.86,6
SUB,DMK,2723,4.4,1
SUB,DPS,303,1.38,4
SUB,HKG,3304,5.13,1
SUB,JED,8645,11.81,1
SUB,JHB,1425,2.78,2
SUB,JOG,264,1.33,2
SUB,KOE,1236,2.54,3
SUB,KUL,1667,3.08,3
SUB,LOP,414,1.52,3
SUB,MDC,1673,3.09,3
SUB,PEN,1978,3.47,1
SUB,PKN,534,1.67,1
SUB,PKY,587,1.73,1
SUB,SIN,1376,2.72,8
SUB,SRG,270,1.34,3
SUB,TPE,3723,5.65,1
SUB,TRK,1303,2.63,1
SUB,UPG,791,1.99,4
SUG,CEB,176,1.22,1
SUG,MNL,717,1.9,2
SVX,BKK,5858,8.32,1
SVX,DWC,3570,5.46,2
SVX,DXB,3529,5.41,1
SVX,DYU,2108,3.63,3
SVX,EVN,2194,3.74,2
SVX,EYK,837,2.05,1
SVX,FRU,1802,3.25,4
SVX,GYD,1970,3.46,2
SVX,HKT,6308,8.88,1
SVX,HMA,673,1.84,1
SVX,HRB,4536,6.67,1
SVX,KGP,981,2.23,1
SVX,KJA,1931,3.41,2
SVX,KRO,319,1.4,1
SVX,LBD,1947,3.43,2
SVX,LCA,3175,4.97,1
SVX,MQF,395,1.49,1
SVX,NJC,1013,2.27,2
SVX,NMA,1915,3.39,2
SVX,NOJ,1073,2.34,1
SVX,NSK,1905,3.38,2
SVX,NUX,1325,2.66,2
SVX,NYA,655,1.82,1
SVX,NYM,1159,2.45,1
SVX,OSS,1992,3.49,3
SVX,OVB,1370,2.71,5
SVX,OVS,534,1.67,1
SVX,PEK,4365,6.46,2
SVX,SGC,881,2.1,1
SVX,SHJ,3519,5.4,1
SVX,SLY,1136,2.42,1
SVX,TAS,1826,3.28,2
SVX,TJU,2189,3.74,1
SVX,TLV,3393,5.24,1
SVX,TSE,943,2.18,1
SVX,UFA,393,1.49,1
SVX,URJ,441,1.55,1
SWA,BKK,1988,3.48,1
SWA,CAN,327,1.41,1
SWA,CGO,1247,2.56,1
SWA,CKG,1195,2.49,1
SWA,CSX,611,1.76,2
SWA,CTU,1467,2.83,3
SWA,HAK,742,1.93,1
SWA,HFE,918,2.15,1
SWA,HGH,838,2.05,2
SWA,HKG,299,1.37,1
SWA,KWE,1032,2.29,1
SWA,KWL,680,1.85,1
SWA,NGB,854,2.07,2
SWA,NKG,940,2.17,2
SWA,NNG,859,2.07,1
SWA,PEK,1838,3.3,3
SWA,SHA,975,2.22,4
SWA,SIN,2813,4.52,1
SWA,SYX,939,2.17,1
SWA,WUH,836,2.04,1
SWA,YIW,734,1.92,2
SWA,ZHA,683,1.85,1
SWA,ZUH,364,1.46,1
SXR,ATQ,253,1.32,1
SXR,BOM,1667,3.08,1
SXR,DEL,642,1.8,6
SXR,IXC,414,1.52,1
SXR,IXJ,144,1.18,4
SXR,IXL,256,1.32,1
SYM,KMG,326,1.41,3
SYO,HND,362,1.45,1
SYX,CAN,695,1.87,3
SYX,CGO,1856,3.32,5
SYX,CKG,1300,2.62,5
SYX,CSX,1166,2.46,5
SYX,CTU,1472,2.84,5
SYX,FOC,1354,2.69,3
SYX,HFE,1695,3.12,1
SYX,HGH,1732,3.17,8
SYX,HKG,647,1.81,3
SYX,KHN,1347,2.68,1
SYX,KMG,1010,2.26,3
SYX,KWE,954,2.19,4
SYX,KWL,772,1.96,1
SYX,LZH,657,1.82,1
SYX,MIG,1533,2.92,1
SYX,NGB,1769,3.21,2
SYX,NKG,1770,3.21,3
SYX,NNG,496,1.62,4
SYX,PEK,2517,4.15,4
SYX,PVG,1896,3.37,5
SYX,SHA,1869,3.34,3
SYX,SJW,2280,3.85,1
SYX,SWA,939,2.17,1
SYX,SZX,665,1.83,4
SYX,TNA,2200,3.75,2
SYX,TPE,1434,2.79,1
SYX,TSN,2438,4.05,2
SYX,TYN,2185,3.73,2
SYX,WNZ,1583,2.98,3
SYX,WUH,1470,2.84,4
SYX,WUX,1838,3.3,2
SYX,XIY,1796,3.25,3
SYX,XMN,1138,2.42,5
SYX,YBP,1268,2.58,1
SYX,YCU,1876,3.35,1
SYX,YIH,1378,2.72,1
SYX,YTY,1891,3.36,1
SYX,ZHA,339,1.42,1
SYX,ZUH,584,1.73,2
SYX,ZYI,1062,2.33,1
SYZ,ABD,430,1.54,1
SYZ,AWZ,418,1.52,3
SYZ,BDH,400,1.5,1
SYZ,BND,452,1.56,2
SYZ,BUZ,183,1.23,1
SYZ,DXB,550,1.69,1
SYZ,IFN,364,1.46,1
SYZ,KER,428,1.54,1
SYZ,KIH,362,1.45,4
SYZ,KWI,449,1.56,2
SYZ,LRR,271,1.34,1
SYZ,MCT,870,2.09,1
SYZ,MED,1390,2.74,1
SYZ,MHD,993,2.24,3
SYZ,PGU,241,1.3,1
SYZ,RAS,908,2.13,1
SYZ,SHJ,550,1.69,1
SYZ,SRY,791,1.99,1
SYZ,TBZ,1121,2.4,1
SYZ,THR,694,1.87,3
SYZ,ZAH,805,2.01,1
SZB,AOR,363,1.45,3
SZB,BTH,363,1.45,2
SZB,JHB,288,1.36,3
SZB,KBR,348,1.44,3
SZB,KTE,261,1.33,2
SZB,LGK,409,1.51,3
SZB,PEN,279,1.35,3
SZB,PKU,297,1.37,2
SZB,RDN,335,1.42,1
SZB,SIN,336,1.42,2
SZB,TGG,304,1.38,3
SZB,USM,732,1.92,2
SZX,BFJ,985,2.23,1
SZX,BHY,481,1.6,1
SZX,BKI,1873,3.34,2
SZX,BKK,1700,3.12,2
SZX,CGD,731,1.91,1
SZX,CGO,1321,2.65,4
SZX,CGQ,2612,4.27,2
SZX,CJU,1732,3.17,1
SZX,CKG,1063,2.33,6
SZX,CSX,620,1.77,2
SZX,CTU,1318,2.65,7
SZX,CZX,1188,2.49,4
SZX,DAX,1136,2.42,2
SZX,DLC,1958,3.45,3
SZX,DMK,1697,3.12,1
SZX,DPS,3493,5.37,1
SZX,DYG,794,1.99,1
SZX,FOC,697,1.87,4
SZX,GYS,1346,2.68,2
SZX,HAK,459,1.57,4
SZX,HFE,1073,2.34,4
SZX,HGH,1071,2.34,8
SZX,HIA,1344,2.68,1
SZX,HKT,2313,3.89,1
SZX,HRB,2793,4.49,3
SZX,HSN,1176,2.47,1
SZX,HYN,1008,2.26,2
SZX,ICN,2045,3.56,3
SZX,JDZ,817,2.02,2
SZX,JJN,542,1.68,4
SZX,JUZ,868,2.08,2
SZX,KHH,671,1.84,1
SZX,KHN,723,1.9,5
SZX,KMG,1139,2.42,6
SZX,KOW,371,1.46,1
SZX,KUL,2568,4.21,1
SZX,KWE,831,2.04,5
SZX,KWL,479,1.6,3
SZX,LHW,1828,3.29,1
SZX,LJG,1442,2.8,1
SZX,LLF,468,1.58,1
SZX,LYI,1450,2.81,1
SZX,LZH,483,1.6,1
SZX,LZO,1089,2.36,1
SZX,MIG,1326,2.66,2
SZX,MXZ,304,1.38,1
SZX,NAO,1182,2.48,1
SZX,NAY,1922,3.4,2
SZX,NGB,1104,2.38,4
SZX,NKG,1128,2.41,5
SZX,NNG,579,1.72,5
SZX,NNY,1156,2.45,1
SZX,PEK,1957,3.45,4
SZX,PVG,1233,2.54,6
SZX,RMQ,718,1.9,1
SZX,SHA,1208,2.51,7
SZX,SHE,2297,3.87,3
SZX,SIN,2594,4.24,5
SZX,SJW,1741,3.18,4
SZX,SYX,665,1.83,4
SZX,TAO,1642,3.05,4
SZX,TEN,738,1.92,1
SZX,TNA,1614,3.02,4
SZX,TPE,802,2.0,4
SZX,TSN,1863,3.33,6
SZX,TXN,905,2.13,1
SZX,TYN,1684,3.1,4
SZX,URC,3376,5.22,1
SZX,WNZ,919,2.15,4
SZX,WUH,906,2.13,4
SZX,WUX,1182,2.48,4
SZX,WXN,1053,2.32,1
SZX,XFN,1068,2.33,3
SZX,XIY,1402,2.75,5
SZX,XMN,488,1.61,4
SZX,XUZ,1321,2.65,1
SZX,YBP,1153,2.44,2
SZX,YCU,1413,2.77,2
SZX,YIC,576,1.72,2
SZX,YIH,910,2.14,3
SZX,YNT,1794,3.24,2
SZX,YTY,1247,2.56,1
SZX,ZHA,390,1.49,2
SZX,ZYI,879,2.1,1
TAC,CEB,154,1.19,1
TAC,MNL,567,1.71,4
TAE,CJU,331,1.41,3
TAE,ICN,263,1.33,1
TAE,PEK,1154,2.44,1
TAE,PVG,826,2.03,1
TAG,MNL,620,1.77,3
TAI,DMM,1539,2.92,1
TAI,JED,1033,2.29,1
TAI,RUH,1282,2.6,1
TAI,SAH,199,1.25,2
TAK,HND,546,1.68,2
TAK,ICN,772,1.96,2
TAK,NRT,605,1.76,1
TAK,OKA,1081,2.35,1
TAK,PVG,1192,2.49,1
TAK,TPE,1597,3.0,1
TAO,BKK,3183,4.98,1
TAO,CAN,1585,2.98,5
TAO,CGO,623,1.78,5
TAO,CGQ,970,2.21,5
TAO,CKG,1471,2.84,3
TAO,CSX,1121,2.4,4
TAO,CTU,1648,3.06,6
TAO,DDG,540,1.68,2
TAO,DLC,317,1.4,5
TAO,DQA,1230,2.54,2
TAO,FOC,1151,2.44,3
TAO,FUK,965,2.21,2
TAO,HET,901,2.13,1
TAO,HFE,574,1.72,4
TAO,HGH,671,1.84,9
TAO,HKG,1672,3.09,2
TAO,HRB,1151,2.44,6
TAO,ICN,557,1.7,6
TAO,JMU,1443,2.8,2
TAO,JNZ,541,1.68,2
TAO,JXA,1353,2.69,2
TAO,KHH,1522,2.9,1
TAO,KHN,923,2.15,3
TAO,KIX,1363,2.7,5
TAO,KMG,2074,3.59,3
TAO,KWE,1679,3.1,1
TAO,MDG,1202,2.5,1
TAO,NDG,1255,2.57,2
TAO,NGB,723,1.9,5
TAO,NGO,1493,2.87,2
TAO,NKG,522,1.65,3
TAO,NRT,1798,3.25,3
TAO,PEK,538,1.67,5
TAO,PUS,782,1.98,5
TAO,PVG,585,1.73,5
TAO,RMQ,1335,2.67,1
TAO,SHA,571,1.71,6
TAO,SHE,655,1.82,9
TAO,SHP,415,1.52,1
TAO,SIN,4233,6.29,1
TAO,SJW,550,1.69,4
TAO,SZX,1642,3.05,4
TAO,TPE,1247,2.56,4
TAO,TSN,415,1.52,3
TAO,TXN,753,1.94,1
TAO,TYN,707,1.88,4
TAO,WNZ,930,2.16,4
TAO,WUH,835,2.04,6
TAO,WUS,978,2.22,2
TAO,WUX,531,1.66,1
TAO,XIY,1072,2.34,7
TAO,XMN,1321,2.65,4
TAO,YCU,853,2.07,2
TAO,YNJ,1070,2.34,3
TAS,ALA,679,1.85,2
TAS,ATQ,1170,2.46,1
TAS,AZN,260,1.32,1
TAS,BHK,438,1.55,1
TAS,BKK,4318,6.4,1
TAS,CEK,1662,3.08,1
TAS,DEL,1580,2.98,1
TAS,DXB,2194,3.74,1
TAS,FEG,230,1.29,1
TAS,FRU,473,1.59,2
TAS,GYD,1617,3.02,1
TAS,ICN,4844,7.05,3
TAS,IKA,1705,3.13,1
TAS,IKT,2904,4.63,1
TAS,KJA,2355,3.94,2
TAS,KSQ,393,1.49,1
TAS,KUL,5369,7.71,2
TAS,NCU,811,2.01,1
TAS,NMA,193,1.24,1
TAS,NRT,6042,8.55,1
TAS,NVI,369,1.46,1
TAS,OMS,1553,2.94,1
TAS,OVB,1816,3.27,2
TAS,PEK,3942,5.93,2
TAS,SHJ,2179,3.72,1
TAS,SIN,5638,8.05,2
TAS,SKD,260,1.32,1
TAS,SVX,1826,3.28,2
TAS,TJM,1794,3.24,1
TAS,TLV,3212,5.01,1
TAS,TMJ,473,1.59,1
TAS,TSE,1099,2.37,2
TAS,UFA,1778,3.22,1
TAS,UGC,721,1.9,1
TAS,URC,1515,2.89,2
TBB,HAN,983,2.23,1
TBB,SGN,383,1.48,1
TBS,ALA,2620,4.28,1
TBS,BGW,937,2.17,1
TBS,BUS,279,1.35,1
TBS,DXB,2061,3.58,1
TBS,EBL,610,1.76,1
TBS,GYD,447,1.56,2
TBS,SCO,557,1.7,1
TBS,TLV,1396,2.75,3
TBS,URC,3440,5.3,1
TBZ,AWZ,790,1.99,1
TBZ,BND,1539,2.92,1
TBZ,DXB,1670,3.09,1
TBZ,GYD,418,1.52,1
TBZ,IFN,786,1.98,1
TBZ,MED,1631,3.04,1
TBZ,MHD,1205,2.51,3
TBZ,SYZ,1121,2.4,1
TBZ,THR,527,1.66,4
TCG,URC,446,1.56,2
TCZ,CTU,826,2.03,1
TCZ,JHG,403,1.5,1
TCZ,KMG,448,1.56,2
TCZ,LJG,262,1.33,1
TDX,BKK,231,1.29,1
TEN,CAN,640,1.8,1
TEN,CSX,385,1.48,1
TEN,KWE,290,1.36,1
TEN,PEK,1512,2.89,1
TEN,SZX,738,1.92,1
TGG,KUL,331,1.41,2
TGG,MYY,1212,2.51,1
TGG,SIN,459,1.57,1
TGG,SZB,304,1.38,3
TGO,HET,905,2.13,3
TGO,HGH,1490,2.86,1
TGO,HLD,654,1.82,1
TGO,HRB,394,1.49,2
TGO,NKG,1346,2.68,1
TGO,PEK,605,1.76,3
TGO,PVG,1381,2.73,1
TGO,TNA,856,2.07,1
THL,HEH,328,1.41,2
THL,KET,96,1.12,1
THL,MDL,432,1.54,1
THL,RGN,564,1.71,1
THR,ABD,657,1.82,3
THR,ADU,390,1.49,2
THR,AFZ,568,1.71,1
THR,AWZ,539,1.67,4
THR,AZD,502,1.63,2
THR,BJB,571,1.71,1
THR,BND,1057,2.32,2
THR,BUZ,751,1.94,2
THR,BXR,994,2.24,1
THR,GBT,308,1.39,2
THR,IFN,331,1.41,2
THR,IIL,506,1.63,1
THR,KER,799,2.0,1
THR,KHD,374,1.47,1
THR,KIH,1050,2.31,2
THR,KSH,407,1.51,3
THR,LRR,937,2.17,1
THR,MED,1665,3.08,1
THR,MHD,752,1.94,4
THR,MRX,605,1.76,1
THR,NSH,109,1.14,1
THR,OMH,599,1.75,2
THR,PFQ,530,1.66,1
THR,PGU,934,2.17,1
THR,RAS,237,1.3,2
THR,RZR,147,1.18,1
THR,SDG,393,1.49,1
THR,SYZ,694,1.87,3
THR,TBZ,527,1.66,4
THR,XBJ,793,1.99,1
THR,YES,555,1.69,1
THR,ZAH,1133,2.42,2
THR,ZBR,1431,2.79,1
THS,BKK,408,1.51,1
TIF,AHB,423,1.53,1
TIF,DMM,1091,2.36,2
TIF,DXB,1569,2.96,1
TIF,KWI,1139,2.42,1
TIF,RUH,738,1.92,2
TIF,SHJ,1586,2.98,1
TIM,DJJ,457,1.57,2
TIM,DPS,2444,4.05,1
TIM,UPG,1921,3.4,1
TJM,EVN,2419,4.02,1
TJM,HMA,478,1.6,1
TJM,LBD,1914,3.39,1
TJM,NJC,761,1.95,1
TJM,NOJ,862,2.08,1
TJM,NUX,1147,2.43,2
TJM,NYA,547,1.68,2
TJM,NYM,1001,2.25,1
TJM,OVB,1098,2.37,1
TJM,OVS,470,1.59,1
TJM,SGC,650,1.81,1
TJM,SLY,1047,2.31,1
TJM,TAS,1794,3.24,1
TJM,UFA,657,1.82,1
TJM,URJ,325,1.41,1
TJQ,CGK,395,1.49,3
TJQ,PGK,191,1.24,1
TJU,CIT,487,1.61,1
TJU,SVX,2189,3.74,2
TKG,BTH,717,1.9,2
TKG,CGK,191,1.24,3
TKS,HND,498,1.62,2
TLV,AMM,109,1.14,2
TLV,BKK,6946,9.68,2
TLV,BOM,4047,6.06,1
TLV,ETH,273,1.34,2
TLV,GYD,1649,3.06,1
TLV,HKG,7726,10.66,1
TLV,ICN,8039,11.05,1
TLV,LCA,339,1.42,3
TLV,PEK,7141,9.93,2
TLV,SVX,3393,5.24,1
TLV,TAS,3212,5.01,1
TLV,TBS,1396,2.75,3
TMC,DPS,454,1.57,2
TMC,KOE,492,1.61,1
TMI,KTM,186,1.23,1
TMJ,TAS,473,1.59,1
TNA,BKK,3052,4.81,1
TNA,CAN,1543,2.93,5
TNA,CGO,401,1.5,2
TNA,CGQ,1068,2.33,6
TNA,CKG,1262,2.58,5
TNA,CSX,1034,2.29,4
TNA,CTU,1410,2.76,7
TNA,DLC,446,1.56,6
TNA,FOC,1236,2.54,5
TNA,HET,644,1.81,4
TNA,HGH,795,1.99,4
TNA,HKG,1649,3.06,1
TNA,HRB,1231,2.54,7
TNA,HUN,1488,2.86,1
TNA,ICN,821,2.03,6
TNA,KHH,1616,3.02,1
TNA,KHN,897,2.12,3
TNA,KIX,1649,3.06,3
TNA,KMG,1883,3.35,6
TNA,KWE,1510,2.89,2
TNA,KWL,1463,2.83,2
TNA,LHW,1212,2.51,4
TNA,LJG,1958,3.45,1
TNA,PEK,363,1.45,2
TNA,PVG,763,1.95,1
TNA,RMQ,1437,2.8,1
TNA,SHA,735,1.92,3
TNA,SHE,757,1.95,5
TNA,SYX,2200,3.75,2
TNA,SZX,1614,3.02,4
TNA,TGO,856,2.07,1
TNA,TPE,1364,2.71,2
TNA,TYN,418,1.52,2
TNA,URC,2622,4.28,4
TNA,WNZ,1051,2.31,2
TNA,WUH,730,1.91,4
TNA,WUS,1021,2.28,1
TNA,XIY,810,2.01,7
TNA,XMN,1372,2.71,4
TNA,YNT,373,1.47,2
TNJ,CGK,818,2.02,3
TNN,HKG,650,1.81,1
TOF,KJA,450,1.56,1
TOF,SGC,873,2.09,1
TOY,CTS,782,1.98,2
TOY,DLC,1397,2.75,1
TOY,HND,263,1.33,1
TOY,ICN,957,2.2,2
TOY,PVG,1544,2.93,2
TOY,TPE,1989,3.49,1
TPE,AKJ,2823,4.53,3
TPE,BKI,2199,3.75,2
TPE,BKK,2489,4.11,6
TPE,CAN,826,2.03,4
TPE,CGK,3811,5.76,3
TPE,CGO,1268,2.58,3
TPE,CGQ,2142,3.68,1
TPE,CJU,1067,2.33,1
TPE,CKG,1529,2.91,2
TPE,CNX,2398,4.0,1
TPE,CSX,868,2.08,4
TPE,CTS,2712,4.39,4
TPE,CTU,1804,3.25,3
TPE,DEL,4372,6.46,2
TPE,DLC,1545,2.93,4
TPE,DPS,3818,5.77,3
TPE,DXB,6555,9.19,1
TPE,DYG,1157,2.45,2
TPE,FOC,184,1.23,2
TPE,FUK,1300,2.62,5
TPE,HAK,1245,2.56,2
TPE,HAN,1633,3.04,3
TPE,HET,1958,3.45,2
TPE,HFE,839,2.05,2
TPE,HGH,578,1.72,3
TPE,HIJ,1533,2.92,1
TPE,HKD,2586,4.23,3
TPE,HKG,806,2.01,6
TPE,HND,2122,3.65,1
TPE,HRB,2328,3.91,2
TPE,ICN,1464,2.83,7
TPE,ISG,313,1.39,2
TPE,JJN,268,1.33,1
TPE,KHN,676,1.84,2
TPE,KIX,1703,3.13,8
TPE,KLO,1495,2.87,2
TPE,KMG,1842,3.3,2
TPE,KMI,1251,2.56,1
TPE,KMQ,1916,3.4,2
TPE,KOJ,1190,2.49,1
TPE,KUH,2891,4.61,1
TPE,KUL,3246,5.06,4
TPE,KWE,1453,2.82,2
TPE,KWL,1127,2.41,2
TPE,LHW,2103,3.63,1
TPE,LJG,2105,3.63,1
TPE,MFM,844,2.05,3
TPE,MNL,1175,2.47,6
TPE,NGB,529,1.66,3
TPE,NGO,1849,3.31,3
TPE,NKG,776,1.97,3
TPE,NNG,1356,2.7,2
TPE,NRT,2181,3.73,10
TPE,OKA,655,1.82,3
TPE,OKJ,1622,3.03,2
TPE,PEK,1723,3.15,4
TPE,PEN,3135,4.92,1
TPE,PNH,2288,3.86,2
TPE,PUS,1345,2.68,2
TPE,PVG,677,1.85,8
TPE,REP,2238,3.8,1
TPE,RGN,2754,4.44,1
TPE,SDJ,2354,3.94,2
TPE,SGN,2208,3.76,3
TPE,SHE,1853,3.32,4
TPE,SIN,3222,5.03,7
TPE,SJW,1592,2.99,3
TPE,SUB,3723,5.65,1
TPE,SYX,1434,2.79,1
TPE,SZX,802,2.0,4
TPE,TAK,1597,3.0,1
TPE,TAO,1247,2.56,4
TPE,TNA,1364,2.71,2
TPE,TOY,1989,3.49,1
TPE,TSN,1604,3.0,1
TPE,TXN,595,1.74,1
TPE,TYN,1626,3.03,1
TPE,URC,3695,5.62,2
TPE,WNZ,317,1.4,1
TPE,WUH,937,2.17,3
TPE,WUX,718,1.9,4
TPE,XIY,1590,2.99,4
TPE,XMN,319,1.4,2
TPE,XUZ,1060,2.33,2
TPE,YNT,1370,2.71,1
TPE,YNZ,934,2.17,3
TRK,BPN,516,1.65,3
TRK,CGK,1604,3.0,1
TRK,SUB,1303,2.63,1
TRK,TWU,127,1.16,1
TRK,UPG,958,2.2,1
TRR,GIU,82,1.1,1
TRV,AUH,2955,4.69,3
TRV,BAH,3406,5.26,1
TRV,BLR,531,1.66,4
TRV,BOM,1258,2.57,6
TRV,CMB,357,1.45,2
TRV,COK,194,1.24,3
TRV,DMM,3489,5.36,1
TRV,DXB,2947,4.68,3
TRV,KWI,3800,5.75,1
TRV,MAA,614,1.77,4
TRV,MCT,2600,4.25,3
TRV,RUH,3688,5.61,1
TRV,SHJ,2940,4.67,3
TRV,SIN,3100,4.88,3
TRZ,CMB,419,1.52,2
TRZ,KUL,2689,4.36,2
TRZ,MAA,294,1.37,3
TRZ,SIN,2982,4.73,2
TSA,CKG,1559,2.95,2
TSA,CTU,1834,3.29,1
TSA,FOC,213,1.27,3
TSA,GMP,1474,2.84,4
TSA,HFE,854,2.07,1
TSA,HGH,584,1.73,1
TSA,HND,2097,3.62,4
TSA,HUN,117,1.15,1
TSA,KNH,330,1.41,2
TSA,MZG,257,1.32,2
TSA,NNG,1387,2.73,1
TSA,PVG,676,1.84,3
TSA,SHA,682,1.85,6
TSA,TSN,1612,3.02,3
TSA,TTT,261,1.33,1
TSA,TYN,1643,3.05,1
TSA,WNZ,324,1.41,1
TSA,WUH,961,2.2,1
TSA,XMN,350,1.44,2
TSE,AKX,1008,2.26,2
TSE,ALA,951,2.19,5
TSE,AUH,3288,5.11,2
TSE,CIT,974,2.22,2
TSE,DMB,908,2.13,1
TSE,DZN,457,1.57,1
TSE,FRU,914,2.14,1
TSE,GUW,1490,2.86,2
TSE,GYD,2023,3.53,1
TSE,KSN,592,1.74,1
TSE,KZO,827,2.03,1
TSE,OMS,456,1.57,1
TSE,OVB,868,2.08,1
TSE,PEK,3652,5.57,1
TSE,PLX,622,1.78,1
TSE,PPK,444,1.56,1
TSE,PWQ,408,1.51,1
TSE,SCO,1719,3.15,2
TSE,SHJ,3163,4.95,1
TSE,SVX,943,2.18,1
TSE,TAS,1099,2.37,2
TSE,UKK,786,1.98,2
TSE,URA,1387,2.73,1
TSE,URC,1435,2.79,2
TSJ,FUK,129,1.16,1
TSJ,NGS,161,1.2,2
TSN,BAV,647,1.81,3
TSN,CAN,1791,3.24,5
TSN,CGO,599,1.75,4
TSN,CGQ,879,2.1,2
TSN,CIF,370,1.46,2
TSN,CIH,490,1.61,1
TSN,CJU,1029,2.29,2
TSN,CKG,1432,2.79,7
TSN,CSX,1274,2.59,5
TSN,CTU,1546,2.93,6
TSN,DLC,363,1.45,8
TSN,DSN,645,1.81,1
TSN,DYG,1282,2.6,1
TSN,FOC,1482,2.85,1
TSN,FUG,709,1.89,1
TSN,HAK,2234,3.79,2
TSN,HET,508,1.64,6
TSN,HGH,1028,2.29,5
TSN,HIA,614,1.77,1
TSN,HKG,1898,3.37,3
TSN,HRB,1027,2.28,8
TSN,ICN,815,2.02,4
TSN,KHH,1862,3.33,1
TSN,KHN,1149,2.44,1
TSN,KMG,2062,3.58,3
TSN,KWL,1691,3.11,1
TSN,LHW,1239,2.55,2
TSN,MWX,924,2.16,1
TSN,NBS,925,2.16,1
TSN,NGB,1100,2.38,2
TSN,NGO,1788,3.23,2
TSN,PVG,975,2.22,3
TSN,SHA,953,2.19,7
TSN,SHE,590,1.74,1
TSN,SIN,4414,6.52,1
TSN,SYX,2438,4.05,2
TSN,SZX,1863,3.33,6
TSN,TAO,415,1.52,3
TSN,TPE,1604,3.0,1
TSN,TSA,1612,3.02,3
TSN,TXN,1048,2.31,1
TSN,TYN,438,1.55,1
TSN,URC,2529,4.16,1
TSN,UYN,678,1.85,1
TSN,WUH,970,2.21,4
TSN,XIY,925,2.16,7
TSN,XMN,1623,3.03,5
TSN,XNN,1373,2.72,1
TSN,YCU,715,1.89,2
TSN,YNT,400,1.5,2
TSN,ZUH,1940,3.42,1
TST,DMK,720,1.9,2
TTE,CGK,2427,4.03,2
TTE,MDC,284,1.35,3
TTE,UPG,1089,2.36,3
TTJ,HND,508,1.64,1
TTT,TSA,261,1.33,1
TUG,MNL,357,1.45,3
TUI,RUH,1080,2.35,1
TUK,DBA,349,1.44,1
TUK,GWD,109,1.14,1
TUK,KHI,432,1.54,1
TUK,MCT,548,1.69,1
TUK,SHJ,756,1.94,1
TUK,UET,610,1.76,1
TUU,AHB,1283,2.6,1
TUU,DMM,1317,2.65,1
TUU,DXB,1890,3.36,1
TUU,JED,786,1.98,1
TUU,MED,523,1.65,1
TUU,RUH,1070,2.34,1
TVY,MGZ,190,1.24,1
TVY,RGN,383,1.48,1
TWU,BKI,292,1.36,2
TWU,JHB,1633,3.04,1
TWU,KUL,1830,3.29,2
TWU,SDK,176,1.22,1
TWU,TRK,127,1.16,1
TXN,CAN,860,2.08,1
TXN,CKG,1121,2.4,2
TXN,CSX,519,1.65,1
TXN,CTU,1378,2.72,2
TXN,DLC,1070,2.34,1
TXN,HAK,1343,2.68,1
TXN,HFE,245,1.31,1
TXN,ICN,1146,2.43,2
TXN,PEK,1160,2.45,2
TXN,PUS,1170,2.46,1
TXN,SHA,337,1.42,2
TXN,SZX,905,2.13,1
TXN,TAO,753,1.94,1
TXN,TPE,595,1.74,1
TXN,TSN,1048,2.31,1
TXN,TYN,1031,2.29,2
TXN,XIY,1037,2.3,1
TXN,XMN,577,1.72,3
TYN,BAV,386,1.48,2
TYN,CAN,1597,3.0,3
TYN,CGQ,1297,2.62,1
TYN,CIH,172,1.22,3
TYN,CKG,1050,2.31,3
TYN,CSX,1064,2.33,3
TYN,CTU,1127,2.41,5
TYN,CZX,919,2.15,2
TYN,DAT,268,1.33,3
TYN,DLC,788,1.98,4
TYN,DSN,309,1.39,2
TYN,DYG,982,2.23,1
TYN,FOC,1471,2.84,1
TYN,HAK,1992,3.49,1
TYN,HET,352,1.44,2
TYN,HFE,789,1.99,3
TYN,HGH,1102,2.38,5
TYN,HKG,1721,3.15,2
TYN,HRB,1427,2.78,2
TYN,KHN,1033,2.29,1
TYN,KMG,1678,3.1,4
TYN,KWE,1361,2.7,1
TYN,KWL,1414,2.77,2
TYN,LHW,810,2.01,4
TYN,LJG,1691,3.11,1
TYN,MFM,1737,3.17,2
TYN,NKG,877,2.1,3
TYN,PEK,429,1.54,3
TYN,PUS,1484,2.85,1
TYN,PVG,1116,2.4,2
TYN,SHA,1080,2.35,4
TYN,SHE,1024,2.28,4
TYN,SYX,2185,3.73,2
TYN,SZX,1684,3.1,4
TYN,TAO,707,1.88,4
TYN,TNA,418,1.52,2
TYN,TPE,1626,3.03,1
TYN,TSA,1643,3.05,1
TYN,TSN,438,1.55,1
TYN,TXN,1031,2.29,2
TYN,URC,2214,3.77,3
TYN,WUH,788,1.98,2
TYN,XIY,506,1.63,2
TYN,XMN,1558,2.95,2
TYN,YCU,325,1.41,1
UBJ,HND,797,2.0,2
UBJ,ICN,587,1.73,1
UBP,BKK,477,1.6,1
UBP,DMK,482,1.6,2
UDR,BOM,624,1.78,3
UDR,DEL,543,1.68,4
UEO,OKA,95,1.12,1
UET,KHI,595,1.74,3
UET,LHE,726,1.91,3
UET,MHD,950,2.19,1
UET,MUX,431,1.54,1
UET,PZH,271,1.34,1
UET,SHJ,1249,2.56,1
UET,TUK,610,1.76,1
UFA,DWC,3299,5.12,1
UFA,DYU,2030,3.54,1
UFA,GYD,1625,3.03,1
UFA,LBD,1897,3.37,1
UFA,NOJ,1460,2.83,1
UFA,NSK,2275,3.84,1
UFA,NUX,1696,3.12,2
UFA,NYM,1523,2.9,1
UFA,SGC,1274,2.59,1
UFA,SHJ,3250,5.06,1
UFA,SVX,393,1.49,1
UFA,TAS,1778,3.22,1
UFA,TJM,657,1.82,1
UGC,BHK,381,1.48,1
UGC,TAS,721,1.9,1
UIH,HAN,878,2.1,1
UIH,SGN,435,1.54,2
UKB,CTS,1064,2.33,3
UKB,HND,427,1.53,2
UKB,IBR,501,1.63,1
UKB,KOJ,524,1.66,1
UKB,NGS,526,1.66,1
UKB,OKA,1186,2.48,2
UKB,SDJ,641,1.8,1
UKB,YGJ,205,1.26,1
UKK,ALA,851,2.06,2
UKK,KGF,658,1.82,1
UKK,PLX,165,1.21,1
UKK,TSE,786,1.98,2
UKX,IKT,517,1.65,2
ULG,ULN,1247,2.56,1
ULH,MED,266,1.33,1
ULH,RUH,875,2.09,1
ULK,IKT,1135,2.42,3
ULK,YKS,808,2.01,3
ULN,BKK,3839,5.8,1
ULN,BYN,496,1.62,1
ULN,COQ,587,1.73,2
ULN,DLZ,506,1.63,1
ULN,FRU,2554,4.19,1
ULN,HKG,2910,4.64,2
ULN,HVD,1127,2.41,1
ULN,ICN,1971,3.46,2
ULN,MXV,529,1.66,2
ULN,NRT,3061,4.83,1
ULN,PEK,1165,2.46,2
ULN,ULG,1247,2.56,1
ULN,ULO,1109,2.39,1
ULO,ULN,1109,2.39,1
UNN,DMK,510,1.64,1
UPG,AMQ,958,2.2,3
UPG,BIK,1887,3.36,2
UPG,BPN,515,1.64,4
UPG,CGK,1432,2.79,4
UPG,DJJ,2342,3.93,3
UPG,DPS,634,1.79,3
UPG,GTO,732,1.92,3
UPG,JOG,1052,2.31,2
UPG,KDI,336,1.42,3
UPG,KUL,2164,3.71,1
UPG,LOP,547,1.68,1
UPG,LUW,572,1.71,2
UPG,MDC,947,2.18,2
UPG,MKW,1675,3.09,1
UPG,PLW,462,1.58,3
UPG,PSJ,423,1.53,1
UPG,SIN,1870,3.34,3
UPG,SOQ,1383,2.73,2
UPG,SUB,791,1.99,4
UPG,TIM,1921,3.4,1
UPG,TRK,958,2.2,1
UPG,TTE,1089,2.36,3
URA,GUW,448,1.56,1
URA,SCO,811,2.01,1
URA,TSE,1387,2.73,1
URC,AAT,430,1.54,2
URC,AKU,657,1.82,3
URC,ALA,841,2.05,2
URC,ASB,2518,4.15,1
URC,BAV,1885,3.36,1
URC,CAN,3278,5.1,3
URC,CGO,2486,4.11,9
URC,CKG,2313,3.89,6
URC,CSX,2880,4.6,2
URC,CTU,2071,3.59,5
URC,DNH,735,1.92,2
URC,DSN,1916,3.4,1
URC,DYU,1665,3.08,3
URC,FRU,1052,2.31,3
URC,GYD,3081,4.85,1
URC,HET,2021,3.53,1
URC,HGH,3266,5.08,2
URC,HMI,514,1.64,3
URC,HTN,998,2.25,6
URC,IKA,3220,5.03,1
URC,KCA,450,1.56,2
URC,KHG,1066,2.33,9
URC,KRL,269,1.34,4
URC,KRY,264,1.33,2
URC,KWE,2597,4.25,1
URC,LBD,1521,2.9,1
URC,LHW,1594,2.99,8
URC,NKG,3046,4.81,1
URC,NLT,334,1.42,2
URC,OSS,1261,2.58,2
URC,OVB,1282,2.6,3
URC,PEK,2430,4.04,4
URC,PVG,3312,5.14,2
URC,SHA,3272,5.09,6
URC,SJW,2354,3.94,2
URC,SZX,3376,5.22,1
URC,TAS,1515,2.89,2
URC,TBS,3440,5.3,1
URC,TCG,446,1.56,2
URC,TNA,2622,4.28,4
URC,TPE,3695,5.62,2
URC,TSE,1435,2.79,2
URC,TSN,2529,4.16,1
URC,TYN,2214,3.77,3
URC,WUH,2758,4.45,4
URC,XIY,2105,3.63,9
URC,XNN,1481,2.85,2
URC,YCU,2234,3.79,2
URC,YIN,492,1.61,2
URC,YIW,3295,5.12,1
URJ,HMA,254,1.32,1
URJ,SVX,441,1.55,1
URJ,TJM,325,1.41,1
URT,BKK,535,1.67,1
URT,DMK,555,1.69,2
URT,KUL,765,1.96,1
URY,JED,1098,2.37,1
URY,RUH,1169,2.46,1
USM,BKK,466,1.58,2
USM,CNX,1032,2.29,1
USM,HKG,2048,3.56,2
USM,HKT,249,1.31,1
USM,KBV,200,1.25,1
USM,KUL,778,1.97,2
USM,PEN,473,1.59,2
USM,SIN,1010,2.26,4
USM,SZB,732,1.92,2
USM,UTP,363,1.45,1
USN,CJU,349,1.44,1
USN,GMP,316,1.4,2
USU,CEB,469,1.59,1
USU,MNL,283,1.35,2
UTH,BKK,466,1.58,2
UTH,CNX,433,1.54,1
UTH,DMK,451,1.56,2
UTH,HKT,1139,2.42,1
UTP,HKT,587,1.73,1
UTP,USM,363,1.45,1
UUD,HTA,403,1.5,1
UUD,IKT,215,1.27,1
UUD,KHV,1997,3.5,1
UUD,KJA,1088,2.36,1
UUD,NZH,739,1.92,1
UUD,OVB,1672,3.09,1
UUD,PEK,1481,2.85,1
UUD,YKS,1757,3.2,1
UUS,CTS,464,1.58,1
UUS,HRB,1272,2.59,2
UUS,ICN,1695,3.12,2
UUS,KHV,592,1.74,2
UUS,NRT,1252,2.56,1
UUS,VVO,914,2.14,2
UYN,CGO,572,1.71,1
UYN,CTU,1008,2.26,2
UYN,KMG,1602,3.0,1
UYN,NAY,608,1.76,2
UYN,PEK,632,1.79,1
UYN,TSN,678,1.85,1
UYN,XIY,441,1.55,4
VCA,HAN,1238,2.55,1
VCA,PQC,188,1.23,1
VCA,VCS,181,1.23,1
VCL,HAN,716,1.9,1
VCL,SGN,556,1.69,1
VCS,SGN,232,1.29,1
VCS,VCA,181,1.23,1
VDH,HAN,420,1.52,1
VDH,SGN,745,1.93,1
VGA,BLR,498,1.62,1
VII,BMV,724,1.91,1
VII,DAD,402,1.5,1
VII,HAN,277,1.35,1
VII,SGN,887,2.11,3
VII,VTE,338,1.42,1
VKG,SGN,192,1.24,1
VNS,AGR,524,1.66,1
VNS,BOM,1247,2.56,1
VNS,CCU,647,1.81,2
VNS,DEL,667,1.83,5
VNS,KTM,352,1.44,1
VRC,MNL,359,1.45,1
VTE,BKK,517,1.65,4
VTE,CAN,1267,2.58,1
VTE,HAN,495,1.62,2
VTE,ICN,3179,4.97,2
VTE,KMG,792,1.99,2
VTE,KUL,1697,3.12,1
VTE,LPQ,216,1.27,2
VTE,LXG,353,1.44,1
VTE,NNG,778,1.97,1
VTE,ODY,305,1.38,1
VTE,PKZ,467,1.58,1
VTE,PNH,757,1.95,2
VTE,SIN,1857,3.32,1
VTE,VII,338,1.42,1
VTE,XKH,174,1.22,1
VTE,ZVK,282,1.35,1
VTZ,BBI,391,1.49,1
VTZ,BLR,776,1.97,4
VTZ,BOM,1103,2.38,3
VTZ,CCU,773,1.97,2
VTZ,DEL,1358,2.7,1
VTZ,MAA,620,1.77,2
VTZ,SIN,2909,4.64,2
VVO,BQS,860,2.08,1
VVO,FNJ,713,1.89,1
VVO,HKG,2884,4.61,2
VVO,ICN,816,2.02,5
VVO,IKT,2276,3.85,1
VVO,KHV,617,1.77,2
VVO,NRT,1103,2.38,2
VVO,OVB,3730,5.66,2
VVO,PEK,1341,2.68,1
VVO,PKC,2211,3.76,2
VVO,PUS,955,2.19,1
VVO,UUS,914,2.14,2
VVO,YKS,2085,3.61,2
WEF,CAN,1576,2.97,1
WEF,DLC,334,1.42,1
WEF,HGH,724,1.91,1
WEF,NGB,789,1.99,1
WEF,PEK,441,1.55,1
WEF,PVG,660,1.82,1
WEF,SHE,671,1.84,1
WGP,DPS,573,1.72,1
WJU,CJU,457,1.57,1
WKJ,CTS,292,1.36,1
WKJ,HND,1109,2.39,1
WMX,DJJ,242,1.3,1
WNP,MNL,264,1.33,2
WNZ,CAN,908,2.13,6
WNZ,CGO,992,2.24,2
WNZ,CJU,823,2.03,1
WNZ,CKG,1398,2.75,5
WNZ,CSX,749,1.94,4
WNZ,CTU,1665,3.08,4
WNZ,DAD,1853,3.32,1
WNZ,FUG,739,1.92,1
WNZ,HAK,1378,2.72,1
WNZ,HIA,674,1.84,1
WNZ,HKG,936,2.17,3
WNZ,HRB,2026,3.53,1
WNZ,KHN,496,1.62,1
WNZ,KMG,1809,3.26,3
WNZ,KWE,1397,2.75,3
WNZ,KWL,1116,2.4,1
WNZ,LYI,826,2.03,1
WNZ,NAY,1382,2.73,2
WNZ,NNG,1404,2.75,1
WNZ,PEK,1409,2.76,4
WNZ,PVG,371,1.46,3
WNZ,SHA,368,1.46,3
WNZ,SHE,1545,2.93,2
WNZ,SJW,1287,2.61,1
WNZ,SYX,1583,2.98,3
WNZ,SZX,919,2.15,4
WNZ,TAO,930,2.16,4
WNZ,TNA,1051,2.31,2
WNZ,TPE,317,1.4,1
WNZ,TSA,324,1.41,1
WNZ,WUH,719,1.9,4
WNZ,XIY,1360,2.7,5
WNZ,ZUH,999,2.25,2
WUA,HET,442,1.55,2
WUA,NAY,819,2.02,2
WUA,PEK,835,2.04,3
WUA,XIY,619,1.77,1
WUH,AQG,273,1.34,1
WUH,BAV,1151,2.44,1
WUH,BKK,2348,3.94,1
WUH,CAN,827,2.03,5
WUH,CGQ,1781,3.23,3
WUH,CIH,616,1.77,1
WUH,CKG,736,1.92,6
WUH,CNX,2034,3.54,1
WUH,CTU,981,2.23,7
WUH,DLC,1128,2.41,4
WUH,DMK,2335,3.92,1
WUH,DSN,1045,2.31,1
WUH,ENH,455,1.57,4
WUH,FOC,758,1.95,3
WUH,HAK,1264,2.58,3
WUH,HET,1140,2.42,3
WUH,HGH,600,1.75,5
WUH,HKG,943,2.18,4
WUH,HRB,1952,3.44,1
WUH,HYN,740,1.93,1
WUH,ICN,1348,2.69,3
WUH,JJN,793,1.99,3
WUH,KHH,1097,2.37,2
WUH,KHN,269,1.34,1
WUH,KMG,1274,2.59,8
WUH,KWE,863,2.08,5
WUH,KWL,742,1.93,1
WUH,LHW,1168,2.46,3
WUH,LJG,1435,2.79,3
WUH,LYG,607,1.76,1
WUH,LYI,615,1.77,1
WUH,LZH,872,2.09,1
WUH,MFM,962,2.2,2
WUH,NGB,704,1.88,2
WUH,NNG,1088,2.36,7
WUH,PEK,1056,2.32,5
WUH,PUS,1457,2.82,1
WUH,PVG,725,1.91,5
WUH,SHA,681,1.85,4
WUH,SHE,1464,2.83,3
WUH,SIN,3445,5.31,3
WUH,SWA,836,2.04,1
WUH,SYX,1470,2.84,4
WUH,SZX,906,2.13,4
WUH,TAO,835,2.04,6
WUH,TNA,730,1.91,4
WUH,TPE,937,2.17,3
WUH,TSA,961,2.2,1
WUH,TSN,970,2.21,4
WUH,TYN,788,1.98,2
WUH,URC,2758,4.45,3
WUH,WNZ,719,1.9,4
WUH,WUX,597,1.75,2
WUH,XFN,237,1.3,1
WUH,XIY,653,1.82,3
WUH,XMN,794,1.99,8
WUH,XNN,1293,2.62,2
WUH,YCU,566,1.71,1
WUH,YNT,988,2.24,3
WUH,YNZ,636,1.79,1
WUH,YTY,558,1.7,2
WUH,ZUH,980,2.23,1
WUH,ZYI,784,1.98,1
WUS,CAN,672,1.84,2
WUS,CKG,1130,2.41,2
WUS,HKG,727,1.91,1
WUS,PEK,1383,2.73,2
WUS,SHA,505,1.63,1
WUS,TAO,978,2.22,2
WUS,TNA,1021,2.28,1
WUS,XIY,1156,2.45,1
WUS,XMN,351,1.44,3
WUX,CAN,1142,2.43,4
WUX,CKG,1333,2.67,4
WUX,CSX,786,1.98,2
WUX,CTU,1572,2.96,4
WUX,DLC,837,2.05,2
WUX,FOC,623,1.78,2
WUX,HKG,1208,2.51,1
WUX,KIX,1419,2.77,2
WUX,MFM,1240,2.55,1
WUX,PEK,1015,2.27,3
WUX,SHE,1160,2.45,2
WUX,SIN,3770,5.71,1
WUX,SYX,1838,3.3,2
WUX,SZX,1182,2.48,4
WUX,TAO,531,1.66,1
WUX,TPE,718,1.9,4
WUX,WUH,597,1.75,2
WUX,XIY,1137,2.42,3
WUX,XMN,805,2.01,3
WUZ,KWE,564,1.71,1
WUZ,NNG,329,1.41,1
WUZ,ZUH,271,1.34,1
WXN,CAN,954,2.19,2
WXN,CTU,430,1.54,1
WXN,KMG,833,2.04,1
WXN,PEK,1267,2.58,1
WXN,PVG,1275,2.59,2
WXN,SZX,1053,2.32,1
WXN,XIY,406,1.51,2
WXN,XMN,1180,2.48,2
XBJ,MHD,373,1.47,1
XBJ,THR,793,1.99,1
XFN,CAN,979,2.22,1
XFN,CKG,603,1.75,1
XFN,HGH,803,2.0,1
XFN,NAY,925,2.16,2
XFN,PEK,962,2.2,2
XFN,PVG,907,2.13,1
XFN,SZX,1068,2.33,3
XFN,WUH,237,1.3,1
XFN,XMN,1020,2.27,1
XIC,CKG,475,1.59,1
XIC,CTU,335,1.42,3
XIC,KMG,329,1.41,1
XIL,HET,481,1.6,3
XIL,NAY,461,1.58,2
XIL,PEK,430,1.54,2
XIY,BAV,689,1.86,2
XIY,BHY,1436,2.79,1
XIY,CAN,1306,2.63,5
XIY,CGD,673,1.84,1
XIY,CGQ,1798,3.25,1
XIY,CKG,562,1.7,10
XIY,CSX,815,2.02,7
XIY,CTU,623,1.78,8
XIY,CZX,1063,2.33,1
XIY,DAT,751,1.94,1
XIY,DLC,1244,2.55,6
XIY,DMK,2426,4.03,1
XIY,DNH,1385,2.73,2
XIY,DSN,569,1.71,3
XIY,DYG,615,1.77,2
XIY,ENY,254,1.32,2
XIY,FOC,1411,2.76,5
XIY,FUG,669,1.84,1
XIY,GOQ,1283,2.6,1
XIY,GXH,560,1.7,1
XIY,HAK,1622,3.03,1
XIY,HET,762,1.95,3
XIY,HFE,849,2.06,4
XIY,HGH,1193,2.49,7
XIY,HIA,957,2.2,1
XIY,HKG,1440,2.8,3
XIY,HMI,1604,3.0,1
XIY,HRB,1932,3.42,5
XIY,ICN,1625,3.03,3
XIY,IQN,183,1.23,1
XIY,JDZ,977,2.22,2
XIY,JGN,1100,2.38,1
XIY,JNG,699,1.87,1
XIY,JZH,502,1.63,1
XIY,KHG,2945,4.68,1
XIY,KHN,918,2.15,4
XIY,KMG,1181,2.48,8
XIY,KWE,899,2.12,8
XIY,KWL,1034,2.29,7
XIY,LHW,518,1.65,6
XIY,LJG,1186,2.48,5
XIY,LXA,1776,3.22,3
XIY,LYI,885,2.11,1
XIY,LZO,699,1.87,1
XIY,MIG,503,1.63,1
XIY,NAO,473,1.59,1
XIY,NGB,1301,2.63,1
XIY,NKG,988,2.24,6
XIY,NNG,1318,2.65,5
XIY,PEK,934,2.17,5
XIY,PUS,1841,3.3,1
XIY,PVG,1273,2.59,8
XIY,RLK,726,1.91,1
XIY,SHA,1229,2.54,5
XIY,SHE,1515,2.89,6
XIY,SJW,682,1.85,4
XIY,SYX,1796,3.25,3
XIY,SZX,1402,2.75,5
XIY,TAO,1072,2.34,7
XIY,TNA,810,2.01,7
XIY,TPE,1590,2.99,4
XIY,TSN,925,2.16,7
XIY,TXN,1037,2.3,1
XIY,TYN,506,1.63,2
XIY,URC,2105,3.63,9
XIY,UYN,441,1.55,4
XIY,WNZ,1360,2.7,5
XIY,WUA,619,1.77,1
XIY,WUH,653,1.82,3
XIY,WUS,1156,2.45,1
XIY,WUX,1137,2.42,3
XIY,WXN,406,1.51,2
XIY,XMN,1425,2.78,7
XIY,XNN,650,1.81,9
XIY,YBP,743,1.93,1
XIY,YIH,503,1.63,1
XIY,YIW,1206,2.51,1
XIY,YNT,1182,2.48,2
XIY,YNZ,1062,2.33,1
XIY,YTY,1038,2.3,2
XIY,ZYI,781,1.98,1
XKH,VTE,174,1.22,1
XMN,AQG,680,1.85,1
XMN,BKK,2186,3.73,3
XMN,CAN,507,1.63,6
XMN,CGD,807,2.01,1
XMN,CGK,3630,5.54,3
XMN,CGO,1184,2.48,5
XMN,CIH,1386,2.73,1
XMN,CJU,1286,2.61,1
XMN,CKG,1273,2.59,5
XMN,CSX,635,1.79,8
XMN,CTU,1549,2.94,6
XMN,CZX,836,2.04,2
XMN,DAD,1401,2.75,1
XMN,DLC,1635,3.04,1
XMN,FUG,956,2.2,1
XMN,HAK,941,2.18,3
XMN,HFE,809,2.01,7
XMN,HGH,672,1.84,5
XMN,HKG,496,1.62,5
XMN,HSN,731,1.91,2
XMN,ICN,1640,3.05,2
XMN,JDZ,541,1.68,2
XMN,JIU,595,1.74,2
XMN,JUH,690,1.86,2
XMN,JUZ,498,1.62,2
XMN,KHH,315,1.39,3
XMN,KHN,529,1.66,3
XMN,KMG,1534,2.92,8
XMN,KOW,367,1.46,1
XMN,KUL,2996,4.75,3
XMN,KWE,1157,2.45,3
XMN,KWL,819,2.02,6
XMN,LZH,886,2.11,1
XMN,MFM,534,1.67,4
XMN,MNL,1156,2.45,3
XMN,NAY,1702,3.13,2
XMN,NGB,674,1.84,3
XMN,NKG,804,2.0,9
XMN,NNG,1037,2.3,6
XMN,NRT,2468,4.08,3
XMN,PEK,1734,3.17,6
XMN,PVG,818,2.02,4
XMN,RMQ,254,1.32,2
XMN,SHA,804,2.0,6
XMN,SHE,1964,3.46,3
XMN,SIN,2993,4.74,4
XMN,SJW,1561,2.95,1
XMN,SYX,1138,2.42,5
XMN,SZX,488,1.61,4
XMN,TAO,1321,2.65,4
XMN,TNA,1372,2.71,4
XMN,TPE,319,1.4,2
XMN,TSA,350,1.44,2
XMN,TSN,1623,3.03,5
XMN,TXN,577,1.72,3
XMN,TYN,1558,2.95,2
XMN,WUH,794,1.99,7
XMN,WUS,351,1.44,3
XMN,WUX,805,2.01,3
XMN,WXN,1180,2.48,2
XMN,XFN,1020,2.27,1
XMN,XIY,1425,2.78,7
XMN,XUZ,1059,2.32,1
XMN,YIH,936,2.17,2
XMN,YIW,566,1.71,1
XMN,YNZ,1008,2.26,2
XMN,YTY,905,2.13,2
XMN,ZUH,561,1.7,4
XMN,ZYI,1161,2.45,1
XNN,CGO,1090,2.36,5
XNN,CKG,869,2.09,7
XNN,CSX,1399,2.75,1
XNN,CTU,685,1.86,5
XNN,GOQ,649,1.81,1
XNN,KMG,1273,2.59,1
XNN,KWE,1198,2.5,1
XNN,LXA,1312,2.64,2
XNN,MIG,619,1.77,1
XNN,NKG,1634,3.04,1
XNN,PEK,1327,2.66,5
XNN,PVG,1917,3.4,1
XNN,TSN,1373,2.72,1
XNN,URC,1481,2.85,2
XNN,WUH,1293,2.62,2
XNN,XIY,650,1.81,9
XNN,YUS,615,1.77,2
XNN,ZHY,300,1.38,1
XSB,AZI,191,1.24,1
XSB,DXB,301,1.38,1
XUZ,CAN,1256,2.57,1
XUZ,CKG,1137,2.42,1
XUZ,CSX,772,1.96,1
XUZ,CTU,1335,2.67,1
XUZ,DLC,651,1.81,1
XUZ,FOC,926,2.16,1
XUZ,HKG,1354,2.69,1
XUZ,HRB,1483,2.85,1
XUZ,KHH,1306,2.63,1
XUZ,KMG,1727,3.16,1
XUZ,KWE,1327,2.66,2
XUZ,LYG,134,1.17,1
XUZ,SHA,476,1.59,1
XUZ,SHE,990,2.24,1
XUZ,SZX,1321,2.65,1
XUZ,TPE,1060,2.33,2
XUZ,XMN,1059,2.32,1
YBP,CAN,1060,2.33,2
YBP,KMG,441,1.55,1
YBP,PEK,1668,3.08,2
YBP,PVG,1681,3.1,1
YBP,SYX,1268,2.58,1
YBP,SZX,1153,2.44,2
YBP,XIY,743,1.93,1
YCU,CAN,1322,2.65,2
YCU,CKG,728,1.91,1
YCU,CSX,798,2.0,1
YCU,CTU,832,2.04,2
YCU,HGH,1034,2.29,2
YCU,HRB,1734,3.17,1
YCU,KMG,1358,2.7,2
YCU,LHW,686,1.86,2
YCU,NKG,817,2.02,1
YCU,PEK,737,1.92,2
YCU,PVG,1095,2.37,2
YCU,SYX,1876,3.35,1
YCU,SZX,1413,2.77,2
YCU,TAO,853,2.07,2
YCU,TSN,715,1.89,2
YCU,TYN,325,1.41,1
YCU,URC,2234,3.79,2
YCU,WUH,566,1.71,1
YES,THR,555,1.69,1
YGJ,CTS,1089,2.36,1
YGJ,HND,592,1.74,2
YGJ,ICN,645,1.81,2
YGJ,NRT,647,1.81,1
YGJ,OKA,1163,2.45,1
YGJ,UKB,205,1.26,1
YIC,KMG,1171,2.46,1
YIC,PEK,1381,2.73,2
YIC,SHA,778,1.97,1
YIC,SZX,576,1.72,2
YIH,CAN,817,2.02,2
YIH,CKG,474,1.59,3
YIH,CTU,721,1.9,1
YIH,HGH,859,2.07,1
YIH,HKG,949,2.19,1
YIH,KMG,1036,2.29,1
YIH,KWE,639,1.8,1
YIH,NGB,962,2.2,1
YIH,PEK,1155,2.44,4
YIH,SHA,943,2.18,2
YIH,SYX,1378,2.72,1
YIH,SZX,910,2.14,3
YIH,XIY,503,1.63,1
YIH,XMN,936,2.17,2
YIN,CTU,2480,4.1,2
YIN,URC,492,1.61,2
YIW,CAN,942,2.18,1
YIW,CGO,820,2.02,1
YIW,CTU,1554,2.94,2
YIW,HRB,1890,3.36,1
YIW,JJN,525,1.66,1
YIW,KMG,1754,3.19,1
YIW,LYI,652,1.81,1
YIW,PEK,1234,2.54,3
YIW,SHE,1402,2.75,1
YIW,SWA,734,1.92,2
YIW,URC,3295,5.12,1
YIW,XIY,1206,2.51,1
YIW,XMN,566,1.71,1
YIW,ZUH,1053,2.32,1
YKS,BQS,1305,2.63,1
YKS,CKH,1236,2.54,2
YKS,CYX,1612,3.02,2
YKS,GDX,1150,2.44,1
YKS,HRB,1845,3.31,1
YKS,IKS,1069,2.34,2
YKS,IKT,1860,3.33,3
YKS,KHV,1546,2.93,1
YKS,KJA,2191,3.74,1
YKS,MJZ,812,2.01,2
YKS,OVB,2775,4.47,2
YKS,PEK,2604,4.25,2
YKS,PYJ,977,2.22,2
YKS,ULK,808,2.01,3
YKS,UUD,1757,3.2,1
YKS,VVO,2085,3.61,2
YNB,DMM,1207,2.51,1
YNB,DXB,1751,3.19,1
YNB,JED,296,1.37,1
YNB,RUH,878,2.1,1
YNB,SHJ,1766,3.21,1
YNJ,CGQ,328,1.41,1
YNJ,DLC,794,1.99,1
YNJ,ICN,654,1.82,4
YNJ,PEK,1115,2.39,3
YNJ,PVG,1470,2.84,2
YNJ,TAO,1070,2.34,3
YNT,CAN,1738,3.17,3
YNT,CGQ,818,2.02,3
YNT,CSX,1275,2.59,1
YNT,CTU,1773,3.22,3
YNT,DLC,175,1.22,1
YNT,HFE,728,1.91,1
YNT,HGH,802,2.0,2
YNT,HKG,1824,3.28,1
YNT,HRB,1000,2.25,5
YNT,ICN,448,1.56,5
YNT,KIX,1291,2.61,2
YNT,NKG,670,1.84,3
YNT,PEK,511,1.64,4
YNT,PVG,697,1.87,3
YNT,SHA,690,1.86,4
YNT,SHE,505,1.63,1
YNT,SJW,594,1.74,2
YNT,SZX,1794,3.24,2
YNT,TNA,373,1.47,2
YNT,TPE,1370,2.71,1
YNT,TSN,400,1.5,2
YNT,WUH,988,2.24,3
YNT,XIY,1182,2.48,2
YNY,PVG,993,2.24,1
YNZ,CSX,885,2.11,1
YNZ,DLC,628,1.79,1
YNZ,HKG,1381,2.73,1
YNZ,HRB,1451,2.81,2
YNZ,PEK,807,2.01,2
YNZ,SHA,270,1.34,1
YNZ,SHE,958,2.2,1
YNZ,TPE,934,2.17,3
YNZ,WUH,636,1.79,1
YNZ,XIY,1062,2.33,1
YNZ,XMN,1008,2.26,2
YTY,CAN,1198,2.5,1
YTY,CGO,587,1.73,1
YTY,CKG,1283,2.6,2
YTY,CSX,790,1.99,1
YTY,CTU,1509,2.89,1
YTY,DLC,731,1.91,1
YTY,HRB,1556,2.95,1
YTY,PEK,882,2.1,2
YTY,SYX,1891,3.36,1
YTY,SZX,1247,2.56,1
YTY,WUH,558,1.7,2
YTY,XIY,1038,2.3,2
YTY,XMN,905,2.13,2
YUS,XNN,615,1.77,2
ZAH,DXB,721,1.9,1
ZAH,GBT,1024,2.28,2
ZAH,KER,392,1.49,1
ZAH,MHD,761,1.95,3
ZAH,SYZ,805,2.01,1
ZAH,THR,1133,2.42,2
ZAH,ZBR,451,1.56,1
ZAM,CEB,431,1.54,1
ZAM,DVO,396,1.5,1
ZAM,JOL,151,1.19,1
ZAM,MNL,851,2.06,3
ZAT,CKG,388,1.48,1
ZAT,KMG,261,1.33,2
ZBR,BND,445,1.56,1
ZBR,MCT,296,1.37,1
ZBR,MHD,1202,2.5,1
ZBR,THR,1431,2.79,2
ZBR,ZAH,451,1.56,1
ZHA,CAN,388,1.48,1
ZHA,CKG,1016,2.27,1
ZHA,CSX,828,2.04,1
ZHA,CTU,1222,2.53,2
ZHA,HAK,143,1.18,1
ZHA,HKG,387,1.48,1
ZHA,KMG,874,2.09,1
ZHA,NAY,2143,3.68,2
ZHA,PEK,2179,3.72,2
ZHA,PVG,1587,2.98,3
ZHA,SWA,683,1.85,1
ZHA,SYX,339,1.42,1
ZHA,SZX,390,1.49,2
ZHY,PEK,1028,2.29,1
ZHY,XNN,300,1.38,1
ZUH,CGO,1392,2.74,2
ZUH,CKG,1090,2.36,3
ZUH,CSX,688,1.86,1
ZUH,CTU,1337,2.67,2
ZUH,CZX,1271,2.59,1
ZUH,FOC,774,1.97,4
ZUH,HAK,380,1.48,3
ZUH,HFE,1154,2.44,1
ZUH,HGH,1154,2.44,1
ZUH,HYN,1089,2.36,2
ZUH,KHN,804,2.0,3
ZUH,KMG,1119,2.4,1
ZUH,KOW,451,1.56,1
ZUH,KWE,835,2.04,3
ZUH,KWL,493,1.62,1
ZUH,LZH,475,1.59,1
ZUH,MXZ,384,1.48,1
ZUH,NGB,1187,2.48,1
ZUH,NNG,539,1.67,3
ZUH,PEK,2032,3.54,3
ZUH,PVG,1316,2.65,5
ZUH,SHA,1292,2.62,4
ZUH,SWA,364,1.46,1
ZUH,SYX,584,1.73,2
ZUH,TSN,1940,3.42,1
ZUH,WNZ,999,2.25,2
ZUH,WUH,980,2.23,1
ZUH,WUZ,271,1.34,1
ZUH,XMN,561,1.7,4
ZUH,YIW,1053,2.32,1
ZVK,BKK,536,1.67,1
ZVK,PKZ,192,1.24,1
ZVK,VTE,282,1.35,1
ZYI,CAN,786,1.98,1
ZYI,CSX,615,1.77,1
ZYI,CTU,446,1.56,1
ZYI,HAK,921,2.15,1
ZYI,KMG,491,1.61,1
ZYI,NKG,1235,2.54,1
ZYI,PEK,1645,3.06,3
ZYI,SHA,1444,2.8,1
ZYI,SYX,1062,2.33,1
ZYI,SZX,879,2.1,1
ZYI,WUH,784,1.98,1
ZYI,XIY,781,1.98,1
ZYI,XMN,1161,2.45,1
ZYL,DAC,194,1.24,4
