id,name,label
Compound::DB00035,Desmopressin,Compound
Compound::DB00014,Goserelin,Compound
Compound::DB00050,Cetrorelix,Compound
Compound::DB00091,Cyclosporine,Compound
Compound::DB00093,Felypressin,Compound
Compound::DB00104,Octreotide,Compound
Compound::DB00115,Cyanocobalamin,Compound
Compound::DB00116,Tetrahydrofolic acid,Compound
Compound::DB00117,L-Histidine,Compound
Compound::DB00118,S-Adenosylmethionine,Compound
Compound::DB00119,Pyruvic acid,Compound
Compound::DB00120,L-Phenylalanine,Compound
Compound::DB00121,Biotin,Compound
Compound::DB00122,Choline,Compound
Compound::DB00123,L-Lysine,Compound
Compound::DB00125,L-Arginine,Compound
Compound::DB00126,Vitamin C,Compound
Compound::DB00127,Spermine,Compound
Compound::DB00128,L-Aspartic Acid,Compound
Compound::DB00129,L-Ornithine,Compound
Compound::DB00130,L-Glutamine,Compound
Compound::DB00131,Adenosine monophosphate,Compound
Compound::DB00132,Alpha-Linolenic Acid,Compound
Compound::DB00133,L-Serine,Compound
Compound::DB00134,L-Methionine,Compound
Compound::DB00135,L-Tyrosine,Compound
Compound::DB00136,Calcitriol,Compound
Compound::DB00137,Xanthophyll,Compound
Compound::DB00138,L-Cystine,Compound
Compound::DB00139,Succinic acid,Compound
Compound::DB00140,Riboflavin,Compound
Compound::DB00141,N-Acetyl-D-glucosamine,Compound
Compound::DB00143,Glutathione,Compound
Compound::DB00144,Phosphatidylserine,Compound
Compound::DB00145,Glycine,Compound
Compound::DB00146,Calcidiol,Compound
Compound::DB00147,Pyridoxal,Compound
Compound::DB00148,Creatine,Compound
Compound::DB00149,L-Leucine,Compound
Compound::DB00150,L-Tryptophan,Compound
Compound::DB00151,L-Cysteine,Compound
Compound::DB00152,Thiamine,Compound
Compound::DB00153,Ergocalciferol,Compound
Compound::DB00154,Dihomo-gamma-linolenic acid,Compound
Compound::DB00155,L-Citrulline,Compound
Compound::DB00156,L-Threonine,Compound
Compound::DB00158,Folic Acid,Compound
Compound::DB00159,Icosapent,Compound
Compound::DB00160,L-Alanine,Compound
Compound::DB00161,L-Valine,Compound
Compound::DB00162,Vitamin A,Compound
Compound::DB00163,Vitamin E,Compound
Compound::DB00165,Pyridoxine,Compound
Compound::DB00166,Lipoic Acid,Compound
Compound::DB00167,L-Isoleucine,Compound
Compound::DB00168,Aspartame,Compound
Compound::DB00169,Cholecalciferol,Compound
Compound::DB00170,Menadione,Compound
Compound::DB00171,Adenosine triphosphate,Compound
Compound::DB00172,L-Proline,Compound
Compound::DB00173,Adenine,Compound
Compound::DB00174,L-Asparagine,Compound
Compound::DB00175,Pravastatin,Compound
Compound::DB00176,Fluvoxamine,Compound
Compound::DB00177,Valsartan,Compound
Compound::DB00178,Ramipril,Compound
Compound::DB00179,Masoprocol,Compound
Compound::DB00180,Flunisolide,Compound
Compound::DB00181,Baclofen,Compound
Compound::DB00182,Amphetamine,Compound
Compound::DB00183,Pentagastrin,Compound
Compound::DB00184,Nicotine,Compound
Compound::DB00185,Cevimeline,Compound
Compound::DB00186,Lorazepam,Compound
Compound::DB00187,Esmolol,Compound
Compound::DB00188,Bortezomib,Compound
Compound::DB00189,Ethchlorvynol,Compound
Compound::DB00190,Carbidopa,Compound
Compound::DB00191,Phentermine,Compound
Compound::DB00192,Indecainide,Compound
Compound::DB00193,Tramadol,Compound
Compound::DB00194,Vidarabine,Compound
Compound::DB00195,Betaxolol,Compound
Compound::DB00196,Fluconazole,Compound
Compound::DB00198,Oseltamivir,Compound
Compound::DB00199,Erythromycin,Compound
Compound::DB00200,Hydroxocobalamin,Compound
Compound::DB00201,Caffeine,Compound
Compound::DB00202,Succinylcholine,Compound
Compound::DB00203,Sildenafil,Compound
Compound::DB00204,Dofetilide,Compound
Compound::DB00205,Pyrimethamine,Compound
Compound::DB00206,Reserpine,Compound
Compound::DB00207,Azithromycin,Compound
Compound::DB00208,Ticlopidine,Compound
Compound::DB00209,Trospium,Compound
Compound::DB00210,Adapalene,Compound
Compound::DB00211,Midodrine,Compound
Compound::DB00212,Remikiren,Compound
Compound::DB00213,Pantoprazole,Compound
Compound::DB00214,Torasemide,Compound
Compound::DB00215,Citalopram,Compound
Compound::DB00216,Eletriptan,Compound
Compound::DB00217,Bethanidine,Compound
Compound::DB00218,Moxifloxacin,Compound
Compound::DB00219,Oxyphenonium,Compound
Compound::DB00220,Nelfinavir,Compound
Compound::DB00221,Isoetarine,Compound
Compound::DB00222,Glimepiride,Compound
Compound::DB00223,Diflorasone,Compound
Compound::DB00224,Indinavir,Compound
Compound::DB00225,Gadodiamide,Compound
Compound::DB00226,Guanadrel,Compound
Compound::DB00227,Lovastatin,Compound
Compound::DB00228,Enflurane,Compound
Compound::DB00229,Cefotiam,Compound
Compound::DB00230,Pregabalin,Compound
Compound::DB00231,Temazepam,Compound
Compound::DB00232,Methyclothiazide,Compound
Compound::DB00233,Aminosalicylic Acid,Compound
Compound::DB00234,Reboxetine,Compound
Compound::DB00235,Milrinone,Compound
Compound::DB00237,Butabarbital,Compound
Compound::DB00238,Nevirapine,Compound
Compound::DB00239,Oxiconazole,Compound
Compound::DB00240,Alclometasone,Compound
Compound::DB00241,Butalbital,Compound
Compound::DB00242,Cladribine,Compound
Compound::DB00243,Ranolazine,Compound
Compound::DB00244,Mesalazine,Compound
Compound::DB00245,Benzatropine,Compound
Compound::DB00246,Ziprasidone,Compound
Compound::DB00247,Methysergide,Compound
Compound::DB00248,Cabergoline,Compound
Compound::DB00249,Idoxuridine,Compound
Compound::DB00250,Dapsone,Compound
Compound::DB00251,Terconazole,Compound
Compound::DB00252,Phenytoin,Compound
Compound::DB00253,Medrysone,Compound
Compound::DB00254,Doxycycline,Compound
Compound::DB00255,Diethylstilbestrol,Compound
Compound::DB00256,Lymecycline,Compound
Compound::DB00257,Clotrimazole,Compound
Compound::DB00258,Calcium Acetate,Compound
Compound::DB00259,Sulfanilamide,Compound
Compound::DB00260,Cycloserine,Compound
Compound::DB00261,Anagrelide,Compound
Compound::DB00262,Carmustine,Compound
Compound::DB00263,Sulfisoxazole,Compound
Compound::DB00264,Metoprolol,Compound
Compound::DB00265,Crotamiton,Compound
Compound::DB00266,Dicoumarol,Compound
Compound::DB00267,Cefmenoxime,Compound
Compound::DB00268,Ropinirole,Compound
Compound::DB00270,Isradipine,Compound
Compound::DB00271,Diatrizoate,Compound
Compound::DB00272,Betazole,Compound
Compound::DB00273,Topiramate,Compound
Compound::DB00274,Cefmetazole,Compound
Compound::DB00275,Olmesartan,Compound
Compound::DB00276,Amsacrine,Compound
Compound::DB00277,Theophylline,Compound
Compound::DB00278,Argatroban,Compound
Compound::DB00279,Liothyronine,Compound
Compound::DB00280,Disopyramide,Compound
Compound::DB00281,Lidocaine,Compound
Compound::DB00282,Pamidronate,Compound
Compound::DB00283,Clemastine,Compound
Compound::DB00284,Acarbose,Compound
Compound::DB00285,Venlafaxine,Compound
Compound::DB00286,Conjugated Estrogens,Compound
Compound::DB00287,Travoprost,Compound
Compound::DB00288,Amcinonide,Compound
Compound::DB00289,Atomoxetine,Compound
Compound::DB00290,Bleomycin,Compound
Compound::DB00291,Chlorambucil,Compound
Compound::DB00292,Etomidate,Compound
Compound::DB00293,Raltitrexed,Compound
Compound::DB00294,Etonogestrel,Compound
Compound::DB00295,Morphine,Compound
Compound::DB00296,Ropivacaine,Compound
Compound::DB00297,Bupivacaine,Compound
Compound::DB00298,Dapiprazole,Compound
Compound::DB00299,Penciclovir,Compound
Compound::DB00300,Tenofovir,Compound
Compound::DB00301,Flucloxacillin,Compound
Compound::DB00302,Tranexamic Acid,Compound
Compound::DB00303,Ertapenem,Compound
Compound::DB00304,Desogestrel,Compound
Compound::DB00305,Mitomycin,Compound
Compound::DB00306,Talbutal,Compound
Compound::DB00307,Bexarotene,Compound
Compound::DB00308,Ibutilide,Compound
Compound::DB00309,Vindesine,Compound
Compound::DB00310,Chlorthalidone,Compound
Compound::DB00312,Pentobarbital,Compound
Compound::DB00313,Valproic Acid,Compound
Compound::DB00314,Capreomycin,Compound
Compound::DB00315,Zolmitriptan,Compound
Compound::DB00316,Acetaminophen,Compound
Compound::DB00317,Gefitinib,Compound
Compound::DB00318,Codeine,Compound
Compound::DB00319,Piperacillin,Compound
Compound::DB00320,Dihydroergotamine,Compound
Compound::DB00321,Amitriptyline,Compound
Compound::DB00322,Floxuridine,Compound
Compound::DB00323,Tolcapone,Compound
Compound::DB00324,Fluorometholone,Compound
Compound::DB00325,Nitroprusside,Compound
Compound::DB00326,Calcium Gluceptate,Compound
Compound::DB00327,Hydromorphone,Compound
Compound::DB00328,Indomethacin,Compound
Compound::DB00330,Ethambutol,Compound
Compound::DB00331,Metformin,Compound
Compound::DB00332,Ipratropium bromide,Compound
Compound::DB00333,Methadone,Compound
Compound::DB00334,Olanzapine,Compound
Compound::DB00335,Atenolol,Compound
Compound::DB00336,Nitrofural,Compound
Compound::DB00337,Pimecrolimus,Compound
Compound::DB00338,Omeprazole,Compound
Compound::DB00339,Pyrazinamide,Compound
Compound::DB00340,Metixene,Compound
Compound::DB00341,Cetirizine,Compound
Compound::DB00343,Diltiazem,Compound
Compound::DB00344,Protriptyline,Compound
Compound::DB00345,Aminohippurate,Compound
Compound::DB00346,Alfuzosin,Compound
Compound::DB00347,Trimethadione,Compound
Compound::DB00348,Nitisinone,Compound
Compound::DB00349,Clobazam,Compound
Compound::DB00350,Minoxidil,Compound
Compound::DB00351,Megestrol acetate,Compound
Compound::DB00352,Tioguanine,Compound
Compound::DB00353,Methylergometrine,Compound
Compound::DB00354,Buclizine,Compound
Compound::DB00355,Aztreonam,Compound
Compound::DB00356,Chlorzoxazone,Compound
Compound::DB00357,Aminoglutethimide,Compound
Compound::DB00358,Mefloquine,Compound
Compound::DB00359,Sulfadiazine,Compound
Compound::DB00360,Tetrahydrobiopterin,Compound
Compound::DB00361,Vinorelbine,Compound
Compound::DB00362,Anidulafungin,Compound
Compound::DB00363,Clozapine,Compound
Compound::DB00364,Sucralfate,Compound
Compound::DB00366,Doxylamine,Compound
Compound::DB00367,Levonorgestrel,Compound
Compound::DB00368,Norepinephrine,Compound
Compound::DB00369,Cidofovir,Compound
Compound::DB00370,Mirtazapine,Compound
Compound::DB00371,Meprobamate,Compound
Compound::DB00373,Timolol,Compound
Compound::DB00374,Treprostinil,Compound
Compound::DB00375,Colestipol,Compound
Compound::DB00376,Trihexyphenidyl,Compound
Compound::DB00377,Palonosetron,Compound
Compound::DB00378,Dydrogesterone,Compound
Compound::DB00379,Mexiletine,Compound
Compound::DB00380,Dexrazoxane,Compound
Compound::DB00381,Amlodipine,Compound
Compound::DB00383,Oxyphencyclimine,Compound
Compound::DB00384,Triamterene,Compound
Compound::DB00385,Valrubicin,Compound
Compound::DB00387,Procyclidine,Compound
Compound::DB00388,Phenylephrine,Compound
Compound::DB00389,Carbimazole,Compound
Compound::DB00390,Digoxin,Compound
Compound::DB00391,Sulpiride,Compound
Compound::DB00392,Ethopropazine,Compound
Compound::DB00393,Nimodipine,Compound
Compound::DB00394,Beclomethasone,Compound
Compound::DB00395,Carisoprodol,Compound
Compound::DB00396,Progesterone,Compound
Compound::DB00397,Phenylpropanolamine,Compound
Compound::DB00398,Sorafenib,Compound
Compound::DB00399,Zoledronate,Compound
Compound::DB00400,Griseofulvin,Compound
Compound::DB00401,Nisoldipine,Compound
Compound::DB00402,Eszopiclone,Compound
Compound::DB00403,Ceruletide,Compound
Compound::DB00404,Alprazolam,Compound
Compound::DB00405,Dexbrompheniramine,Compound
Compound::DB00406,Gentian Violet,Compound
Compound::DB00407,Ardeparin,Compound
Compound::DB00408,Loxapine,Compound
Compound::DB00409,Remoxipride,Compound
Compound::DB00410,Mupirocin,Compound
Compound::DB00411,Carbachol,Compound
Compound::DB00412,Rosiglitazone,Compound
Compound::DB00413,Pramipexole,Compound
Compound::DB00415,Ampicillin,Compound
Compound::DB00417,Penicillin V,Compound
Compound::DB00418,Secobarbital,Compound
Compound::DB00419,Miglustat,Compound
Compound::DB00420,Promazine,Compound
Compound::DB00421,Spironolactone,Compound
Compound::DB00422,Methylphenidate,Compound
Compound::DB00423,Methocarbamol,Compound
Compound::DB00424,Hyoscyamine,Compound
Compound::DB00425,Zolpidem,Compound
Compound::DB00426,Famciclovir,Compound
Compound::DB00427,Triprolidine,Compound
Compound::DB00428,Streptozocin,Compound
Compound::DB00429,Carboprost Tromethamine,Compound
Compound::DB00430,Cefpiramide,Compound
Compound::DB00431,Lindane,Compound
Compound::DB00432,Trifluridine,Compound
Compound::DB00433,Prochlorperazine,Compound
Compound::DB00434,Cyproheptadine,Compound
Compound::DB00435,Nitric Oxide,Compound
Compound::DB00436,Bendroflumethiazide,Compound
Compound::DB00437,Allopurinol,Compound
Compound::DB00438,Ceftazidime,Compound
Compound::DB00440,Trimethoprim,Compound
Compound::DB00441,Gemcitabine,Compound
Compound::DB00442,Entecavir,Compound
Compound::DB00443,Betamethasone,Compound
Compound::DB00444,Teniposide,Compound
Compound::DB00445,Epirubicin,Compound
Compound::DB00446,Chloramphenicol,Compound
Compound::DB00448,Lansoprazole,Compound
Compound::DB00449,Dipivefrin,Compound
Compound::DB00450,Droperidol,Compound
Compound::DB00451,Levothyroxine,Compound
Compound::DB00452,Framycetin,Compound
Compound::DB00453,Clomocycline,Compound
Compound::DB00454,Pethidine,Compound
Compound::DB00455,Loratadine,Compound
Compound::DB00456,Cefalotin,Compound
Compound::DB00457,Prazosin,Compound
Compound::DB00458,Imipramine,Compound
Compound::DB00459,Acitretin,Compound
Compound::DB00460,Verteporfin,Compound
Compound::DB00461,Nabumetone,Compound
Compound::DB00462,Methylscopolamine bromide,Compound
Compound::DB00464,Sodium Tetradecyl Sulfate,Compound
Compound::DB00465,Ketorolac,Compound
Compound::DB00467,Enoxacin,Compound
Compound::DB00468,Quinine,Compound
Compound::DB00469,Tenoxicam,Compound
Compound::DB00470,Dronabinol,Compound
Compound::DB00471,Montelukast,Compound
Compound::DB00472,Fluoxetine,Compound
Compound::DB00473,Hexylcaine,Compound
Compound::DB00474,Methohexital,Compound
Compound::DB00475,Chlordiazepoxide,Compound
Compound::DB00476,Duloxetine,Compound
Compound::DB00477,Chlorpromazine,Compound
Compound::DB00478,Rimantadine,Compound
Compound::DB00479,Amikacin,Compound
Compound::DB00480,Lenalidomide,Compound
Compound::DB00481,Raloxifene,Compound
Compound::DB00482,Celecoxib,Compound
Compound::DB00483,Gallamine Triethiodide,Compound
Compound::DB00484,Brimonidine,Compound
Compound::DB00485,Dicloxacillin,Compound
Compound::DB00486,Nabilone,Compound
Compound::DB00487,Pefloxacin,Compound
Compound::DB00488,Altretamine,Compound
Compound::DB00489,Sotalol,Compound
Compound::DB00490,Buspirone,Compound
Compound::DB00491,Miglitol,Compound
Compound::DB00492,Fosinopril,Compound
Compound::DB00493,Cefotaxime,Compound
Compound::DB00494,Entacapone,Compound
Compound::DB00495,Zidovudine,Compound
Compound::DB00496,Darifenacin,Compound
Compound::DB00497,Oxycodone,Compound
Compound::DB00498,Phenindione,Compound
Compound::DB00499,Flutamide,Compound
Compound::DB00500,Tolmetin,Compound
Compound::DB00501,Cimetidine,Compound
Compound::DB00502,Haloperidol,Compound
Compound::DB00503,Ritonavir,Compound
Compound::DB00504,Levallorphan,Compound
Compound::DB00507,Nitazoxanide,Compound
Compound::DB00508,Triflupromazine,Compound
Compound::DB00509,Dextrothyroxine,Compound
Compound::DB00511,Acetyldigitoxin,Compound
Compound::DB00512,Vancomycin,Compound
Compound::DB00513,Aminocaproic Acid,Compound
Compound::DB00514,Dextromethorphan,Compound
Compound::DB00515,Cisplatin,Compound
Compound::DB00517,Anisotropine Methylbromide,Compound
Compound::DB00518,Albendazole,Compound
Compound::DB00519,Trandolapril,Compound
Compound::DB00520,Caspofungin,Compound
Compound::DB00521,Carteolol,Compound
Compound::DB00523,Alitretinoin,Compound
Compound::DB00524,Metolazone,Compound
Compound::DB00525,Tolnaftate,Compound
Compound::DB00526,Oxaliplatin,Compound
Compound::DB00527,Cinchocaine,Compound
Compound::DB00528,Lercanidipine,Compound
Compound::DB00529,Foscarnet,Compound
Compound::DB00530,Erlotinib,Compound
Compound::DB00531,Cyclophosphamide,Compound
Compound::DB00534,Chlormerodrin,Compound
Compound::DB00535,Cefdinir,Compound
Compound::DB00536,Guanidine,Compound
Compound::DB00537,Ciprofloxacin,Compound
Compound::DB00538,Gadoversetamide,Compound
Compound::DB00539,Toremifene,Compound
Compound::DB00540,Nortriptyline,Compound
Compound::DB00541,Vincristine,Compound
Compound::DB00542,Benazepril,Compound
Compound::DB00543,Amoxapine,Compound
Compound::DB00544,Fluorouracil,Compound
Compound::DB00545,Pyridostigmine,Compound
Compound::DB00546,Adinazolam,Compound
Compound::DB00547,Desoximetasone,Compound
Compound::DB00548,Azelaic Acid,Compound
Compound::DB00549,Zafirlukast,Compound
Compound::DB00550,Propylthiouracil,Compound
Compound::DB00551,Acetohydroxamic Acid,Compound
Compound::DB00552,Pentostatin,Compound
Compound::DB00553,Methoxsalen,Compound
Compound::DB00554,Piroxicam,Compound
Compound::DB00555,Lamotrigine,Compound
Compound::DB00556,Perflutren,Compound
Compound::DB00557,Hydroxyzine,Compound
Compound::DB00558,Zanamivir,Compound
Compound::DB00559,Bosentan,Compound
Compound::DB00560,Tigecycline,Compound
Compound::DB00561,Doxapram,Compound
Compound::DB00562,Benzthiazide,Compound
Compound::DB00563,Methotrexate,Compound
Compound::DB00564,Carbamazepine,Compound
Compound::DB00565,Cisatracurium Besylate,Compound
Compound::DB00566,Succimer,Compound
Compound::DB00567,Cephalexin,Compound
Compound::DB00568,Cinnarizine,Compound
Compound::DB00569,Fondaparinux sodium,Compound
Compound::DB00570,Vinblastine,Compound
Compound::DB00571,Propranolol,Compound
Compound::DB00572,Atropine,Compound
Compound::DB00573,Fenoprofen,Compound
Compound::DB00575,Clonidine,Compound
Compound::DB00576,Sulfamethizole,Compound
Compound::DB00577,Valaciclovir,Compound
Compound::DB00578,Carbenicillin,Compound
Compound::DB00579,Mazindol,Compound
Compound::DB00581,Lactulose,Compound
Compound::DB00582,Voriconazole,Compound
Compound::DB00583,L-Carnitine,Compound
Compound::DB00584,Enalapril,Compound
Compound::DB00585,Nizatidine,Compound
Compound::DB00586,Diclofenac,Compound
Compound::DB00587,Cinalukast,Compound
Compound::DB00588,Fluticasone Propionate,Compound
Compound::DB00589,Lisuride,Compound
Compound::DB00590,Doxazosin,Compound
Compound::DB00591,Fluocinolone Acetonide,Compound
Compound::DB00592,Piperazine,Compound
Compound::DB00593,Ethosuximide,Compound
Compound::DB00594,Amiloride,Compound
Compound::DB00595,Oxytetracycline,Compound
Compound::DB00596,Halobetasol Propionate,Compound
Compound::DB00597,Gadoteridol,Compound
Compound::DB00598,Labetalol,Compound
Compound::DB00599,Thiopental,Compound
Compound::DB00600,Monobenzone,Compound
Compound::DB00601,Linezolid,Compound
Compound::DB00602,Ivermectin,Compound
Compound::DB00603,Medroxyprogesterone Acetate,Compound
Compound::DB00604,Cisapride,Compound
Compound::DB00605,Sulindac,Compound
Compound::DB00606,Cyclothiazide,Compound
Compound::DB00607,Nafcillin,Compound
Compound::DB00608,Chloroquine,Compound
Compound::DB00609,Ethionamide,Compound
Compound::DB00610,Metaraminol,Compound
Compound::DB00611,Butorphanol,Compound
Compound::DB00612,Bisoprolol,Compound
Compound::DB00613,Amodiaquine,Compound
Compound::DB00614,Furazolidone,Compound
Compound::DB00615,Rifabutin,Compound
Compound::DB00616,Candoxatril,Compound
Compound::DB00617,Paramethadione,Compound
Compound::DB00618,Demeclocycline,Compound
Compound::DB00619,Imatinib,Compound
Compound::DB00620,Triamcinolone,Compound
Compound::DB00621,Oxandrolone,Compound
Compound::DB00622,Nicardipine,Compound
Compound::DB00623,Fluphenazine,Compound
Compound::DB00624,Testosterone,Compound
Compound::DB00625,Efavirenz,Compound
Compound::DB00626,Bacitracin,Compound
Compound::DB00627,Niacin,Compound
Compound::DB00628,Clorazepate,Compound
Compound::DB00629,Guanabenz,Compound
Compound::DB00630,Alendronate,Compound
Compound::DB00631,Clofarabine,Compound
Compound::DB00632,Docosanol,Compound
Compound::DB00633,Dexmedetomidine,Compound
Compound::DB00634,Sulfacetamide,Compound
Compound::DB00635,Prednisone,Compound
Compound::DB00636,Clofibrate,Compound
Compound::DB00637,Astemizole,Compound
Compound::DB00639,Butoconazole,Compound
Compound::DB00640,Adenosine,Compound
Compound::DB00641,Simvastatin,Compound
Compound::DB00642,Pemetrexed,Compound
Compound::DB00643,Mebendazole,Compound
Compound::DB00644,Gonadorelin,Compound
Compound::DB00645,Dyclonine,Compound
Compound::DB00646,Nystatin,Compound
Compound::DB00647,Dextropropoxyphene,Compound
Compound::DB00648,Mitotane,Compound
Compound::DB00649,Stavudine,Compound
Compound::DB00650,Leucovorin,Compound
Compound::DB00651,Dyphylline,Compound
Compound::DB00652,Pentazocine,Compound
Compound::DB00653,Magnesium Sulfate,Compound
Compound::DB00654,Latanoprost,Compound
Compound::DB00655,Estrone,Compound
Compound::DB00656,Trazodone,Compound
Compound::DB00657,Mecamylamine,Compound
Compound::DB00658,Sevelamer,Compound
Compound::DB00659,Acamprosate,Compound
Compound::DB00660,Metaxalone,Compound
Compound::DB00661,Verapamil,Compound
Compound::DB00662,Trimethobenzamide,Compound
Compound::DB00663,Flumethasone Pivalate,Compound
Compound::DB00664,Sulfametopyrazine,Compound
Compound::DB00665,Nilutamide,Compound
Compound::DB00666,Nafarelin,Compound
Compound::DB00667,Histamine Phosphate,Compound
Compound::DB00668,Epinephrine,Compound
Compound::DB00669,Sumatriptan,Compound
Compound::DB00670,Pirenzepine,Compound
Compound::DB00671,Cefixime,Compound
Compound::DB00672,Chlorpropamide,Compound
Compound::DB00673,Aprepitant,Compound
Compound::DB00674,Galantamine,Compound
Compound::DB00675,Tamoxifen,Compound
Compound::DB00676,Benzyl Benzoate,Compound
Compound::DB00677,Isoflurophate,Compound
Compound::DB00678,Losartan,Compound
Compound::DB00679,Thioridazine,Compound
Compound::DB00680,Moricizine,Compound
Compound::DB00681,Amphotericin B,Compound
Compound::DB00682,Warfarin,Compound
Compound::DB00683,Midazolam,Compound
Compound::DB00684,Tobramycin,Compound
Compound::DB00685,Trovafloxacin,Compound
Compound::DB00686,Pentosan Polysulfate,Compound
Compound::DB00687,Fludrocortisone,Compound
Compound::DB00688,Mycophenolate mofetil,Compound
Compound::DB00689,Cephaloglycin,Compound
Compound::DB00690,Flurazepam,Compound
Compound::DB00691,Moexipril,Compound
Compound::DB00692,Phentolamine,Compound
Compound::DB00693,Fluorescein,Compound
Compound::DB00694,Daunorubicin,Compound
Compound::DB00695,Furosemide,Compound
Compound::DB00696,Ergotamine,Compound
Compound::DB00697,Tizanidine,Compound
Compound::DB00698,Nitrofurantoin,Compound
Compound::DB00699,Nicergoline,Compound
Compound::DB00700,Eplerenone,Compound
Compound::DB00701,Amprenavir,Compound
Compound::DB00703,Methazolamide,Compound
Compound::DB00704,Naltrexone,Compound
Compound::DB00705,Delavirdine,Compound
Compound::DB00706,Tamsulosin,Compound
Compound::DB00707,Porfimer,Compound
Compound::DB00708,Sufentanil,Compound
Compound::DB00709,Lamivudine,Compound
Compound::DB00710,Ibandronate,Compound
Compound::DB00711,Diethylcarbamazine,Compound
Compound::DB00712,Flurbiprofen,Compound
Compound::DB00713,Oxacillin,Compound
Compound::DB00714,Apomorphine,Compound
Compound::DB00715,Paroxetine,Compound
Compound::DB00716,Nedocromil,Compound
Compound::DB00717,Norethindrone,Compound
Compound::DB00718,Adefovir Dipivoxil,Compound
Compound::DB00719,Azatadine,Compound
Compound::DB00720,Clodronate,Compound
Compound::DB00721,Procaine,Compound
Compound::DB00722,Lisinopril,Compound
Compound::DB00723,Methoxamine,Compound
Compound::DB00724,Imiquimod,Compound
Compound::DB00725,Homatropine Methylbromide,Compound
Compound::DB00726,Trimipramine,Compound
Compound::DB00727,Nitroglycerin,Compound
Compound::DB00728,Rocuronium,Compound
Compound::DB00729,Diphemanil Methylsulfate,Compound
Compound::DB00730,Thiabendazole,Compound
Compound::DB00731,Nateglinide,Compound
Compound::DB00732,Atracurium,Compound
Compound::DB00733,Pralidoxime,Compound
Compound::DB00734,Risperidone,Compound
Compound::DB00735,Naftifine,Compound
Compound::DB00736,Esomeprazole,Compound
Compound::DB00737,Meclizine,Compound
Compound::DB00738,Pentamidine,Compound
Compound::DB00739,Hetacillin,Compound
Compound::DB00740,Riluzole,Compound
Compound::DB00741,Hydrocortisone,Compound
Compound::DB00742,Mannitol,Compound
Compound::DB00743,Gadobenate Dimeglumine,Compound
Compound::DB00744,Zileuton,Compound
Compound::DB00745,Modafinil,Compound
Compound::DB00746,Deferoxamine,Compound
Compound::DB00747,Scopolamine,Compound
Compound::DB00748,Carbinoxamine,Compound
Compound::DB00749,Etodolac,Compound
Compound::DB00750,Prilocaine,Compound
Compound::DB00751,Epinastine,Compound
Compound::DB00752,Tranylcypromine,Compound
Compound::DB00753,Isoflurane,Compound
Compound::DB00754,Ethotoin,Compound
Compound::DB00755,Tretinoin,Compound
Compound::DB00756,Hexachlorophene,Compound
Compound::DB00757,Dolasetron,Compound
Compound::DB00758,Clopidogrel,Compound
Compound::DB00759,Tetracycline,Compound
Compound::DB00760,Meropenem,Compound
Compound::DB00761,Potassium Chloride,Compound
Compound::DB00762,Irinotecan,Compound
Compound::DB00763,Methimazole,Compound
Compound::DB00764,Mometasone,Compound
Compound::DB00765,Metyrosine,Compound
Compound::DB00766,Clavulanate,Compound
Compound::DB00768,Olopatadine,Compound
Compound::DB00769,Hydrocortamate,Compound
Compound::DB00770,Alprostadil,Compound
Compound::DB00771,Clidinium,Compound
Compound::DB00772,Malathion,Compound
Compound::DB00773,Etoposide,Compound
Compound::DB00774,Hydroflumethiazide,Compound
Compound::DB00775,Tirofiban,Compound
Compound::DB00776,Oxcarbazepine,Compound
Compound::DB00777,Propiomazine,Compound
Compound::DB00778,Roxithromycin,Compound
Compound::DB00779,Nalidixic Acid,Compound
Compound::DB00780,Phenelzine,Compound
Compound::DB00781,Polymyxin B Sulfate,Compound
Compound::DB00782,Propantheline,Compound
Compound::DB00783,Estradiol,Compound
Compound::DB00784,Mefenamic acid,Compound
Compound::DB00786,Marimastat,Compound
Compound::DB00787,Aciclovir,Compound
Compound::DB00788,Naproxen,Compound
Compound::DB00789,Gadopentetate dimeglumine,Compound
Compound::DB00790,Perindopril,Compound
Compound::DB00791,Uracil mustard,Compound
Compound::DB00792,Tripelennamine,Compound
Compound::DB00793,Haloprogin,Compound
Compound::DB00794,Primidone,Compound
Compound::DB00795,Sulfasalazine,Compound
Compound::DB00796,Candesartan,Compound
Compound::DB00797,Tolazoline,Compound
Compound::DB00798,Gentamicin,Compound
Compound::DB00799,Tazarotene,Compound
Compound::DB00800,Fenoldopam,Compound
Compound::DB00801,Halazepam,Compound
Compound::DB00802,Alfentanil,Compound
Compound::DB00803,Colistin,Compound
Compound::DB00804,Dicyclomine,Compound
Compound::DB00805,Minaprine,Compound
Compound::DB00806,Pentoxifylline,Compound
Compound::DB00807,Proparacaine,Compound
Compound::DB00808,Indapamide,Compound
Compound::DB00809,Tropicamide,Compound
Compound::DB00810,Biperiden,Compound
Compound::DB00811,Ribavirin,Compound
Compound::DB00812,Phenylbutazone,Compound
Compound::DB00813,Fentanyl,Compound
Compound::DB00814,Meloxicam,Compound
Compound::DB00815,Sodium lauryl sulfate,Compound
Compound::DB00816,Orciprenaline,Compound
Compound::DB00817,Rosoxacin,Compound
Compound::DB00818,Propofol,Compound
Compound::DB00819,Acetazolamide,Compound
Compound::DB00820,Tadalafil,Compound
Compound::DB00821,Carprofen,Compound
Compound::DB00822,Disulfiram,Compound
Compound::DB00823,Ethynodiol,Compound
Compound::DB00824,Enprofylline,Compound
Compound::DB00825,Menthol,Compound
Compound::DB00826,Natamycin,Compound
Compound::DB00827,Cinoxacin,Compound
Compound::DB00829,Diazepam,Compound
Compound::DB00830,Phenmetrazine,Compound
Compound::DB00831,Trifluoperazine,Compound
Compound::DB00832,Phensuximide,Compound
Compound::DB00833,Cefaclor,Compound
Compound::DB00834,Mifepristone,Compound
Compound::DB00835,Brompheniramine,Compound
Compound::DB00836,Loperamide,Compound
Compound::DB00837,Progabide,Compound
Compound::DB00838,Clocortolone,Compound
Compound::DB00839,Tolazamide,Compound
Compound::DB00841,Dobutamine,Compound
Compound::DB00842,Oxazepam,Compound
Compound::DB00843,Donepezil,Compound
Compound::DB00844,Nalbuphine,Compound
Compound::DB00845,Clofazimine,Compound
Compound::DB00846,Flurandrenolide,Compound
Compound::DB00847,Cysteamine,Compound
Compound::DB00849,Methylphenobarbital,Compound
Compound::DB00850,Perphenazine,Compound
Compound::DB00851,Dacarbazine,Compound
Compound::DB00852,Pseudoephedrine,Compound
Compound::DB00853,Temozolomide,Compound
Compound::DB00854,Levorphanol,Compound
Compound::DB00855,Aminolevulinic acid,Compound
Compound::DB00856,Chlorphenesin,Compound
Compound::DB00857,Terbinafine,Compound
Compound::DB00858,Drostanolone,Compound
Compound::DB00859,Penicillamine,Compound
Compound::DB00860,Prednisolone,Compound
Compound::DB00861,Diflunisal,Compound
Compound::DB00862,Vardenafil,Compound
Compound::DB00863,Ranitidine,Compound
Compound::DB00864,Tacrolimus,Compound
Compound::DB00865,Benzphetamine,Compound
Compound::DB00866,Alprenolol,Compound
Compound::DB00867,Ritodrine,Compound
Compound::DB00868,Benzonatate,Compound
Compound::DB00869,Dorzolamide,Compound
Compound::DB00870,Suprofen,Compound
Compound::DB00871,Terbutaline,Compound
Compound::DB00872,Conivaptan,Compound
Compound::DB00873,Loteprednol,Compound
Compound::DB00874,Guaifenesin,Compound
Compound::DB00875,Flupentixol,Compound
Compound::DB00876,Eprosartan,Compound
Compound::DB00877,Sirolimus,Compound
Compound::DB00878,Chlorhexidine,Compound
Compound::DB00879,Emtricitabine,Compound
Compound::DB00880,Chlorothiazide,Compound
Compound::DB00881,Quinapril,Compound
Compound::DB00882,Clomifene,Compound
Compound::DB00883,Isosorbide Dinitrate,Compound
Compound::DB00884,Risedronate,Compound
Compound::DB00885,Pemirolast,Compound
Compound::DB00887,Bumetanide,Compound
Compound::DB00888,Mechlorethamine,Compound
Compound::DB00889,Granisetron,Compound
Compound::DB00890,Dienestrol,Compound
Compound::DB00891,Sulfapyridine,Compound
Compound::DB00892,Oxybuprocaine,Compound
Compound::DB00894,Testolactone,Compound
Compound::DB00895,Benzylpenicilloyl Polylysine,Compound
Compound::DB00896,Rimexolone,Compound
Compound::DB00897,Triazolam,Compound
Compound::DB00898,Ethanol,Compound
Compound::DB00899,Remifentanil,Compound
Compound::DB00900,Didanosine,Compound
Compound::DB00902,Methdilazine,Compound
Compound::DB00903,Ethacrynic acid,Compound
Compound::DB00904,Ondansetron,Compound
Compound::DB00905,Bimatoprost,Compound
Compound::DB00906,Tiagabine,Compound
Compound::DB00907,Cocaine,Compound
Compound::DB00908,Quinidine,Compound
Compound::DB00909,Zonisamide,Compound
Compound::DB00910,Paricalcitol,Compound
Compound::DB00911,Tinidazole,Compound
Compound::DB00912,Repaglinide,Compound
Compound::DB00913,Anileridine,Compound
Compound::DB00914,Phenformin,Compound
Compound::DB00915,Amantadine,Compound
Compound::DB00916,Metronidazole,Compound
Compound::DB00917,Dinoprostone,Compound
Compound::DB00918,Almotriptan,Compound
Compound::DB00919,Spectinomycin,Compound
Compound::DB00920,Ketotifen,Compound
Compound::DB00921,Buprenorphine,Compound
Compound::DB00922,Levosimendan,Compound
Compound::DB00923,Ceforanide,Compound
Compound::DB00924,Cyclobenzaprine,Compound
Compound::DB00925,Phenoxybenzamine,Compound
Compound::DB00927,Famotidine,Compound
Compound::DB00928,Azacitidine,Compound
Compound::DB00929,Misoprostol,Compound
Compound::DB00931,Methacycline,Compound
Compound::DB00932,Tipranavir,Compound
Compound::DB00933,Mesoridazine,Compound
Compound::DB00934,Maprotiline,Compound
Compound::DB00935,Oxymetazoline,Compound
Compound::DB00936,Salicylic acid,Compound
Compound::DB00937,Diethylpropion,Compound
Compound::DB00938,Salmeterol,Compound
Compound::DB00939,Meclofenamic acid,Compound
Compound::DB00940,Methantheline,Compound
Compound::DB00941,Hexafluronium,Compound
Compound::DB00942,Cycrimine,Compound
Compound::DB00943,Zalcitabine,Compound
Compound::DB00944,Demecarium,Compound
Compound::DB00945,Acetylsalicylic acid,Compound
Compound::DB00946,Phenprocoumon,Compound
Compound::DB00947,Fulvestrant,Compound
Compound::DB00948,Mezlocillin,Compound
Compound::DB00949,Felbamate,Compound
Compound::DB00950,Fexofenadine,Compound
Compound::DB00951,Isoniazid,Compound
Compound::DB00952,Naratriptan,Compound
Compound::DB00953,Rizatriptan,Compound
Compound::DB00954,Dirithromycin,Compound
Compound::DB00955,Netilmicin,Compound
Compound::DB00956,Hydrocodone,Compound
Compound::DB00957,Norgestimate,Compound
Compound::DB00958,Carboplatin,Compound
Compound::DB00959,Methylprednisolone,Compound
Compound::DB00960,Pindolol,Compound
Compound::DB00961,Mepivacaine,Compound
Compound::DB00962,Zaleplon,Compound
Compound::DB00963,Bromfenac,Compound
Compound::DB00964,Apraclonidine,Compound
Compound::DB00966,Telmisartan,Compound
Compound::DB00967,Desloratadine,Compound
Compound::DB00968,Methyldopa,Compound
Compound::DB00969,Alosetron,Compound
Compound::DB00970,Dactinomycin,Compound
Compound::DB00972,Azelastine,Compound
Compound::DB00973,Ezetimibe,Compound
Compound::DB00974,Edetic Acid,Compound
Compound::DB00975,Dipyridamole,Compound
Compound::DB00976,Telithromycin,Compound
Compound::DB00977,Ethinyl Estradiol,Compound
Compound::DB00978,Lomefloxacin,Compound
Compound::DB00979,Cyclopentolate,Compound
Compound::DB00980,Ramelteon,Compound
Compound::DB00981,Physostigmine,Compound
Compound::DB00982,Isotretinoin,Compound
Compound::DB00983,Formoterol,Compound
Compound::DB00984,Nandrolone phenpropionate,Compound
Compound::DB00985,Dimenhydrinate,Compound
Compound::DB00986,Glycopyrrolate,Compound
Compound::DB00987,Cytarabine,Compound
Compound::DB00988,Dopamine,Compound
Compound::DB00989,Rivastigmine,Compound
Compound::DB00990,Exemestane,Compound
Compound::DB00991,Oxaprozin,Compound
Compound::DB00992,Methyl aminolevulinate,Compound
Compound::DB00993,Azathioprine,Compound
Compound::DB00994,Neomycin,Compound
Compound::DB00995,Auranofin,Compound
Compound::DB00996,Gabapentin,Compound
Compound::DB00997,Doxorubicin,Compound
Compound::DB00998,Frovatriptan,Compound
Compound::DB00999,Hydrochlorothiazide,Compound
Compound::DB01000,Cyclacillin,Compound
Compound::DB01001,Salbutamol,Compound
Compound::DB01002,Levobupivacaine,Compound
Compound::DB01003,Cromoglicic acid,Compound
Compound::DB01004,Ganciclovir,Compound
Compound::DB01005,Hydroxyurea,Compound
Compound::DB01006,Letrozole,Compound
Compound::DB01007,Tioconazole,Compound
Compound::DB01008,Busulfan,Compound
Compound::DB01009,Ketoprofen,Compound
Compound::DB01010,Edrophonium,Compound
Compound::DB01011,Metyrapone,Compound
Compound::DB01012,Cinacalcet,Compound
Compound::DB01013,Clobetasol propionate,Compound
Compound::DB01014,Balsalazide,Compound
Compound::DB01015,Sulfamethoxazole,Compound
Compound::DB01016,Glyburide,Compound
Compound::DB01017,Minocycline,Compound
Compound::DB01018,Guanfacine,Compound
Compound::DB01019,Bethanechol,Compound
Compound::DB01020,Isosorbide Mononitrate,Compound
Compound::DB01021,Trichlormethiazide,Compound
Compound::DB01022,Phylloquinone,Compound
Compound::DB01023,Felodipine,Compound
Compound::DB01024,Mycophenolic acid,Compound
Compound::DB01025,Amlexanox,Compound
Compound::DB01026,Ketoconazole,Compound
Compound::DB01028,Methoxyflurane,Compound
Compound::DB01029,Irbesartan,Compound
Compound::DB01030,Topotecan,Compound
Compound::DB01031,Ethinamate,Compound
Compound::DB01032,Probenecid,Compound
Compound::DB01033,Mercaptopurine,Compound
Compound::DB01034,Cerulenin,Compound
Compound::DB01035,Procainamide,Compound
Compound::DB01036,Tolterodine,Compound
Compound::DB01037,Selegiline,Compound
Compound::DB01039,Fenofibrate,Compound
Compound::DB01041,Thalidomide,Compound
Compound::DB01042,Melphalan,Compound
Compound::DB01043,Memantine,Compound
Compound::DB01044,Gatifloxacin,Compound
Compound::DB01045,Rifampicin,Compound
Compound::DB01046,Lubiprostone,Compound
Compound::DB01047,Fluocinonide,Compound
Compound::DB01048,Abacavir,Compound
Compound::DB01049,Ergoloid mesylate,Compound
Compound::DB01050,Ibuprofen,Compound
Compound::DB01051,Novobiocin,Compound
Compound::DB01053,Benzylpenicillin,Compound
Compound::DB01054,Nitrendipine,Compound
Compound::DB01055,Mimosine,Compound
Compound::DB01056,Tocainide,Compound
Compound::DB01057,Echothiophate,Compound
Compound::DB01058,Praziquantel,Compound
Compound::DB01059,Norfloxacin,Compound
Compound::DB01060,Amoxicillin,Compound
Compound::DB01061,Azlocillin,Compound
Compound::DB01062,Oxybutynin,Compound
Compound::DB01063,Acetophenazine,Compound
Compound::DB01064,Isoprenaline,Compound
Compound::DB01065,Melatonin,Compound
Compound::DB01066,Cefditoren,Compound
Compound::DB01067,Glipizide,Compound
Compound::DB01068,Clonazepam,Compound
Compound::DB01069,Promethazine,Compound
Compound::DB01070,Dihydrotachysterol,Compound
Compound::DB01071,Mequitazine,Compound
Compound::DB01072,Atazanavir,Compound
Compound::DB01073,Fludarabine,Compound
Compound::DB01074,Perhexiline,Compound
Compound::DB01075,Diphenhydramine,Compound
Compound::DB01076,Atorvastatin,Compound
Compound::DB01077,Etidronic acid,Compound
Compound::DB01078,Deslanoside,Compound
Compound::DB01080,Vigabatrin,Compound
Compound::DB01081,Diphenoxylate,Compound
Compound::DB01082,Streptomycin,Compound
Compound::DB01083,Orlistat,Compound
Compound::DB01084,Emedastine,Compound
Compound::DB01085,Pilocarpine,Compound
Compound::DB01086,Benzocaine,Compound
Compound::DB01087,Primaquine,Compound
Compound::DB01088,Iloprost,Compound
Compound::DB01089,Deserpidine,Compound
Compound::DB01090,Pentolinium,Compound
Compound::DB01091,Butenafine,Compound
Compound::DB01092,Ouabain,Compound
Compound::DB01093,Dimethyl sulfoxide,Compound
Compound::DB01094,Hesperetin,Compound
Compound::DB01095,Fluvastatin,Compound
Compound::DB01096,Oxamniquine,Compound
Compound::DB01097,Leflunomide,Compound
Compound::DB01098,Rosuvastatin,Compound
Compound::DB01099,Flucytosine,Compound
Compound::DB01100,Pimozide,Compound
Compound::DB01101,Capecitabine,Compound
Compound::DB01102,Arbutamine,Compound
Compound::DB01103,Quinacrine,Compound
Compound::DB01104,Sertraline,Compound
Compound::DB01105,Sibutramine,Compound
Compound::DB01106,Levocabastine,Compound
Compound::DB01107,Methyprylon,Compound
Compound::DB01108,Trilostane,Compound
Compound::DB01110,Miconazole,Compound
Compound::DB01111,Colistimethate,Compound
Compound::DB01112,Cefuroxime,Compound
Compound::DB01113,Papaverine,Compound
Compound::DB01114,Chlorphenamine,Compound
Compound::DB01115,Nifedipine,Compound
Compound::DB01116,Trimethaphan,Compound
Compound::DB01117,Atovaquone,Compound
Compound::DB01118,Amiodarone,Compound
Compound::DB01119,Diazoxide,Compound
Compound::DB01120,Gliclazide,Compound
Compound::DB01121,Phenacemide,Compound
Compound::DB01122,Ambenonium,Compound
Compound::DB01123,Proflavine,Compound
Compound::DB01124,Tolbutamide,Compound
Compound::DB01125,Anisindione,Compound
Compound::DB01126,Dutasteride,Compound
Compound::DB01127,Econazole,Compound
Compound::DB01128,Bicalutamide,Compound
Compound::DB01129,Rabeprazole,Compound
Compound::DB01130,Prednicarbate,Compound
Compound::DB01131,Proguanil,Compound
Compound::DB01132,Pioglitazone,Compound
Compound::DB01133,Tiludronate,Compound
Compound::DB01135,Doxacurium chloride,Compound
Compound::DB01136,Carvedilol,Compound
Compound::DB01137,Levofloxacin,Compound
Compound::DB01138,Sulfinpyrazone,Compound
Compound::DB01139,Cefapirin,Compound
Compound::DB01140,Cefadroxil,Compound
Compound::DB01141,Micafungin,Compound
Compound::DB01142,Doxepin,Compound
Compound::DB01143,Amifostine,Compound
Compound::DB01144,Diclofenamide,Compound
Compound::DB01145,Sulfoxone,Compound
Compound::DB01146,Diphenylpyraline,Compound
Compound::DB01147,Cloxacillin,Compound
Compound::DB01148,Flavoxate,Compound
Compound::DB01149,Nefazodone,Compound
Compound::DB01150,Cefprozil,Compound
Compound::DB01151,Desipramine,Compound
Compound::DB01153,Sertaconazole,Compound
Compound::DB01154,Thiamylal,Compound
Compound::DB01155,Gemifloxacin,Compound
Compound::DB01156,Bupropion,Compound
Compound::DB01157,Trimetrexate,Compound
Compound::DB01158,Bretylium,Compound
Compound::DB01159,Halothane,Compound
Compound::DB01160,Dinoprost Tromethamine,Compound
Compound::DB01161,Chloroprocaine,Compound
Compound::DB01162,Terazosin,Compound
Compound::DB01164,Calcium Chloride,Compound
Compound::DB01165,Ofloxacin,Compound
Compound::DB01166,Cilostazol,Compound
Compound::DB01167,Itraconazole,Compound
Compound::DB01168,Procarbazine,Compound
Compound::DB01169,Arsenic trioxide,Compound
Compound::DB01170,Guanethidine,Compound
Compound::DB01171,Moclobemide,Compound
Compound::DB01172,Kanamycin,Compound
Compound::DB01173,Orphenadrine,Compound
Compound::DB01174,Phenobarbital,Compound
Compound::DB01175,Escitalopram,Compound
Compound::DB01176,Cyclizine,Compound
Compound::DB01177,Idarubicin,Compound
Compound::DB01178,Chlormezanone,Compound
Compound::DB01179,Podofilox,Compound
Compound::DB01180,Rescinnamine,Compound
Compound::DB01181,Ifosfamide,Compound
Compound::DB01182,Propafenone,Compound
Compound::DB01183,Naloxone,Compound
Compound::DB01184,Domperidone,Compound
Compound::DB01185,Fluoxymesterone,Compound
Compound::DB01186,Pergolide,Compound
Compound::DB01188,Ciclopirox,Compound
Compound::DB01189,Desflurane,Compound
Compound::DB01190,Clindamycin,Compound
Compound::DB01191,Dexfenfluramine,Compound
Compound::DB01192,Oxymorphone,Compound
Compound::DB01193,Acebutolol,Compound
Compound::DB01194,Brinzolamide,Compound
Compound::DB01195,Flecainide,Compound
Compound::DB01196,Estramustine,Compound
Compound::DB01197,Captopril,Compound
Compound::DB01198,Zopiclone,Compound
Compound::DB01199,Tubocurarine,Compound
Compound::DB01200,Bromocriptine,Compound
Compound::DB01201,Rifapentine,Compound
Compound::DB01202,Levetiracetam,Compound
Compound::DB01203,Nadolol,Compound
Compound::DB01204,Mitoxantrone,Compound
Compound::DB01205,Flumazenil,Compound
Compound::DB01206,Lomustine,Compound
Compound::DB01207,Ridogrel,Compound
Compound::DB01208,Sparfloxacin,Compound
Compound::DB01209,Dezocine,Compound
Compound::DB01210,Levobunolol,Compound
Compound::DB01211,Clarithromycin,Compound
Compound::DB01212,Ceftriaxone,Compound
Compound::DB01213,Fomepizole,Compound
Compound::DB01214,Metipranolol,Compound
Compound::DB01215,Estazolam,Compound
Compound::DB01216,Finasteride,Compound
Compound::DB01217,Anastrozole,Compound
Compound::DB01218,Halofantrine,Compound
Compound::DB01219,Dantrolene,Compound
Compound::DB01220,Rifaximin,Compound
Compound::DB01221,Ketamine,Compound
Compound::DB01222,Budesonide,Compound
Compound::DB01223,Aminophylline,Compound
Compound::DB01224,Quetiapine,Compound
Compound::DB01225,Enoxaparin,Compound
Compound::DB01226,Mivacurium,Compound
Compound::DB01227,Levomethadyl Acetate,Compound
Compound::DB01228,Encainide,Compound
Compound::DB01229,Paclitaxel,Compound
Compound::DB01231,Diphenidol,Compound
Compound::DB01232,Saquinavir,Compound
Compound::DB01233,Metoclopramide,Compound
Compound::DB01234,Dexamethasone,Compound
Compound::DB01235,L-DOPA,Compound
Compound::DB01236,Sevoflurane,Compound
Compound::DB01237,Bromodiphenhydramine,Compound
Compound::DB01238,Aripiprazole,Compound
Compound::DB01239,Chlorprothixene,Compound
Compound::DB01240,Epoprostenol,Compound
Compound::DB01241,Gemfibrozil,Compound
Compound::DB01242,Clomipramine,Compound
Compound::DB01243,Chloroxine,Compound
Compound::DB01244,Bepridil,Compound
Compound::DB01245,Decamethonium,Compound
Compound::DB01246,Alimemazine,Compound
Compound::DB01247,Isocarboxazid,Compound
Compound::DB01248,Docetaxel,Compound
Compound::DB01249,Iodixanol,Compound
Compound::DB01250,Olsalazine,Compound
Compound::DB01251,Gliquidone,Compound
Compound::DB01252,Mitiglinide,Compound
Compound::DB01253,Ergonovine,Compound
Compound::DB01254,Dasatinib,Compound
Compound::DB01255,Lisdexamfetamine,Compound
Compound::DB01256,Retapamulin,Compound
Compound::DB01259,Lapatinib,Compound
Compound::DB01260,Desonide,Compound
Compound::DB01261,Sitagliptin,Compound
Compound::DB01262,Decitabine,Compound
Compound::DB01263,Posaconazole,Compound
Compound::DB01264,Darunavir,Compound
Compound::DB01265,Telbivudine,Compound
Compound::DB01267,Paliperidone,Compound
Compound::DB01268,Sunitinib,Compound
Compound::DB01273,Varenicline,Compound
Compound::DB01274,Arformoterol,Compound
Compound::DB01275,Hydralazine,Compound
Compound::DB01280,Nelarabine,Compound
Compound::DB01282,Carbetocin,Compound
Compound::DB01283,Lumiracoxib,Compound
Compound::DB01288,Fenoterol,Compound
Compound::DB01289,Glisoxepide,Compound
Compound::DB01291,Pirbuterol,Compound
Compound::DB01294,Bismuth Subsalicylate,Compound
Compound::DB01295,Bevantolol,Compound
Compound::DB01296,Glucosamine,Compound
Compound::DB01297,Practolol,Compound
Compound::DB01298,Sulfacytine,Compound
Compound::DB01299,Sulfadoxine,Compound
Compound::DB01301,Rolitetracycline,Compound
Compound::DB01303,Oxtriphylline,Compound
Compound::DB01319,Fosamprenavir,Compound
Compound::DB01320,Fosphenytoin,Compound
Compound::DB01321,Josamycin,Compound
Compound::DB01324,Polythiazide,Compound
Compound::DB01325,Quinethazone,Compound
Compound::DB01326,Cefamandole,Compound
Compound::DB01327,Cefazolin,Compound
Compound::DB01328,Cefonicid,Compound
Compound::DB01329,Cefoperazone,Compound
Compound::DB01330,Cefotetan,Compound
Compound::DB01331,Cefoxitin,Compound
Compound::DB01332,Ceftizoxime,Compound
Compound::DB01333,Cefradine,Compound
Compound::DB01336,Metocurine,Compound
Compound::DB01337,Pancuronium,Compound
Compound::DB01338,Pipecuronium,Compound
Compound::DB01339,Vecuronium,Compound
Compound::DB01340,Cilazapril,Compound
Compound::DB01342,Forasartan,Compound
Compound::DB01346,Quinidine barbiturate,Compound
Compound::DB01347,Saprisartan,Compound
Compound::DB01348,Spirapril,Compound
Compound::DB01349,Tasosartan,Compound
Compound::DB01351,Amobarbital,Compound
Compound::DB01352,Aprobarbital,Compound
Compound::DB01353,Butethal,Compound
Compound::DB01354,Heptabarbital,Compound
Compound::DB01355,Hexobarbital,Compound
Compound::DB01356,Lithium,Compound
Compound::DB01357,Mestranol,Compound
Compound::DB01359,Penbutolol,Compound
Compound::DB01361,Troleandomycin,Compound
Compound::DB01362,Iohexol,Compound
Compound::DB01364,Ephedrine,Compound
Compound::DB01365,Mephentermine,Compound
Compound::DB01366,Procaterol,Compound
Compound::DB01367,Rasagiline,Compound
Compound::DB01369,Quinupristin,Compound
Compound::DB01370,Aluminium,Compound
Compound::DB01375,Dihydroxyaluminium,Compound
Compound::DB01380,Cortisone acetate,Compound
Compound::DB01382,Glycodiazine,Compound
Compound::DB01384,Paramethasone,Compound
Compound::DB01390,Sodium bicarbonate,Compound
Compound::DB01392,Yohimbine,Compound
Compound::DB01393,Bezafibrate,Compound
Compound::DB01394,Colchicine,Compound
Compound::DB01395,Drospirenone,Compound
Compound::DB01396,Digitoxin,Compound
Compound::DB01397,Magnesium salicylate,Compound
Compound::DB01398,Salicylate-sodium,Compound
Compound::DB01399,Salsalate,Compound
Compound::DB01400,Neostigmine,Compound
Compound::DB01401,Trisalicylate-choline,Compound
Compound::DB01403,Methotrimeprazine,Compound
Compound::DB01406,Danazol,Compound
Compound::DB01407,Clenbuterol,Compound
Compound::DB01408,Bambuterol,Compound
Compound::DB01409,Tiotropium,Compound
Compound::DB01410,Ciclesonide,Compound
Compound::DB01411,Pranlukast,Compound
Compound::DB01412,Theobromine,Compound
Compound::DB01413,Cefepime,Compound
Compound::DB01414,Cefacetrile,Compound
Compound::DB01415,Ceftibuten,Compound
Compound::DB01416,Cefpodoxime,Compound
Compound::DB01418,Acenocoumarol,Compound
Compound::DB01419,Antrafenine,Compound
Compound::DB01420,Testosterone Propionate,Compound
Compound::DB01421,Paromomycin,Compound
Compound::DB01422,Nitroxoline,Compound
Compound::DB01423,Stepronin,Compound
Compound::DB01424,Aminophenazone,Compound
Compound::DB01425,Alizapride,Compound
Compound::DB01426,Ajmaline,Compound
Compound::DB01427,Amrinone,Compound
Compound::DB01428,Oxybenzone,Compound
Compound::DB01429,Aprindine,Compound
Compound::DB01430,Almitrine,Compound
Compound::DB01431,Allylestrenol,Compound
Compound::DB01433,Methadyl Acetate,Compound
Compound::DB01435,Antipyrine,Compound
Compound::DB01436,Alfacalcidol,Compound
Compound::DB01437,Glutethimide,Compound
Compound::DB01438,Phenazopyridine,Compound
Compound::DB01440,Gamma Hydroxybutyric Acid,Compound
Compound::DB01452,Heroin,Compound
Compound::DB01463,Fencamfamine,Compound
Compound::DB01466,Ethylmorphine,Compound
Compound::DB01482,Fenethylline,Compound
Compound::DB01489,Camazepam,Compound
Compound::DB01501,Difenoxin,Compound
Compound::DB01511,Delorazepam,Compound
Compound::DB01544,Flunitrazepam,Compound
Compound::DB01545,Ethyl loflazepate,Compound
Compound::DB01550,Fenproporex,Compound
Compound::DB01551,Dihydrocodeine,Compound
Compound::DB01553,Cloxazolam,Compound
Compound::DB01558,Bromazepam,Compound
Compound::DB01559,Clotiazepam,Compound
Compound::DB01567,Fludiazepam,Compound
Compound::DB01576,Dextroamphetamine,Compound
Compound::DB01577,Methamphetamine,Compound
Compound::DB01578,Metrizamide,Compound
Compound::DB01579,Phendimetrazine,Compound
Compound::DB01580,Oxprenolol,Compound
Compound::DB01581,Sulfamerazine,Compound
Compound::DB01582,Sulfamethazine,Compound
Compound::DB01583,Liotrix,Compound
Compound::DB01586,Ursodeoxycholic acid,Compound
Compound::DB01587,Ketazolam,Compound
Compound::DB01588,Prazepam,Compound
Compound::DB01589,Quazepam,Compound
Compound::DB01590,Everolimus,Compound
Compound::DB01591,Solifenacin,Compound
Compound::DB01594,Cinolazepam,Compound
Compound::DB01595,Nitrazepam,Compound
Compound::DB01597,Cilastatin,Compound
Compound::DB01598,Imipenem,Compound
Compound::DB01599,Probucol,Compound
Compound::DB01600,Tiaprofenic acid,Compound
Compound::DB01601,Lopinavir,Compound
Compound::DB01602,Bacampicillin,Compound
Compound::DB01603,Meticillin,Compound
Compound::DB01604,Pivampicillin,Compound
Compound::DB01605,Pivmecillinam,Compound
Compound::DB01606,Tazobactam,Compound
Compound::DB01607,Ticarcillin,Compound
Compound::DB01608,Propericiazine,Compound
Compound::DB01609,Deferasirox,Compound
Compound::DB01610,Valganciclovir,Compound
Compound::DB01611,Hydroxychloroquine,Compound
Compound::DB01612,Amyl Nitrite,Compound
Compound::DB01613,Erythrityl Tetranitrate,Compound
Compound::DB01614,Acepromazine,Compound
Compound::DB01615,Aceprometazine,Compound
Compound::DB01616,Alverine,Compound
Compound::DB01618,Molindone,Compound
Compound::DB01619,Phenindamine,Compound
Compound::DB01620,Pheniramine,Compound
Compound::DB01621,Pipotiazine,Compound
Compound::DB01622,Thioproperazine,Compound
Compound::DB01623,Thiothixene,Compound
Compound::DB01624,Zuclopenthixol,Compound
Compound::DB01625,Isopropamide,Compound
Compound::DB01626,Pargyline,Compound
Compound::DB01627,Lincomycin,Compound
Compound::DB01628,Etoricoxib,Compound
Compound::DB01656,Roflumilast,Compound
Compound::DB01764,Dalfopristin,Compound
Compound::DB02187,Equilin,Compound
Compound::DB02300,Calcipotriol,Compound
Compound::DB02546,Vorinostat,Compound
Compound::DB02638,Terlipressin,Compound
Compound::DB02703,Fusidic Acid,Compound
Compound::DB02959,Oxitriptan,Compound
Compound::DB03147,Flavin adenine dinucleotide,Compound
Compound::DB03166,Acetic acid,Compound
Compound::DB03255,Phenol,Compound
Compound::DB04552,Niflumic Acid,Compound
Compound::DB04570,Latamoxef,Compound
Compound::DB04571,Trioxsalen,Compound
Compound::DB04572,Thiotepa,Compound
Compound::DB04573,Estriol,Compound
Compound::DB04574,Estropipate,Compound
Compound::DB04575,Quinestrol,Compound
Compound::DB04711,Iodipamide,Compound
Compound::DB04786,Suramin,Compound
Compound::DB04794,Bifonazole,Compound
Compound::DB04835,Maraviroc,Compound
Compound::DB04837,Clofedanol,Compound
Compound::DB04838,Cyclandelate,Compound
Compound::DB04839,Cyproterone acetate,Compound
Compound::DB04840,Debrisoquin,Compound
Compound::DB04841,Flunarizine,Compound
Compound::DB04842,Fluspirilene,Compound
Compound::DB04843,Mepenzolate,Compound
Compound::DB04844,Tetrabenazine,Compound
Compound::DB04845,Ixabepilone,Compound
Compound::DB04855,Dronedarone,Compound
Compound::DB04861,Nebivolol,Compound
Compound::DB04865,Homoharringtonine,Compound
Compound::DB04868,Nilotinib,Compound
Compound::DB04876,Vildagliptin,Compound
Compound::DB04877,Voacamine,Compound
Compound::DB04878,Voglibose,Compound
Compound::DB04880,Enoximone,Compound
Compound::DB04890,Bepotastine,Compound
Compound::DB04894,Vapreotide,Compound
Compound::DB04896,Milnacipran,Compound
Compound::DB04898,Ximelagatran,Compound
Compound::DB04911,Oritavancin,Compound
Compound::DB04920,Clevidipine,Compound
Compound::DB04930,Permethrin,Compound
Compound::DB04938,Ospemifene,Compound
Compound::DB04942,Tamibarotene,Compound
Compound::DB04946,Iloperidone,Compound
Compound::DB04948,Lofexidine,Compound
Compound::DB04953,Ezogabine,Compound
Compound::DB04967,Lucanthone,Compound
Compound::DB05013,Ingenol Mebutate,Compound
Compound::DB05039,Indacaterol,Compound
Compound::DB05109,Trabectedin,Compound
Compound::DB05245,Silver sulfadiazine,Compound
Compound::DB05246,Methsuximide,Compound
Compound::DB05260,Gallium nitrate,Compound
Compound::DB05265,Ecabet,Compound
Compound::DB05266,Ibudilast,Compound
Compound::DB05271,Rotigotine,Compound
Compound::DB05294,Vandetanib,Compound
Compound::DB05389,WF10,Compound
Compound::DB05521,Telaprevir,Compound
Compound::DB05630,Sodium stibogluconate,Compound
Compound::DB05812,Abiraterone,Compound
Compound::DB06144,Sertindole,Compound
Compound::DB06147,Sulfathiazole,Compound
Compound::DB06148,Mianserin,Compound
Compound::DB06150,Sulfadimethoxine,Compound
Compound::DB06151,Acetylcysteine,Compound
Compound::DB06155,Rimonabant,Compound
Compound::DB06196,Icatibant,Compound
Compound::DB06201,Rufinamide,Compound
Compound::DB06203,Alogliptin,Compound
Compound::DB06204,Tapentadol,Compound
Compound::DB06207,Silodosin,Compound
Compound::DB06209,Prasugrel,Compound
Compound::DB06210,Eltrombopag,Compound
Compound::DB06212,Tolvaptan,Compound
Compound::DB06213,Regadenoson,Compound
Compound::DB06216,Asenapine,Compound
Compound::DB06218,Lacosamide,Compound
Compound::DB06228,Rivaroxaban,Compound
Compound::DB06237,Avanafil,Compound
Compound::DB06255,Incadronate,Compound
Compound::DB06262,Droxidopa,Compound
Compound::DB06267,Udenafil,Compound
Compound::DB06268,Sitaxentan,Compound
Compound::DB06274,Alvimopan,Compound
Compound::DB06287,Temsirolimus,Compound
Compound::DB06288,Amisulpride,Compound
Compound::DB06290,SIMEPREVIR,Compound
Compound::DB06292,Dapagliflozin,Compound
Compound::DB06335,Saxagliptin,Compound
Compound::DB06402,Telavancin,Compound
Compound::DB06414,Etravirine,Compound
Compound::DB06439,Tyloxapol,Compound
Compound::DB06589,Pazopanib,Compound
Compound::DB06590,Ceftaroline fosamil,Compound
Compound::DB06594,Agomelatine,Compound
Compound::DB06605,Apixaban,Compound
Compound::DB06614,Peramivir,Compound
Compound::DB06616,Bosutinib,Compound
Compound::DB06623,Flupirtine,Compound
Compound::DB06637,Dalfampridine,Compound
Compound::DB06663,Pasireotide,Compound
Compound::DB06684,Vilazodone,Compound
Compound::DB06689,Ethanolamine Oleate,Compound
Compound::DB06691,Mepyramine,Compound
Compound::DB06694,Xylometazoline,Compound
Compound::DB06695,Dabigatran etexilate,Compound
Compound::DB06696,Arbekacin,Compound
Compound::DB06697,Artemether,Compound
Compound::DB06698,Betahistine,Compound
Compound::DB06699,Degarelix,Compound
Compound::DB06700,Desvenlafaxine,Compound
Compound::DB06701,Dexmethylphenidate,Compound
Compound::DB06702,Fesoterodine,Compound
Compound::DB06703,Gadobutrol,Compound
Compound::DB06704,Iobenguane,Compound
Compound::DB06705,Gadofosveset trisodium,Compound
Compound::DB06706,Isometheptene,Compound
Compound::DB06707,Levonordefrin,Compound
Compound::DB06708,Lumefantrine,Compound
Compound::DB06709,Methacholine,Compound
Compound::DB06710,Methyltestosterone,Compound
Compound::DB06711,Naphazoline,Compound
Compound::DB06712,Nilvadipine,Compound
Compound::DB06713,Norelgestromin,Compound
Compound::DB06714,Propylhexedrine,Compound
Compound::DB06716,Fospropofol,Compound
Compound::DB06717,Fosaprepitant,Compound
Compound::DB06718,Stanozolol,Compound
Compound::DB06725,Lornoxicam,Compound
Compound::DB06729,Sulfaphenazole,Compound
Compound::DB06730,Gestodene,Compound
Compound::DB06738,Ketobemidone,Compound
Compound::DB06751,Drotaverine,Compound
Compound::DB06766,Alcaftadine,Compound
Compound::DB06768,Ammonium lactate,Compound
Compound::DB06770,Benzyl alcohol,Compound
Compound::DB06771,Besifloxacin,Compound
Compound::DB06772,Cabazitaxel,Compound
Compound::DB06775,Carglumic Acid,Compound
Compound::DB06777,Chenodeoxycholic acid,Compound
Compound::DB06781,Difluprednate,Compound
Compound::DB06782,Dimercaprol,Compound
Compound::DB06795,Mafenide,Compound
Compound::DB06800,Methylnaltrexone,Compound
Compound::DB06802,Nepafenac,Compound
Compound::DB06803,Niclosamide,Compound
Compound::DB06804,Nonoxynol-9,Compound
Compound::DB06809,Plerixafor,Compound
Compound::DB06811,Polidocanol,Compound
Compound::DB06813,Pralatrexate,Compound
Compound::DB06817,Raltegravir,Compound
Compound::DB06827,Viomycin,Compound
Compound::DB07402,Azapropazone,Compound
Compound::DB08604,Triclosan,Compound
Compound::DB08792,Diloxanide,Compound
Compound::DB08795,Azidocillin,Compound
Compound::DB08796,Pipazethate,Compound
Compound::DB08797,Salicylamide,Compound
Compound::DB08798,Sulfamoxole,Compound
Compound::DB08799,Antazoline,Compound
Compound::DB08800,Chloropyramine,Compound
Compound::DB08801,Dimetindene,Compound
Compound::DB08802,Isothipendyl,Compound
Compound::DB08803,Tymazoline,Compound
Compound::DB08804,Nandrolone decanoate,Compound
Compound::DB08806,Roxatidine acetate,Compound
Compound::DB08807,Bopindolol,Compound
Compound::DB08808,Bupranolol,Compound
Compound::DB08810,Cinitapride,Compound
Compound::DB08811,Tofisopam,Compound
Compound::DB08815,Lurasidone,Compound
Compound::DB08816,Ticagrelor,Compound
Compound::DB08819,Tafluprost,Compound
Compound::DB08820,Ivacaftor,Compound
Compound::DB08822,Azilsartan medoxomil,Compound
Compound::DB08824,Ioflupane I 123,Compound
Compound::DB08826,Deferiprone,Compound
Compound::DB08827,Lomitapide,Compound
Compound::DB08828,Vismodegib,Compound
Compound::DB08834,Tauroursodeoxycholic acid,Compound
Compound::DB08835,Spaglumic Acid,Compound
Compound::DB08842,Acetylcarnitine,Compound
Compound::DB08847,Hydroxyproline,Compound
Compound::DB08860,Pitavastatin,Compound
Compound::DB08864,Rilpivirine,Compound
Compound::DB08865,Crizotinib,Compound
Compound::DB08866,Estradiol valerate/Dienogest,Compound
Compound::DB08868,Fingolimod,Compound
Compound::DB08871,Eribulin,Compound
Compound::DB08873,Boceprevir,Compound
Compound::DB08874,Fidaxomicin,Compound
Compound::DB08877,Ruxolitinib,Compound
Compound::DB08881,Vemurafenib,Compound
Compound::DB08882,Linagliptin,Compound
Compound::DB08884,Gadoxetate,Compound
Compound::DB08887,Icosapent ethyl,Compound
Compound::DB08889,Carfilzomib,Compound
Compound::DB08890,Linaclotide,Compound
Compound::DB08893,Mirabegron,Compound
Compound::DB08896,Regorafenib,Compound
Compound::DB08897,Aclidinium,Compound
Compound::DB08899,Enzalutamide,Compound
Compound::DB08901,Ponatinib,Compound
Compound::DB08903,Bedaquiline,Compound
Compound::DB08905,Formestane,Compound
Compound::DB08906,Fluticasone furoate,Compound
Compound::DB08907,Canagliflozin,Compound
Compound::DB08909,Glycerol Phenylbutyrate,Compound
Compound::DB08910,Pomalidomide,Compound
Compound::DB08911,Trametinib,Compound
Compound::DB08912,Dabrafenib,Compound
Compound::DB08916,Afatinib,Compound
Compound::DB08918,Levomilnacipran,Compound
Compound::DB08924,Amfecloral,Compound
Compound::DB08930,Dolutegravir,Compound
Compound::DB08932,MACITENTAN,Compound
Compound::DB08933,LULICONAZOLE,Compound
Compound::DB08934,Sofosbuvir,Compound
Compound::DB08936,Chlorcyclizine,Compound
Compound::DB08941,Isoxsuprine,Compound
Compound::DB08943,Isoconazole,Compound
Compound::DB08944,Isoaminile,Compound
Compound::DB08946,Iopanoic acid,Compound
Compound::DB08947,Iopamidol,Compound
Compound::DB08954,Ifenprodil,Compound
Compound::DB08957,Hexoprenaline,Compound
Compound::DB08958,Hexetidine,Compound
Compound::DB08966,Fursultiamine,Compound
Compound::DB08967,Dimetotiazine,Compound
Compound::DB08970,Fluprednidene Acetate,Compound
Compound::DB08971,Fluocortolone,Compound
Compound::DB08974,Flubendazole,Compound
Compound::DB08976,Floctafenine,Compound
Compound::DB08979,Fenspiride,Compound
Compound::DB08981,Fenbufen,Compound
Compound::DB08983,Etofibrate,Compound
Compound::DB08984,Etofenamate,Compound
Compound::DB08987,Etidocaine,Compound
Compound::DB08990,Eprazinone,Compound
Compound::DB08991,Epirizole,Compound
Compound::DB08992,Eperisone,Compound
Compound::DB08994,Ditazole,Compound
Compound::DB08995,Diosmin,Compound
Compound::DB08996,Dimetacrine,Compound
Compound::DB08998,Demexiptiline,Compound
Compound::DB09000,Cyamemazine,Compound
Compound::DB09002,Cloperastine,Compound
Compound::DB09003,Clocapramine,Compound
Compound::DB09008,Cephaloridine,Compound
Compound::DB09009,Articaine,Compound
Compound::DB09014,Captodiame,Compound
Compound::DB09015,Potassium Canrenoate,Compound
Compound::DB09017,Brotizolam,Compound
Compound::DB09018,Bromopride,Compound
Compound::DB09019,Bromhexine,Compound
Compound::DB09020,Bisacodyl,Compound
Compound::DB09028,Cytisine,Compound
Disease::DOID:0050156,idiopathic pulmonary fibrosis,Disease
Disease::DOID:0050425,restless legs syndrome,Disease
Disease::DOID:0050741,alcohol dependence,Disease
Disease::DOID:0050742,nicotine dependence,Disease
Disease::DOID:0060073,lymphatic system cancer,Disease
Disease::DOID:0060119,pharynx cancer,Disease
Disease::DOID:10021,duodenum cancer,Disease
Disease::DOID:10153,ileum cancer,Disease
Disease::DOID:1024,leprosy,Disease
Disease::DOID:10283,prostate cancer,Disease
Disease::DOID:10534,stomach cancer,Disease
Disease::DOID:10608,celiac disease,Disease
Disease::DOID:10652,Alzheimer's disease,Disease
Disease::DOID:10763,hypertension,Disease
Disease::DOID:10811,nasal cavity cancer,Disease
Disease::DOID:10871,age related macular degeneration,Disease
Disease::DOID:1094,attention deficit hyperactivity disorder,Disease
Disease::DOID:10941,intracranial aneurysm,Disease
Disease::DOID:10976,membranous glomerulonephritis,Disease
Disease::DOID:11054,urinary bladder cancer,Disease
Disease::DOID:11119,Gilles de la Tourette syndrome,Disease
Disease::DOID:1115,sarcoma,Disease
Disease::DOID:11239,appendix cancer,Disease
Disease::DOID:11476,osteoporosis,Disease
Disease::DOID:11555,Fuchs' endothelial dystrophy,Disease
Disease::DOID:11612,polycystic ovary syndrome,Disease
Disease::DOID:11615,penile cancer,Disease
Disease::DOID:11714,gestational diabetes,Disease
Disease::DOID:11819,ureter cancer,Disease
Disease::DOID:119,vaginal cancer,Disease
Disease::DOID:1192,peripheral nervous system neoplasm,Disease
Disease::DOID:11920,tracheal cancer,Disease
Disease::DOID:11934,head and neck cancer,Disease
Disease::DOID:11949,Creutzfeldt-Jakob disease,Disease
Disease::DOID:12185,otosclerosis,Disease
Disease::DOID:12236,primary biliary cirrhosis,Disease
Disease::DOID:12306,vitiligo,Disease
Disease::DOID:12361,Graves' disease,Disease
Disease::DOID:12365,malaria,Disease
Disease::DOID:1245,vulva cancer,Disease
Disease::DOID:12849,autistic disorder,Disease
Disease::DOID:12930,dilated cardiomyopathy,Disease
Disease::DOID:12995,conduct disorder,Disease
Disease::DOID:1312,focal segmental glomerulosclerosis,Disease
Disease::DOID:13189,gout,Disease
Disease::DOID:1319,brain cancer,Disease
Disease::DOID:13223,uterine fibroid,Disease
Disease::DOID:1324,lung cancer,Disease
Disease::DOID:13241,Behcet's disease,Disease
Disease::DOID:13378,Kawasaki disease,Disease
Disease::DOID:13499,jejunal cancer,Disease
Disease::DOID:14004,thoracic aortic aneurysm,Disease
Disease::DOID:14221,metabolic syndrome X,Disease
Disease::DOID:14227,azoospermia,Disease
Disease::DOID:14268,sclerosing cholangitis,Disease
Disease::DOID:14330,Parkinson's disease,Disease
Disease::DOID:1459,hypothyroidism,Disease
Disease::DOID:1595,endogenous depression,Disease
Disease::DOID:1612,breast cancer,Disease
Disease::DOID:1686,glaucoma,Disease
Disease::DOID:1725,peritoneum cancer,Disease
Disease::DOID:175,vascular cancer,Disease
Disease::DOID:1781,thyroid cancer,Disease
Disease::DOID:1790,malignant mesothelioma,Disease
Disease::DOID:1793,pancreatic cancer,Disease
Disease::DOID:1826,epilepsy syndrome,Disease
Disease::DOID:184,bone cancer,Disease
Disease::DOID:1909,melanoma,Disease
Disease::DOID:1936,atherosclerosis,Disease
Disease::DOID:1964,fallopian tube cancer,Disease
Disease::DOID:1993,rectum cancer,Disease
Disease::DOID:2043,hepatitis B,Disease
Disease::DOID:216,dental caries,Disease
Disease::DOID:2174,ocular cancer,Disease
Disease::DOID:219,colon cancer,Disease
Disease::DOID:2355,anemia,Disease
Disease::DOID:2377,multiple sclerosis,Disease
Disease::DOID:2394,ovarian cancer,Disease
Disease::DOID:2531,hematologic cancer,Disease
Disease::DOID:2596,larynx cancer,Disease
Disease::DOID:263,kidney cancer,Disease
Disease::DOID:2841,asthma,Disease
Disease::DOID:2986,IgA glomerulonephritis,Disease
Disease::DOID:2994,germ cell cancer,Disease
Disease::DOID:2998,testicular cancer,Disease
Disease::DOID:3070,malignant glioma,Disease
Disease::DOID:3083,chronic obstructive pulmonary disease,Disease
Disease::DOID:3121,gallbladder cancer,Disease
Disease::DOID:3277,thymus cancer,Disease
Disease::DOID:3310,atopic dermatitis,Disease
Disease::DOID:3312,bipolar disorder,Disease
Disease::DOID:332,amyotrophic lateral sclerosis,Disease
Disease::DOID:3393,coronary artery disease,Disease
Disease::DOID:3565,meningioma,Disease
Disease::DOID:3571,liver cancer,Disease
Disease::DOID:363,uterine cancer,Disease
Disease::DOID:3953,adrenal gland cancer,Disease
Disease::DOID:4045,muscle cancer,Disease
Disease::DOID:4159,skin cancer,Disease
Disease::DOID:418,systemic scleroderma,Disease
Disease::DOID:4362,cervical cancer,Disease
Disease::DOID:4481,allergic rhinitis,Disease
Disease::DOID:4606,bile duct cancer,Disease
Disease::DOID:4989,pancreatitis,Disease
Disease::DOID:5041,esophageal cancer,Disease
Disease::DOID:5099,middle ear cancer,Disease
Disease::DOID:5408,Paget's disease of bone,Disease
Disease::DOID:5419,schizophrenia,Disease
Disease::DOID:5559,mediastinal cancer,Disease
Disease::DOID:5612,spinal cancer,Disease
Disease::DOID:585,nephrolithiasis,Disease
Disease::DOID:5875,retroperitoneal cancer,Disease
Disease::DOID:594,panic disorder,Disease
Disease::DOID:635,acquired immunodeficiency syndrome,Disease
Disease::DOID:6364,migraine,Disease
Disease::DOID:7147,ankylosing spondylitis,Disease
Disease::DOID:7148,rheumatoid arthritis,Disease
Disease::DOID:7693,abdominal aortic aneurysm,Disease
Disease::DOID:784,chronic kidney failure,Disease
Disease::DOID:824,periodontitis,Disease
Disease::DOID:8398,osteoarthritis,Disease
Disease::DOID:8577,ulcerative colitis,Disease
Disease::DOID:8778,Crohn's disease,Disease
Disease::DOID:8850,salivary gland cancer,Disease
Disease::DOID:8893,psoriasis,Disease
Disease::DOID:8986,narcolepsy,Disease
Disease::DOID:90,degenerative disc disease,Disease
Disease::DOID:9008,psoriatic arthritis,Disease
Disease::DOID:9074,systemic lupus erythematosus,Disease
Disease::DOID:9206,Barrett's esophagus,Disease
Disease::DOID:9296,cleft lip,Disease
Disease::DOID:9352,type 2 diabetes mellitus,Disease
Disease::DOID:9744,type 1 diabetes mellitus,Disease
Disease::DOID:9835,refractive error,Disease
Disease::DOID:986,alopecia areata,Disease
Disease::DOID:9970,obesity,Disease
Gene::1,A1BG,Gene
Gene::10,NAT2,Gene
Gene::100,ADA,Gene
Gene::1000,CDH2,Gene
Gene::10000,AKT3,Gene
Gene::10005,ACOT8,Gene
Gene::10006,ABI1,Gene
Gene::10007,GNPDA1,Gene
Gene::10008,KCNE3,Gene
Gene::1001,CDH3,Gene
Gene::10010,TANK,Gene
Gene::100113407,TMEM170B,Gene
Gene::100128071,FAM229A,Gene
Gene::100129361,SMIM10L1,Gene
Gene::100129406,LOC100129406,Gene
Gene::100129583,FAM47E,Gene
Gene::100129842,ZNF737,Gene
Gene::100129846,LOC100129846,Gene
Gene::100129852,LOC100129852,Gene
Gene::100129884,LOC100129884,Gene
Gene::10013,HDAC6,Gene
Gene::100130519,TMEM221,Gene
Gene::100130613,PRR32,Gene
Gene::100130733,LRRC70,Gene
Gene::100130827,SBK3,Gene
Gene::100130958,SYCE1L,Gene
Gene::100131187,TSTD1,Gene
Gene::100131390,SP9,Gene
Gene::100132006,LOC100132006,Gene
Gene::100132247,NPIPB5,Gene
Gene::100132399,GAGE12D,Gene
Gene::100132406,NBPF10,Gene
Gene::100132800,LOC100132800,Gene
Gene::100133941,CD24,Gene
Gene::100137049,PLA2G4B,Gene
Gene::10014,HDAC5,Gene
Gene::10015,PDCD6IP,Gene
Gene::10016,PDCD6,Gene
Gene::10017,BCL2L10,Gene
Gene::100170765,ERICH4,Gene
Gene::10018,BCL2L11,Gene
Gene::10019,SH2B3,Gene
Gene::10020,GNE,Gene
Gene::10021,HCN4,Gene
Gene::10023,FRAT1,Gene
Gene::10024,TROAP,Gene
Gene::100272147,CMC4,Gene
Gene::100287171,WASH1,Gene
Gene::100287387,LOC100287387,Gene
Gene::100287718,ANKRD66,Gene
Gene::100287932,TIMM23,Gene
Gene::100288142,NBPF20,Gene
Gene::100288814,CLDN34,Gene
Gene::100289087,TSPY10,Gene
Gene::100289678,ZNF783,Gene
Gene::100293516,ZNF587B,Gene
Gene::1003,CDH5,Gene
Gene::100316904,SAP25,Gene
Gene::10036,CHAF1A,Gene
Gene::10038,PARP2,Gene
Gene::100381270,ZBED6,Gene
Gene::10039,PARP3,Gene
Gene::1004,CDH6,Gene
Gene::10040,TOM1L1,Gene
Gene::100423062,IGLL5,Gene
Gene::10043,TOM1,Gene
Gene::10046,MAMLD1,Gene
Gene::10048,RANBP9,Gene
Gene::10049,DNAJB6,Gene
Gene::10050,SLC17A4,Gene
Gene::100505385,IQCJ-SCHIP1,Gene
Gene::100505502,LOC100505502,Gene
Gene::100505555,LOC100505555,Gene
Gene::100505724,KRTAP9-7,Gene
Gene::100505741,SPATA1,Gene
Gene::100506012,PPP5D1,Gene
Gene::100506144,ZMYM6NB,Gene
Gene::100506164,HSFX1,Gene
Gene::100506627,DCDC5,Gene
Gene::100506658,OCLN,Gene
Gene::100506667,LOC100506667,Gene
Gene::100506742,CASP12,Gene
Gene::100506888,TCEB3CL2,Gene
Gene::100506922,LOC100506922,Gene
Gene::100507096,GIMD1,Gene
Gene::100507221,LOC100507221,Gene
Gene::100507436,MICA,Gene
Gene::10051,SMC4,Gene
Gene::10052,GJC1,Gene
Gene::100528017,SAA2-SAA4,Gene
Gene::100528020,FAM187A,Gene
Gene::100529215,ZNF559-ZNF177,Gene
Gene::100529251,CKLF-CMTM1,Gene
Gene::10053,AP1M2,Gene
Gene::100533105,C8orf44-SGK3,Gene
Gene::100533952,RBAK-RBAKDN,Gene
Gene::10054,UBA2,Gene
Gene::10055,SAE1,Gene
Gene::10056,FARSB,Gene
Gene::10057,ABCC5,Gene
Gene::10058,ABCB6,Gene
Gene::10059,DNM1L,Gene
Gene::1006,CDH8,Gene
Gene::10060,ABCC9,Gene
Gene::10061,ABCF2,Gene
Gene::10062,NR1H3,Gene
Gene::10063,COX17,Gene
Gene::100631383,FAM47E-STBD1,Gene
Gene::100652824,KIAA2012,Gene
Gene::10067,SCAMP3,Gene
Gene::10069,RWDD2B,Gene
Gene::1007,CDH9,Gene
Gene::10071,MUC12,Gene
Gene::10072,DPP3,Gene
Gene::10073,SNUPN,Gene
Gene::10075,HUWE1,Gene
Gene::10076,PTPRU,Gene
Gene::10077,TSPAN32,Gene
Gene::10078,TSSC4,Gene
Gene::10079,ATP9A,Gene
Gene::1008,CDH10,Gene
Gene::10081,PDCD7,Gene
Gene::100820829,MYZAP,Gene
Gene::10085,EDIL3,Gene
Gene::100861412,FSBP,Gene
Gene::100861540,CYP3A7-CYP3A51P,Gene
Gene::10087,COL4A3BP,Gene
Gene::10089,KCNK7,Gene
Gene::1009,CDH11,Gene
Gene::10092,ARPC5,Gene
Gene::10093,ARPC4,Gene
Gene::10094,ARPC3,Gene
Gene::10095,ARPC1B,Gene
Gene::10096,ACTR3,Gene
Gene::10097,ACTR2,Gene
Gene::10098,TSPAN5,Gene
Gene::10099,TSPAN3,Gene
Gene::100996485,C5orf66,Gene
Gene::101,ADAM8,Gene
Gene::1010,CDH12,Gene
Gene::10100,TSPAN2,Gene
Gene::10101,NUBP2,Gene
Gene::10102,TSFM,Gene
Gene::10103,TSPAN1,Gene
Gene::10105,PPIF,Gene
Gene::10106,CTDSP2,Gene
Gene::10109,ARPC2,Gene
Gene::10111,RAD50,Gene
Gene::10112,KIF20A,Gene
Gene::10113,PREB,Gene
Gene::10114,HIPK3,Gene
Gene::10116,FEM1B,Gene
Gene::1012,CDH13,Gene
Gene::10120,ACTR1B,Gene
Gene::10121,ACTR1A,Gene
Gene::10123,ARL4C,Gene
Gene::10124,ARL4A,Gene
Gene::10125,RASGRP1,Gene
Gene::10126,DNAL4,Gene
Gene::10127,ZNF263,Gene
Gene::10128,LRPPRC,Gene
Gene::1013,CDH15,Gene
Gene::10130,PDIA6,Gene
Gene::10131,TRAP1,Gene
Gene::10133,OPTN,Gene
Gene::10134,BCAP31,Gene
Gene::10135,NAMPT,Gene
Gene::10137,RBM12,Gene
Gene::10138,YAF2,Gene
Gene::10139,ARFRP1,Gene
Gene::1014,CDH16,Gene
Gene::10140,TOB1,Gene
Gene::10142,AKAP9,Gene
Gene::10144,FAM13A,Gene
Gene::10146,G3BP1,Gene
Gene::10147,SUGP2,Gene
Gene::10148,EBI3,Gene
Gene::1015,CDH17,Gene
Gene::10150,MBNL2,Gene
Gene::10152,ABI2,Gene
Gene::10153,CEBPZ,Gene
Gene::10154,PLXNC1,Gene
Gene::10155,TRIM28,Gene
Gene::10157,AASS,Gene
Gene::10158,PDZK1IP1,Gene
Gene::10159,ATP6AP2,Gene
Gene::1016,CDH18,Gene
Gene::10160,FARP1,Gene
Gene::10161,LPAR6,Gene
Gene::10162,LPCAT3,Gene
Gene::10163,WASF2,Gene
Gene::10164,CHST4,Gene
Gene::10165,SLC25A13,Gene
Gene::10166,SLC25A15,Gene
Gene::10169,SERF2,Gene
Gene::1017,CDK2,Gene
Gene::10170,DHRS9,Gene
Gene::10171,RCL1,Gene
Gene::10174,SORBS3,Gene
Gene::10179,RBM7,Gene
Gene::10180,RBM6,Gene
Gene::10181,RBM5,Gene
Gene::10184,LHFPL2,Gene
Gene::10188,TNK2,Gene
Gene::1019,CDK4,Gene
Gene::10190,TXNDC9,Gene
Gene::10194,TSHZ1,Gene
Gene::10195,ALG3,Gene
Gene::10196,PRMT3,Gene
Gene::10197,PSME3,Gene
Gene::10198,MPHOSPH9,Gene
Gene::10199,MPHOSPH10,Gene
Gene::102,ADAM10,Gene
Gene::1020,CDK5,Gene
Gene::10200,MPHOSPH6,Gene
Gene::10202,DHRS2,Gene
Gene::10203,CALCRL,Gene
Gene::10204,NUTF2,Gene
Gene::10205,MPZL2,Gene
Gene::10206,TRIM13,Gene
Gene::10207,INADL,Gene
Gene::10208,USPL1,Gene
Gene::10209,EIF1,Gene
Gene::1021,CDK6,Gene
Gene::10210,TOPORS,Gene
Gene::10211,FLOT1,Gene
Gene::10212,DDX39A,Gene
Gene::10213,PSMD14,Gene
Gene::10215,OLIG2,Gene
Gene::102157402,AK6,Gene
Gene::10217,CTDSPL,Gene
Gene::10218,ANGPTL7,Gene
Gene::1022,CDK7,Gene
Gene::10220,GDF11,Gene
Gene::10221,TRIB1,Gene
Gene::10223,GPA33,Gene
Gene::10225,CD96,Gene
Gene::10226,PLIN3,Gene
Gene::10227,MFSD10,Gene
Gene::10228,STX6,Gene
Gene::102288414,C11orf98,Gene
Gene::10229,COQ7,Gene
Gene::10231,RCAN2,Gene
Gene::10232,MSLN,Gene
Gene::10236,HNRNPR,Gene
Gene::10237,SLC35B1,Gene
Gene::10238,DCAF7,Gene
Gene::10239,AP3S2,Gene
Gene::10240,MRPS31,Gene
Gene::10241,CALCOCO2,Gene
Gene::10242,KCNMB2,Gene
Gene::10243,GPHN,Gene
Gene::10244,RABEPK,Gene
Gene::10245,TIMM17B,Gene
Gene::10247,HRSP12,Gene
Gene::10248,POP7,Gene
Gene::10249,GLYAT,Gene
Gene::1025,CDK9,Gene
Gene::10251,SPRY3,Gene
Gene::10252,SPRY1,Gene
Gene::10253,SPRY2,Gene
Gene::10254,STAM2,Gene
Gene::10257,ABCC4,Gene
Gene::1026,CDKN1A,Gene
Gene::10260,DENND4A,Gene
Gene::10261,IGSF6,Gene
Gene::10262,SF3B4,Gene
Gene::10263,CDK2AP2,Gene
Gene::10265,IRX5,Gene
Gene::10266,RAMP2,Gene
Gene::10267,RAMP1,Gene
Gene::10268,RAMP3,Gene
Gene::10269,ZMPSTE24,Gene
Gene::1027,CDKN1B,Gene
Gene::10270,AKAP8,Gene
Gene::10272,FSTL3,Gene
Gene::102724428,LOC102724428,Gene
Gene::102724560,LOC102724560,Gene
Gene::10273,STUB1,Gene
Gene::10274,STAG1,Gene
Gene::10276,NET1,Gene
Gene::10277,UBE4B,Gene
Gene::10278,EFS,Gene
Gene::1028,CDKN1C,Gene
Gene::10280,SIGMAR1,Gene
Gene::102800317,LOC400927-CSNK1E,Gene
Gene::10282,BET1,Gene
Gene::10284,SAP18,Gene
Gene::10285,SMNDC1,Gene
Gene::10286,BCAS2,Gene
Gene::10287,RGS19,Gene
Gene::10288,LILRB2,Gene
Gene::1029,CDKN2A,Gene
Gene::10294,DNAJA2,Gene
Gene::10295,BCKDK,Gene
Gene::10296,MAEA,Gene
Gene::10297,APC2,Gene
Gene::10298,PAK4,Gene
Gene::10299,MARCH6,Gene
Gene::103,ADAR,Gene
Gene::1030,CDKN2B,Gene
Gene::10300,KATNB1,Gene
Gene::10302,SNAPC5,Gene
Gene::10308,ZNF267,Gene
Gene::1031,CDKN2C,Gene
Gene::10312,TCIRG1,Gene
Gene::10313,RTN3,Gene
Gene::10314,LANCL1,Gene
Gene::10318,TNIP1,Gene
Gene::1032,CDKN2D,Gene
Gene::10320,IKZF1,Gene
Gene::10322,SMYD5,Gene
Gene::10327,AKR1A1,Gene
Gene::10328,EMC8,Gene
Gene::10329,TMEM5,Gene
Gene::1033,CDKN3,Gene
Gene::10330,CNPY2,Gene
Gene::10333,TLR6,Gene
Gene::10342,TFG,Gene
Gene::10345,TRDN,Gene
Gene::10346,TRIM22,Gene
Gene::10347,ABCA7,Gene
Gene::10349,ABCA10,Gene
Gene::10350,ABCA9,Gene
Gene::10351,ABCA8,Gene
Gene::10352,WARS2,Gene
Gene::1036,CDO1,Gene
Gene::10360,NPM3,Gene
Gene::10362,HMG20B,Gene
Gene::10363,HMG20A,Gene
Gene::10365,KLF2,Gene
Gene::10367,MICU1,Gene
Gene::10368,CACNG3,Gene
Gene::10369,CACNG2,Gene
Gene::10370,CITED2,Gene
Gene::10371,SEMA3A,Gene
Gene::10376,TUBA1B,Gene
Gene::10379,IRF9,Gene
Gene::1038,CDR1,Gene
Gene::10381,TUBB3,Gene
Gene::10382,TUBB4A,Gene
Gene::10383,TUBB4B,Gene
Gene::10384,BTN3A3,Gene
Gene::10385,BTN2A2,Gene
Gene::10389,SCML2,Gene
Gene::1039,CDR2,Gene
Gene::10390,CEPT1,Gene
Gene::10391,CORO2B,Gene
Gene::103910,MYL12B,Gene
Gene::10392,NOD1,Gene
Gene::10393,ANAPC10,Gene
Gene::10394,PRG3,Gene
Gene::10395,DLC1,Gene
Gene::10396,ATP8A1,Gene
Gene::10397,NDRG1,Gene
Gene::10398,MYL9,Gene
Gene::10399,GNB2L1,Gene
Gene::104,ADARB1,Gene
Gene::10400,PEMT,Gene
Gene::10401,PIAS3,Gene
Gene::10403,NDC80,Gene
Gene::10404,CPQ,Gene
Gene::10409,BASP1,Gene
Gene::1041,CDSN,Gene
Gene::10410,IFITM3,Gene
Gene::10411,RAPGEF3,Gene
Gene::10412,NSA2,Gene
Gene::10413,YAP1,Gene
Gene::10417,SPON2,Gene
Gene::10418,SPON1,Gene
Gene::10419,PRMT5,Gene
Gene::10421,CD2BP2,Gene
Gene::10422,UBAC1,Gene
Gene::10423,CDIPT,Gene
Gene::10424,PGRMC2,Gene
Gene::10425,ARIH2,Gene
Gene::10427,SEC24B,Gene
Gene::1043,CD52,Gene
Gene::10430,TMEM147,Gene
Gene::10432,RBM14,Gene
Gene::10434,LYPLA1,Gene
Gene::10436,EMG1,Gene
Gene::10437,IFI30,Gene
Gene::10438,C1D,Gene
Gene::10439,OLFM1,Gene
Gene::1044,CDX1,Gene
Gene::10440,TIMM17A,Gene
Gene::10443,N4BP2L2,Gene
Gene::10444,ZER1,Gene
Gene::10445,MCRS1,Gene
Gene::10446,LRRN2,Gene
Gene::10447,FAM3C,Gene
Gene::10449,ACAA2,Gene
Gene::1045,CDX2,Gene
Gene::10450,PPIE,Gene
Gene::10451,VAV3,Gene
Gene::10452,TOMM40,Gene
Gene::10454,TAB1,Gene
Gene::10455,ECI2,Gene
Gene::10456,HAX1,Gene
Gene::10457,GPNMB,Gene
Gene::10458,BAIAP2,Gene
Gene::1046,CDX4,Gene
Gene::10460,TACC3,Gene
Gene::10461,MERTK,Gene
Gene::10462,CLEC10A,Gene
Gene::10463,SLC30A9,Gene
Gene::10464,PIBF1,Gene
Gene::10465,PPIH,Gene
Gene::10466,COG5,Gene
Gene::10467,ZNHIT1,Gene
Gene::10468,FST,Gene
Gene::10469,TIMM44,Gene
Gene::1047,CLGN,Gene
Gene::10472,ZBTB18,Gene
Gene::10473,HMGN4,Gene
Gene::10474,TADA3,Gene
Gene::10476,ATP5H,Gene
Gene::10477,UBE2E3,Gene
Gene::10478,SLC25A17,Gene
Gene::10479,SLC9A6,Gene
Gene::1048,CEACAM5,Gene
Gene::10480,EIF3M,Gene
Gene::10481,HOXB13,Gene
Gene::10482,NXF1,Gene
Gene::10483,SEC23B,Gene
Gene::10484,SEC23A,Gene
Gene::10485,C1orf61,Gene
Gene::10486,CAP2,Gene
Gene::10487,CAP1,Gene
Gene::10488,CREB3,Gene
Gene::10489,LRRC41,Gene
Gene::10491,CRTAP,Gene
Gene::10492,SYNCRIP,Gene
Gene::10493,VAT1,Gene
Gene::10494,STK25,Gene
Gene::10495,ENOX2,Gene
Gene::10497,UNC13B,Gene
Gene::10498,CARM1,Gene
Gene::10499,NCOA2,Gene
Gene::1050,CEBPA,Gene
Gene::10501,SEMA6B,Gene
Gene::10505,SEMA4F,Gene
Gene::10507,SEMA4D,Gene
Gene::1051,CEBPB,Gene
Gene::10513,APPBP2,Gene
Gene::10514,MYBBP1A,Gene
Gene::10516,FBLN5,Gene
Gene::10517,FBXW10,Gene
Gene::10518,CIB2,Gene
Gene::10519,CIB1,Gene
Gene::1052,CEBPD,Gene
Gene::10520,ZNF211,Gene
Gene::10521,DDX17,Gene
Gene::10522,DEAF1,Gene
Gene::10523,CHERP,Gene
Gene::10524,KAT5,Gene
Gene::10525,HYOU1,Gene
Gene::10527,IPO7,Gene
Gene::10528,NOP56,Gene
Gene::10529,NEBL,Gene
Gene::1053,CEBPE,Gene
Gene::10533,ATG7,Gene
Gene::10534,SSSCA1,Gene
Gene::10535,RNASEH2A,Gene
Gene::10536,P3H3,Gene
Gene::10537,UBD,Gene
Gene::10538,BATF,Gene
Gene::10539,GLRX3,Gene
Gene::1054,CEBPG,Gene
Gene::10540,DCTN2,Gene
Gene::10541,ANP32B,Gene
Gene::10542,LAMTOR5,Gene
Gene::10544,PROCR,Gene
Gene::10548,TM9SF1,Gene
Gene::10549,PRDX4,Gene
Gene::10550,ARL6IP5,Gene
Gene::10551,AGR2,Gene
Gene::10553,HTATIP2,Gene
Gene::10554,AGPAT1,Gene
Gene::10555,AGPAT2,Gene
Gene::10556,RPP30,Gene
Gene::10557,RPP38,Gene
Gene::10558,SPTLC1,Gene
Gene::10559,SLC35A1,Gene
Gene::1056,CEL,Gene
Gene::10560,SLC19A2,Gene
Gene::10561,IFI44,Gene
Gene::10562,OLFM4,Gene
Gene::10563,CXCL13,Gene
Gene::10564,ARFGEF2,Gene
Gene::10565,ARFGEF1,Gene
Gene::10567,RABAC1,Gene
Gene::10568,SLC34A2,Gene
Gene::10569,SLU7,Gene
Gene::10572,SIVA1,Gene
Gene::10573,MRPL28,Gene
Gene::10574,CCT7,Gene
Gene::10575,CCT4,Gene
Gene::10576,CCT2,Gene
Gene::10577,NPC2,Gene
Gene::10579,TACC2,Gene
Gene::1058,CENPA,Gene
Gene::10580,SORBS1,Gene
Gene::10581,IFITM2,Gene
Gene::10585,POMT1,Gene
Gene::10586,MAB21L2,Gene
Gene::10587,TXNRD2,Gene
Gene::10588,MTHFS,Gene
Gene::10589,DRAP1,Gene
Gene::1059,CENPB,Gene
Gene::10590,SCGN,Gene
Gene::10591,DNPH1,Gene
Gene::10592,SMC2,Gene
Gene::10595,ERN2,Gene
Gene::10598,AHSA1,Gene
Gene::10599,SLCO1B1,Gene
Gene::1060,CENPC,Gene
Gene::10600,USP16,Gene
Gene::10602,CDC42EP3,Gene
Gene::10605,PAIP1,Gene
Gene::10606,PAICS,Gene
Gene::10607,TBL3,Gene
Gene::10609,P3H4,Gene
Gene::10610,ST6GALNAC2,Gene
Gene::10611,PDLIM5,Gene
Gene::10613,ERLIN1,Gene
Gene::10614,HEXIM1,Gene
Gene::10615,SPAG5,Gene
Gene::10616,RBCK1,Gene
Gene::10617,STAMBP,Gene
Gene::10618,TGOLN2,Gene
Gene::1062,CENPE,Gene
Gene::10621,POLR3F,Gene
Gene::10622,POLR3G,Gene
Gene::10625,IVNS1ABP,Gene
Gene::10628,TXNIP,Gene
Gene::10629,TAF6L,Gene
Gene::1063,CENPF,Gene
Gene::10630,PDPN,Gene
Gene::10631,POSTN,Gene
Gene::10632,ATP5L,Gene
Gene::10634,GAS2L1,Gene
Gene::10635,RAD51AP1,Gene
Gene::10636,RGS14,Gene
Gene::10638,SPHAR,Gene
Gene::10641,NPRL2,Gene
Gene::10643,IGF2BP3,Gene
Gene::10644,IGF2BP2,Gene
Gene::10651,MTX2,Gene
Gene::10652,YKT6,Gene
Gene::10653,SPINT2,Gene
Gene::10654,PMVK,Gene
Gene::10655,DMRT2,Gene
Gene::10656,KHDRBS3,Gene
Gene::10657,KHDRBS1,Gene
Gene::10658,CELF1,Gene
Gene::10659,CELF2,Gene
Gene::1066,CES1,Gene
Gene::10660,LBX1,Gene
Gene::10661,KLF1,Gene
Gene::10664,CTCF,Gene
Gene::10665,C6orf10,Gene
Gene::10666,CD226,Gene
Gene::10667,FARS2,Gene
Gene::10668,CGRRF1,Gene
Gene::10669,CGREF1,Gene
Gene::10670,RRAGA,Gene
Gene::10671,DCTN6,Gene
Gene::10672,GNA13,Gene
Gene::10673,TNFSF13B,Gene
Gene::10675,CSPG5,Gene
Gene::10677,AVIL,Gene
Gene::10678,B3GNT2,Gene
Gene::10681,GNB5,Gene
Gene::10682,EBP,Gene
Gene::10683,DLL3,Gene
Gene::10686,CLDN16,Gene
Gene::10687,PNMA2,Gene
Gene::1069,CETN2,Gene
Gene::10690,FUT9,Gene
Gene::10693,CCT6B,Gene
Gene::10694,CCT8,Gene
Gene::10695,CNPY3,Gene
Gene::10699,CORIN,Gene
Gene::107,ADCY1,Gene
Gene::1070,CETN3,Gene
Gene::1071,CETP,Gene
Gene::10712,FAM189B,Gene
Gene::10713,USP39,Gene
Gene::10714,POLD3,Gene
Gene::10715,CERS1,Gene
Gene::10717,AP4B1,Gene
Gene::10718,NRG3,Gene
Gene::1072,CFL1,Gene
Gene::10721,POLQ,Gene
Gene::10723,SLC12A7,Gene
Gene::10724,MGEA5,Gene
Gene::10725,NFAT5,Gene
Gene::10726,NUDC,Gene
Gene::10728,PTGES3,Gene
Gene::1073,CFL2,Gene
Gene::10730,YME1L1,Gene
Gene::10732,TCFL5,Gene
Gene::10733,PLK4,Gene
Gene::10735,STAG2,Gene
Gene::10739,RFPL2,Gene
Gene::10741,RBBP9,Gene
Gene::10742,RAI2,Gene
Gene::10743,RAI1,Gene
Gene::10745,PHTF1,Gene
Gene::10746,MAP3K2,Gene
Gene::10747,MASP2,Gene
Gene::10749,KIF1C,Gene
Gene::1075,CTSC,Gene
Gene::10752,CHL1,Gene
Gene::10753,CAPN9,Gene
Gene::10755,GIPC1,Gene
Gene::10758,TRAF3IP2,Gene
Gene::10762,NUP50,Gene
Gene::10763,NES,Gene
Gene::10765,KDM5B,Gene
Gene::10766,TOB2,Gene
Gene::10767,HBS1L,Gene
Gene::10768,AHCYL1,Gene
Gene::10769,PLK2,Gene
Gene::10771,ZMYND11,Gene
Gene::10772,SRSF10,Gene
Gene::10775,POP4,Gene
Gene::10776,ARPP19,Gene
Gene::10780,ZNF234,Gene
Gene::10781,ZNF266,Gene
Gene::10782,ZNF274,Gene
Gene::10783,NEK6,Gene
Gene::10785,WDR4,Gene
Gene::10786,SLC17A3,Gene
Gene::10787,NCKAP1,Gene
Gene::10788,IQGAP2,Gene
Gene::10791,VAMP5,Gene
Gene::10793,ZNF273,Gene
Gene::10794,ZNF460,Gene
Gene::10797,MTHFD2,Gene
Gene::10799,RPP40,Gene
Gene::108,ADCY2,Gene
Gene::1080,CFTR,Gene
Gene::10800,CYSLTR1,Gene
Gene::10801,SEPT9,Gene
Gene::10802,SEC24A,Gene
Gene::10803,CCR9,Gene
Gene::10804,GJB6,Gene
Gene::10806,SDCCAG8,Gene
Gene::10807,SDCCAG3,Gene
Gene::10808,HSPH1,Gene
Gene::10809,STARD10,Gene
Gene::1081,CGA,Gene
Gene::10810,WASF3,Gene
Gene::10813,UTP14A,Gene
Gene::10814,CPLX2,Gene
Gene::10815,CPLX1,Gene
Gene::10816,SPINT3,Gene
Gene::10817,FRS3,Gene
Gene::10818,FRS2,Gene
Gene::10826,FAXDC2,Gene
Gene::10827,FAM114A2,Gene
Gene::10838,ZNF275,Gene
Gene::1084,CEACAM3,Gene
Gene::10840,ALDH1L1,Gene
Gene::10841,FTCD,Gene
Gene::10844,TUBGCP2,Gene
Gene::10845,CLPX,Gene
Gene::10846,PDE10A,Gene
Gene::10847,SRCAP,Gene
Gene::10848,PPP1R13L,Gene
Gene::10849,CD3EAP,Gene
Gene::10850,CCL27,Gene
Gene::10855,HPSE,Gene
Gene::10856,RUVBL2,Gene
Gene::10857,PGRMC1,Gene
Gene::10858,CYP46A1,Gene
Gene::10859,LILRB1,Gene
Gene::10861,SLC26A1,Gene
Gene::10864,SLC22A7,Gene
Gene::10865,ARID5A,Gene
Gene::10867,TSPAN9,Gene
Gene::10868,USP20,Gene
Gene::10870,HCST,Gene
Gene::10871,CD300C,Gene
Gene::10873,ME3,Gene
Gene::10874,NMU,Gene
Gene::10875,FGL2,Gene
Gene::10878,CFHR3,Gene
Gene::10879,SMR3B,Gene
Gene::1088,CEACAM8,Gene
Gene::10881,ACTL7A,Gene
Gene::10884,MRPS30,Gene
Gene::10885,WDR3,Gene
Gene::10886,NPFFR2,Gene
Gene::10887,PROKR1,Gene
Gene::1089,CEACAM4,Gene
Gene::10890,RAB10,Gene
Gene::10891,PPARGC1A,Gene
Gene::10892,MALT1,Gene
Gene::10893,MMP24,Gene
Gene::10897,YIF1A,Gene
Gene::10898,CPSF4,Gene
Gene::10899,JTB,Gene
Gene::109,ADCY3,Gene
Gene::10900,RUNDC3A,Gene
Gene::10901,DHRS4,Gene
Gene::10902,BRD8,Gene
Gene::10903,MTMR11,Gene
Gene::10904,BLCAP,Gene
Gene::10906,TRAFD1,Gene
Gene::10907,TXNL4A,Gene
Gene::10908,PNPLA6,Gene
Gene::10911,UTS2,Gene
Gene::10913,EDAR,Gene
Gene::10914,PAPOLA,Gene
Gene::10915,TCERG1,Gene
Gene::10916,MAGED2,Gene
Gene::10917,BTNL3,Gene
Gene::10919,EHMT2,Gene
Gene::10920,COPS8,Gene
Gene::10921,RNPS1,Gene
Gene::10922,FASTK,Gene
Gene::10923,SUB1,Gene
Gene::10924,SMPDL3A,Gene
Gene::10926,DBF4,Gene
Gene::10927,SPIN1,Gene
Gene::10928,RALBP1,Gene
Gene::10933,MORF4L1,Gene
Gene::10935,PRDX3,Gene
Gene::10936,GPR75,Gene
Gene::10938,EHD1,Gene
Gene::10939,AFG3L2,Gene
Gene::10940,POP1,Gene
Gene::10943,MSL3,Gene
Gene::10944,C11orf58,Gene
Gene::10945,KDELR1,Gene
Gene::10946,SF3A3,Gene
Gene::10947,AP3M2,Gene
Gene::10948,STARD3,Gene
Gene::10949,HNRNPA0,Gene
Gene::10950,BTG3,Gene
Gene::10951,CBX1,Gene
Gene::10952,SEC61B,Gene
Gene::10953,TOMM34,Gene
Gene::10954,PDIA5,Gene
Gene::10955,SERINC3,Gene
Gene::10956,OS9,Gene
Gene::10957,PNRC1,Gene
Gene::10959,TMED2,Gene
Gene::10960,LMAN2,Gene
Gene::10961,ERP29,Gene
Gene::10962,MLLT11,Gene
Gene::10963,STIP1,Gene
Gene::10964,IFI44L,Gene
Gene::10965,ACOT2,Gene
Gene::10966,RAB40B,Gene
Gene::10969,EBNA1BP2,Gene
Gene::10970,CKAP4,Gene
Gene::10971,YWHAQ,Gene
Gene::10972,TMED10,Gene
Gene::10973,ASCC3,Gene
Gene::10974,ADIRF,Gene
Gene::10975,UQCR11,Gene
Gene::10978,CLP1,Gene
Gene::10979,FERMT2,Gene
Gene::10980,COPS6,Gene
Gene::10981,RAB32,Gene
Gene::10982,MAPRE2,Gene
Gene::10983,CCNI,Gene
Gene::10987,COPS5,Gene
Gene::10988,METAP2,Gene
Gene::10990,LILRB5,Gene
Gene::10991,SLC38A3,Gene
Gene::10992,SF3B2,Gene
Gene::10993,SDS,Gene
Gene::10994,ILVBL,Gene
Gene::10998,SLC27A5,Gene
Gene::11000,SLC27A3,Gene
Gene::11001,SLC27A2,Gene
Gene::11004,KIF2C,Gene
Gene::11005,SPINK5,Gene
Gene::11007,CCDC85B,Gene
Gene::11009,IL24,Gene
Gene::1101,CHAD,Gene
Gene::11010,GLIPR1,Gene
Gene::11011,TLK2,Gene
Gene::11012,KLK11,Gene
Gene::11013,TMSB15A,Gene
Gene::11014,KDELR2,Gene
Gene::11015,KDELR3,Gene
Gene::11017,SNRNP27,Gene
Gene::11019,LIAS,Gene
Gene::1102,RCBTB2,Gene
Gene::11020,IFT27,Gene
Gene::11021,RAB35,Gene
Gene::11023,VAX1,Gene
Gene::11025,LILRB3,Gene
Gene::11026,LILRA3,Gene
Gene::1103,CHAT,Gene
Gene::11030,RBPMS,Gene
Gene::11031,RAB31,Gene
Gene::11034,DSTN,Gene
Gene::11035,RIPK3,Gene
Gene::11040,PIM2,Gene
Gene::11041,B4GAT1,Gene
Gene::11043,MID2,Gene
Gene::11044,PAPD7,Gene
Gene::11045,UPK1A,Gene
Gene::11046,SLC35D2,Gene
Gene::11047,ADRM1,Gene
Gene::1105,CHD1,Gene
Gene::11052,CPSF6,Gene
Gene::11054,OGFR,Gene
Gene::11057,ABHD2,Gene
Gene::11059,WWP1,Gene
Gene::1106,CHD2,Gene
Gene::11062,DUS4L,Gene
Gene::11064,CNTRL,Gene
Gene::11065,UBE2C,Gene
Gene::11067,C10orf10,Gene
Gene::11068,CYB561D2,Gene
Gene::1107,CHD3,Gene
Gene::11072,DUSP14,Gene
Gene::11073,TOPBP1,Gene
Gene::11074,TRIM31,Gene
Gene::11075,STMN2,Gene
Gene::11077,HSF2BP,Gene
Gene::11078,TRIOBP,Gene
Gene::11079,RER1,Gene
Gene::1108,CHD4,Gene
Gene::11080,DNAJB4,Gene
Gene::11082,ESM1,Gene
Gene::11083,DIDO1,Gene
Gene::11085,ADAM30,Gene
Gene::11086,ADAM29,Gene
Gene::1109,AKR1C4,Gene
Gene::11091,WDR5,Gene
Gene::11092,C9orf9,Gene
Gene::11093,ADAMTS13,Gene
Gene::11095,ADAMTS8,Gene
Gene::11096,ADAMTS5,Gene
Gene::11098,PRSS23,Gene
Gene::11099,PTPN21,Gene
Gene::111,ADCY5,Gene
Gene::11100,HNRNPUL1,Gene
Gene::11102,RPP14,Gene
Gene::11104,KATNA1,Gene
Gene::11108,PRDM4,Gene
Gene::1111,CHEK1,Gene
Gene::11113,CIT,Gene
Gene::11116,FGFR1OP,Gene
Gene::11117,EMILIN1,Gene
Gene::11118,BTN3A2,Gene
Gene::11119,BTN3A1,Gene
Gene::1112,FOXN3,Gene
Gene::11120,BTN2A1,Gene
Gene::11124,FAF1,Gene
Gene::11127,KIF3A,Gene
Gene::11128,POLR3A,Gene
Gene::11129,CLASRP,Gene
Gene::1113,CHGA,Gene
Gene::11130,ZWINT,Gene
Gene::11131,CAPN11,Gene
Gene::11132,CAPN10,Gene
Gene::11133,KPTN,Gene
Gene::11136,SLC7A9,Gene
Gene::11137,PWP1,Gene
Gene::1114,CHGB,Gene
Gene::11140,CDC37,Gene
Gene::11141,IL1RAPL1,Gene
Gene::11142,PKIG,Gene
Gene::11143,KAT7,Gene
Gene::11144,DMC1,Gene
Gene::11145,PLA2G16,Gene
Gene::11147,HHLA3,Gene
Gene::11148,HHLA2,Gene
Gene::11149,BVES,Gene
Gene::11151,CORO1A,Gene
Gene::11152,WDR45,Gene
Gene::11153,FICD,Gene
Gene::11154,AP4S1,Gene
Gene::11155,LDB3,Gene
Gene::11156,PTP4A3,Gene
Gene::11157,LSM6,Gene
Gene::11158,RABL2B,Gene
Gene::1116,CHI3L1,Gene
Gene::11160,ERLIN2,Gene
Gene::11161,C14orf1,Gene
Gene::11162,NUDT6,Gene
Gene::11164,NUDT5,Gene
Gene::11165,NUDT3,Gene
Gene::11166,SOX21,Gene
Gene::11167,FSTL1,Gene
Gene::11168,PSIP1,Gene
Gene::11169,WDHD1,Gene
Gene::1117,CHI3L2,Gene
Gene::11170,FAM107A,Gene
Gene::11173,ADAMTS7,Gene
Gene::11176,BAZ2A,Gene
Gene::11177,BAZ1A,Gene
Gene::11178,LZTS1,Gene
Gene::11179,ZNF277,Gene
Gene::1118,CHIT1,Gene
Gene::11180,WDR6,Gene
Gene::11182,SLC2A6,Gene
Gene::11183,MAP4K5,Gene
Gene::11184,MAP4K1,Gene
Gene::11186,RASSF1,Gene
Gene::11187,PKP3,Gene
Gene::11188,NISCH,Gene
Gene::1119,CHKA,Gene
Gene::11190,CEP250,Gene
Gene::11193,WBP4,Gene
Gene::11194,ABCB8,Gene
Gene::11196,SEC23IP,Gene
Gene::11197,WIF1,Gene
Gene::11198,SUPT16H,Gene
Gene::11199,ANXA10,Gene
Gene::112,ADCY6,Gene
Gene::1120,CHKB,Gene
Gene::11200,CHEK2,Gene
Gene::11202,KLK8,Gene
Gene::1121,CHM,Gene
Gene::11212,PROSC,Gene
Gene::11213,IRAK3,Gene
Gene::11214,AKAP13,Gene
Gene::11215,AKAP11,Gene
Gene::11218,DDX20,Gene
Gene::1122,CHML,Gene
Gene::11221,DUSP10,Gene
Gene::11222,MRPL3,Gene
Gene::11223,MST1L,Gene
Gene::11224,RPL35,Gene
Gene::11226,GALNT6,Gene
Gene::11227,GALNT5,Gene
Gene::11228,RASSF8,Gene
Gene::1123,CHN1,Gene
Gene::11230,PRAF2,Gene
Gene::11231,SEC63,Gene
Gene::11232,POLG2,Gene
Gene::11235,PDCD10,Gene
Gene::11236,RNF139,Gene
Gene::11237,RNF24,Gene
Gene::11238,CA5B,Gene
Gene::112398,EGLN2,Gene
Gene::112399,EGLN3,Gene
Gene::1124,CHN2,Gene
Gene::11240,PADI2,Gene
Gene::11244,ZHX1,Gene
Gene::112464,PRKCDBP,Gene
Gene::112476,PRRT2,Gene
Gene::112479,ERI2,Gene
Gene::112483,SAT2,Gene
Gene::112487,DTD2,Gene
Gene::112495,GTF3C6,Gene
Gene::11251,PTGDR2,Gene
Gene::11252,PACSIN2,Gene
Gene::11254,SLC6A14,Gene
Gene::11255,HRH3,Gene
Gene::11258,DCTN3,Gene
Gene::11260,XPOT,Gene
Gene::112609,MRAP2,Gene
Gene::11261,CHP1,Gene
Gene::112611,RWDD2A,Gene
Gene::112616,CMTM7,Gene
Gene::11262,SP140,Gene
Gene::11264,PXMP4,Gene
Gene::11266,DUSP12,Gene
Gene::11270,NRM,Gene
Gene::11272,PRR4,Gene
Gene::112724,RDH13,Gene
Gene::11274,USP18,Gene
Gene::112755,STX1B,Gene
Gene::11277,TREX1,Gene
Gene::11278,KLF12,Gene
Gene::11279,KLF8,Gene
Gene::1128,CHRM1,Gene
Gene::11280,SCN11A,Gene
Gene::11281,POU6F2,Gene
Gene::112817,HOGA1,Gene
Gene::11282,MGAT4B,Gene
Gene::11284,PNKP,Gene
Gene::112849,L3HYPDH,Gene
Gene::11285,B4GALT7,Gene
Gene::112869,CCDC101,Gene
Gene::1129,CHRM2,Gene
Gene::112942,CFAP36,Gene
Gene::112950,MED8,Gene
Gene::113,ADCY7,Gene
Gene::1130,LYST,Gene
Gene::113000,RPUSD1,Gene
Gene::11309,SLCO2B1,Gene
Gene::1131,CHRM3,Gene
Gene::11311,VPS45,Gene
Gene::113115,MTFR2,Gene
Gene::113130,CDCA5,Gene
Gene::11314,CD300A,Gene
Gene::113146,AHNAK2,Gene
Gene::11315,PARK7,Gene
Gene::11316,COPE,Gene
Gene::11317,RBPJL,Gene
Gene::113177,IZUMO4,Gene
Gene::113178,SCAMP4,Gene
Gene::11318,GPR182,Gene
Gene::113189,CHST14,Gene
Gene::11319,ECD,Gene
Gene::1132,CHRM4,Gene
Gene::11321,GPN1,Gene
Gene::113230,LOC113230,Gene
Gene::113235,SLC46A1,Gene
Gene::113246,C12orf57,Gene
Gene::11325,DDX42,Gene
Gene::113251,LARP4,Gene
Gene::11326,VSIG4,Gene
Gene::113277,TMEM106A,Gene
Gene::113278,SLC52A3,Gene
Gene::11328,FKBP9,Gene
Gene::11329,STK38,Gene
Gene::1133,CHRM5,Gene
Gene::11330,CTRC,Gene
Gene::11331,PHB2,Gene
Gene::11332,ACOT7,Gene
Gene::11334,TUSC2,Gene
Gene::11335,CBX3,Gene
Gene::11336,EXOC3,Gene
Gene::11337,GABARAP,Gene
Gene::11338,U2AF2,Gene
Gene::11339,OIP5,Gene
Gene::1134,CHRNA1,Gene
Gene::11340,EXOSC8,Gene
Gene::11341,SCRG1,Gene
Gene::113419,TEX261,Gene
Gene::11342,RNF13,Gene
Gene::11343,MGLL,Gene
Gene::11344,TWF2,Gene
Gene::11345,GABARAPL2,Gene
Gene::113451,AZIN2,Gene
Gene::113452,TMEM54,Gene
Gene::113457,TUBA3D,Gene
Gene::1135,CHRNA2,Gene
Gene::1136,CHRNA3,Gene
Gene::113612,CYP2U1,Gene
Gene::113622,ADPRHL1,Gene
Gene::113655,MFSD3,Gene
Gene::113675,SDSL,Gene
Gene::1137,CHRNA4,Gene
Gene::113730,KLHDC7B,Gene
Gene::113791,PIK3IP1,Gene
Gene::1138,CHRNA5,Gene
Gene::113828,FAM83F,Gene
Gene::113829,SLC35A4,Gene
Gene::113878,DTX2,Gene
Gene::1139,CHRNA7,Gene
Gene::114,ADCY8,Gene
Gene::1140,CHRNB1,Gene
Gene::114026,ZIM3,Gene
Gene::114034,TOE1,Gene
Gene::114049,WBSCR22,Gene
Gene::1141,CHRNB2,Gene
Gene::114112,TXNRD3,Gene
Gene::1142,CHRNB3,Gene
Gene::114294,LACTB,Gene
Gene::1143,CHRNB4,Gene
Gene::114327,EFHC1,Gene
Gene::1144,CHRND,Gene
Gene::1145,CHRNE,Gene
Gene::114548,NLRP3,Gene
Gene::1146,CHRNG,Gene
Gene::114609,TIRAP,Gene
Gene::1147,CHUK,Gene
Gene::114757,CYGB,Gene
Gene::114771,PGLYRP3,Gene
Gene::114781,BTBD9,Gene
Gene::114787,GPRIN1,Gene
Gene::114788,CSMD3,Gene
Gene::114789,SLC25A25,Gene
Gene::114790,STK11IP,Gene
Gene::114792,KLHL32,Gene
Gene::114793,FMNL2,Gene
Gene::114794,ELFN2,Gene
Gene::114795,TMEM132B,Gene
Gene::114798,SLITRK1,Gene
Gene::114800,CCDC85A,Gene
Gene::114801,TMEM200A,Gene
Gene::114805,GALNT13,Gene
Gene::114818,KLHL29,Gene
Gene::114821,ZBED9,Gene
Gene::114822,RHPN1,Gene
Gene::114824,PNMA5,Gene
Gene::114826,SMYD4,Gene
Gene::114827,FHAD1,Gene
Gene::114836,SLAMF6,Gene
Gene::114876,OSBPL1A,Gene
Gene::114880,OSBPL6,Gene
Gene::114882,OSBPL8,Gene
Gene::114883,OSBPL9,Gene
Gene::114884,OSBPL10,Gene
Gene::114885,OSBPL11,Gene
Gene::114897,C1QTNF1,Gene
Gene::1149,CIDEA,Gene
Gene::114900,C1QTNF4,Gene
Gene::114902,C1QTNF5,Gene
Gene::114904,C1QTNF6,Gene
Gene::114905,C1QTNF7,Gene
Gene::114907,FBXO32,Gene
Gene::114908,TMEM123,Gene
Gene::114926,SMIM19,Gene
Gene::114928,GPRASP2,Gene
Gene::114990,VASN,Gene
Gene::114991,ZNF618,Gene
Gene::115,ADCY9,Gene
Gene::115004,MB21D1,Gene
Gene::115019,SLC26A9,Gene
Gene::115098,CCDC124,Gene
Gene::115106,HAUS1,Gene
Gene::115123,MARCH3,Gene
Gene::115196,ZNF554,Gene
Gene::1152,CKB,Gene
Gene::115201,ATG4A,Gene
Gene::115207,KCTD12,Gene
Gene::115265,DDIT4L,Gene
Gene::115290,FBXO17,Gene
Gene::115294,PCMTD1,Gene
Gene::1153,CIRBP,Gene
Gene::115352,FCRL3,Gene
Gene::115361,GBP4,Gene
Gene::115362,GBP5,Gene
Gene::1154,CISH,Gene
Gene::1155,TBCB,Gene
Gene::115509,ZNF689,Gene
Gene::115548,FCHO2,Gene
Gene::115584,SLC5A11,Gene
Gene::115677,NOSTRIN,Gene
Gene::115703,ARHGAP33,Gene
Gene::115752,DIS3L,Gene
Gene::115761,ARL11,Gene
Gene::1158,CKM,Gene
Gene::115817,DHRS1,Gene
Gene::1159,CKMT1B,Gene
Gene::115908,CTHRC1,Gene
Gene::115939,TSR3,Gene
Gene::116,ADCYAP1,Gene
Gene::1160,CKMT2,Gene
Gene::116039,OSR2,Gene
Gene::116064,LRRC58,Gene
Gene::116071,BATF2,Gene
Gene::116085,SLC22A12,Gene
Gene::1161,ERCC8,Gene
Gene::116113,FOXP4,Gene
Gene::116115,ZNF526,Gene
Gene::116135,LRRC3B,Gene
Gene::116150,NUS1,Gene
Gene::116151,FAM210B,Gene
Gene::116154,PHACTR3,Gene
Gene::116159,CYYR1,Gene
Gene::116173,CMTM5,Gene
Gene::116179,TGM7,Gene
Gene::116211,TM4SF19,Gene
Gene::116224,FAM122A,Gene
Gene::116228,COX20,Gene
Gene::116236,ABHD15,Gene
Gene::116285,ACSM1,Gene
Gene::1163,CKS1B,Gene
Gene::116362,RBP7,Gene
Gene::116372,LYPD1,Gene
Gene::116379,IL22RA2,Gene
Gene::1164,CKS2,Gene
Gene::116442,RAB39B,Gene
Gene::116443,GRIN3A,Gene
Gene::116444,GRIN3B,Gene
Gene::116447,TOP1MT,Gene
Gene::116449,CLNK,Gene
Gene::116461,TSEN15,Gene
Gene::116496,FAM129A,Gene
Gene::116511,MAS1L,Gene
Gene::116519,APOA5,Gene
Gene::116535,MRGPRF,Gene
Gene::116540,MRPL53,Gene
Gene::116832,RPL39L,Gene
Gene::116840,CNTROB,Gene
Gene::116841,SNAP47,Gene
Gene::116843,SLC18B1,Gene
Gene::116844,LRG1,Gene
Gene::116966,WDR17,Gene
Gene::116984,ARAP2,Gene
Gene::116985,ARAP1,Gene
Gene::116986,AGAP2,Gene
Gene::116987,AGAP1,Gene
Gene::117143,TADA1,Gene
Gene::117153,MIA2,Gene
Gene::117156,SCGB3A2,Gene
Gene::117159,DCD,Gene
Gene::117178,SSX2IP,Gene
Gene::117194,MRGPRX2,Gene
Gene::117246,FTSJ3,Gene
Gene::117247,SLC16A10,Gene
Gene::117248,GALNT15,Gene
Gene::117289,TAGAP,Gene
Gene::1173,AP2M1,Gene
Gene::1175,AP2S1,Gene
Gene::117579,RLN3,Gene
Gene::117583,PARD3B,Gene
Gene::117584,RFFL,Gene
Gene::1176,AP3S1,Gene
Gene::1178,CLC,Gene
Gene::1179,CLCA1,Gene
Gene::118,ADD1,Gene
Gene::1180,CLCN1,Gene
Gene::1181,CLCN2,Gene
Gene::1182,CLCN3,Gene
Gene::1183,CLCN4,Gene
Gene::1184,CLCN5,Gene
Gene::118429,ANTXR2,Gene
Gene::118430,MUCL1,Gene
Gene::118472,ZNF511,Gene
Gene::118490,MSS51,Gene
Gene::118491,CFAP70,Gene
Gene::1185,CLCN6,Gene
Gene::1186,CLCN7,Gene
Gene::118611,C10orf90,Gene
Gene::118663,BTBD16,Gene
Gene::1187,CLCNKA,Gene
Gene::118738,ZNF488,Gene
Gene::1188,CLCNKB,Gene
Gene::118856,MMP21,Gene
Gene::118932,ANKRD22,Gene
Gene::118980,SFXN2,Gene
Gene::118987,PDZD8,Gene
Gene::119,ADD2,Gene
Gene::119032,C10orf32,Gene
Gene::1191,CLU,Gene
Gene::119180,LYZL2,Gene
Gene::1192,CLIC1,Gene
Gene::1193,CLIC2,Gene
Gene::119391,GSTO2,Gene
Gene::119392,SFR1,Gene
Gene::1195,CLK1,Gene
Gene::119504,ANAPC16,Gene
Gene::1196,CLK2,Gene
Gene::119695,OR52R1,Gene
Gene::119749,OR4C46,Gene
Gene::119765,OR4B1,Gene
Gene::119774,OR52K2,Gene
Gene::1198,CLK3,Gene
Gene::12,SERPINA3,Gene
Gene::120,ADD3,Gene
Gene::1200,TPP1,Gene
Gene::1201,CLN3,Gene
Gene::120103,SLC36A4,Gene
Gene::120114,FAT3,Gene
Gene::120224,TMEM45B,Gene
Gene::120227,CYP2R1,Gene
Gene::1203,CLN5,Gene
Gene::120400,NXPE1,Gene
Gene::120425,AMICA1,Gene
Gene::120526,DNAJC24,Gene
Gene::1207,CLNS1A,Gene
Gene::120892,LRRK2,Gene
Gene::1209,CLPTM1,Gene
Gene::121006,FAM186A,Gene
Gene::121053,C12orf45,Gene
Gene::1211,CLTA,Gene
Gene::1212,CLTB,Gene
Gene::121256,TMEM132D,Gene
Gene::121260,SLC15A4,Gene
Gene::121268,RHEBL1,Gene
Gene::121273,C12orf54,Gene
Gene::121274,ZNF641,Gene
Gene::121278,TPH2,Gene
Gene::1213,CLTC,Gene
Gene::121340,SP7,Gene
Gene::121441,NEDD1,Gene
Gene::121457,IKBIP,Gene
Gene::1215,CMA1,Gene
Gene::121506,ERP27,Gene
Gene::121551,BTBD11,Gene
Gene::121601,ANO4,Gene
Gene::121642,ALKBH2,Gene
Gene::121793,TEX29,Gene
Gene::122011,CSNK1A1L,Gene
Gene::122060,SLAIN1,Gene
Gene::122402,TDRD9,Gene
Gene::122416,ANKRD9,Gene
Gene::122525,C14orf28,Gene
Gene::122553,TRAPPC6B,Gene
Gene::122616,C14orf79,Gene
Gene::122618,PLD4,Gene
Gene::122622,ADSSL1,Gene
Gene::122664,TPPP2,Gene
Gene::122769,LRR1,Gene
Gene::122773,KLHDC1,Gene
Gene::122809,SOCS4,Gene
Gene::122876,GPHB5,Gene
Gene::122945,NOXRED1,Gene
Gene::123,PLIN2,Gene
Gene::1230,CCR1,Gene
Gene::123016,TTC8,Gene
Gene::123036,TC2N,Gene
Gene::123041,SLC24A4,Gene
Gene::123096,SLC25A29,Gene
Gene::123103,KLHL33,Gene
Gene::123169,LEO1,Gene
Gene::1232,CCR3,Gene
Gene::123207,C15orf40,Gene
Gene::123228,SENP8,Gene
Gene::123263,MTFMT,Gene
Gene::123264,SLC51B,Gene
Gene::1233,CCR4,Gene
Gene::1234,CCR5,Gene
Gene::1235,CCR6,Gene
Gene::1236,CCR7,Gene
Gene::123688,HYKK,Gene
Gene::1237,CCR8,Gene
Gene::123745,PLA2G4E,Gene
Gene::123775,C16orf46,Gene
Gene::1238,ACKR2,Gene
Gene::123803,NTAN1,Gene
Gene::123811,FOPNL,Gene
Gene::123872,DNAAF1,Gene
Gene::123876,ACSM2A,Gene
Gene::123904,NRN1L,Gene
Gene::123970,C16orf78,Gene
Gene::124,ADH1A,Gene
Gene::124044,SPATA2L,Gene
Gene::124056,NOXO1,Gene
Gene::1241,LTB4R,Gene
Gene::124220,ZG16B,Gene
Gene::124222,PAQR4,Gene
Gene::124359,CDYL2,Gene
Gene::1244,ABCC2,Gene
Gene::124402,UBALD1,Gene
Gene::124454,EARS2,Gene
Gene::124491,TMEM170A,Gene
Gene::124512,METTL23,Gene
Gene::124535,HSF5,Gene
Gene::124540,MSI2,Gene
Gene::124565,SLC38A10,Gene
Gene::124583,CANT1,Gene
Gene::124590,USH1G,Gene
Gene::124773,C17orf64,Gene
Gene::124801,LSM12,Gene
Gene::124808,CCDC43,Gene
Gene::124817,CNTD1,Gene
Gene::124930,ANKRD13B,Gene
Gene::124936,CYB5D2,Gene
Gene::124944,C17orf49,Gene
Gene::124961,ZFP3,Gene
Gene::124975,GGT6,Gene
Gene::124995,MRPL10,Gene
Gene::124997,WDR81,Gene
Gene::125,ADH1B,Gene
Gene::125058,TBC1D16,Gene
Gene::125061,AFMID,Gene
Gene::125113,KRT222,Gene
Gene::125115,KRT40,Gene
Gene::125150,ZSWIM7,Gene
Gene::125206,SLC5A10,Gene
Gene::1258,CNGB1,Gene
Gene::125893,ZNF816,Gene
Gene::1259,CNGA1,Gene
Gene::125919,ZNF543,Gene
Gene::125963,OR1M1,Gene
Gene::125972,CALR3,Gene
Gene::125997,MBD3L2,Gene
Gene::126,ADH1C,Gene
Gene::126003,TRAPPC5,Gene
Gene::126014,OSCAR,Gene
Gene::126069,ZNF491,Gene
Gene::126074,SWSAP1,Gene
Gene::1261,CNGA3,Gene
Gene::126123,IZUMO2,Gene
Gene::126129,CPT1C,Gene
Gene::126133,ALDH16A1,Gene
Gene::126208,ZNF787,Gene
Gene::126231,ZNF573,Gene
Gene::126298,IRGQ,Gene
Gene::126299,ZNF428,Gene
Gene::1263,PLK3,Gene
Gene::126306,JSRP1,Gene
Gene::126308,MOB3A,Gene
Gene::126321,MFSD12,Gene
Gene::126328,NDUFA11,Gene
Gene::126353,MISP,Gene
Gene::126364,LRRC25,Gene
Gene::126382,NR2C2AP,Gene
Gene::126393,HSPB6,Gene
Gene::1264,CNN1,Gene
Gene::126410,CYP4F22,Gene
Gene::126433,FBXO27,Gene
Gene::1265,CNN2,Gene
Gene::126567,C2CD4C,Gene
Gene::1266,CNN3,Gene
Gene::126669,SHE,Gene
Gene::1267,CNP,Gene
Gene::126731,CCSAP,Gene
Gene::126767,AADACL3,Gene
Gene::126789,PUSL1,Gene
Gene::1268,CNR1,Gene
Gene::126868,MAB21L3,Gene
Gene::1269,CNR2,Gene
Gene::126961,HIST2H3C,Gene
Gene::126969,SLC44A3,Gene
Gene::127,ADH4,Gene
Gene::1270,CNTF,Gene
Gene::127018,LYPLAL1,Gene
Gene::127066,OR14C36,Gene
Gene::1272,CNTN1,Gene
Gene::127247,ASB17,Gene
Gene::127253,TYW3,Gene
Gene::127255,LRRIQ3,Gene
Gene::127262,TPRG1L,Gene
Gene::127281,FAM213B,Gene
Gene::127435,PODN,Gene
Gene::127534,GJB4,Gene
Gene::127544,RNF19B,Gene
Gene::127602,DNAH14,Gene
Gene::127665,ZNF648,Gene
Gene::127670,TEDDM1,Gene
Gene::1277,COL1A1,Gene
Gene::127707,KLHDC7A,Gene
Gene::127733,UBXN10,Gene
Gene::127795,C1orf87,Gene
Gene::1278,COL1A2,Gene
Gene::127833,SYT2,Gene
Gene::127933,UHMK1,Gene
Gene::128,ADH5,Gene
Gene::1280,COL2A1,Gene
Gene::128061,C1orf131,Gene
Gene::1281,COL3A1,Gene
Gene::1282,COL4A1,Gene
Gene::128209,KLF17,Gene
Gene::128218,TMEM125,Gene
Gene::128229,TSACC,Gene
Gene::128239,IQGAP3,Gene
Gene::128360,OR10T2,Gene
Gene::128387,TATDN3,Gene
Gene::1284,COL4A2,Gene
Gene::128434,VSTM2L,Gene
Gene::1285,COL4A3,Gene
Gene::128553,TSHZ2,Gene
Gene::1286,COL4A4,Gene
Gene::128602,C20orf85,Gene
Gene::128611,ZNF831,Gene
Gene::128646,SIRPD,Gene
Gene::1287,COL4A5,Gene
Gene::128710,SLX4IP,Gene
Gene::1288,COL4A6,Gene
Gene::128861,BPIFA3,Gene
Gene::128866,CHMP4B,Gene
Gene::128869,PIGU,Gene
Gene::1289,COL5A1,Gene
Gene::128989,TANGO2,Gene
Gene::1290,COL5A2,Gene
Gene::129025,ZNF280A,Gene
Gene::129080,EMID1,Gene
Gene::1291,COL6A1,Gene
Gene::129138,ANKRD54,Gene
Gene::1292,COL6A2,Gene
Gene::1293,COL6A3,Gene
Gene::1294,COL7A1,Gene
Gene::129401,NUP35,Gene
Gene::1295,COL8A1,Gene
Gene::129530,LYG1,Gene
Gene::129563,DIS3L2,Gene
Gene::1296,COL8A2,Gene
Gene::129607,CMPK2,Gene
Gene::1297,COL9A1,Gene
Gene::129787,TMEM18,Gene
Gene::1298,COL9A2,Gene
Gene::129807,NEU4,Gene
Gene::129831,RBM45,Gene
Gene::129880,BBS5,Gene
Gene::1299,COL9A3,Gene
Gene::130,ADH6,Gene
Gene::1300,COL10A1,Gene
Gene::130026,ICA1L,Gene
Gene::130074,FAM168B,Gene
Gene::1301,COL11A1,Gene
Gene::130162,CLHC1,Gene
Gene::1303,COL12A1,Gene
Gene::130355,C2orf76,Gene
Gene::130399,ACVR1C,Gene
Gene::130507,UBR3,Gene
Gene::130540,ALS2CR12,Gene
Gene::130557,ZNF513,Gene
Gene::130574,LYPD6,Gene
Gene::130576,LYPD6B,Gene
Gene::130589,GALM,Gene
Gene::1306,COL15A1,Gene
Gene::1307,COL16A1,Gene
Gene::1308,COL17A1,Gene
Gene::130814,PQLC3,Gene
Gene::130827,TMEM182,Gene
Gene::130916,MTERF4,Gene
Gene::131,ADH7,Gene
Gene::131034,CPNE4,Gene
Gene::131076,CCDC58,Gene
Gene::131096,KCNH8,Gene
Gene::1311,COMP,Gene
Gene::131118,DNAJC19,Gene
Gene::131177,FAM3D,Gene
Gene::1312,COMT,Gene
Gene::131375,LYZL4,Gene
Gene::1314,COPA,Gene
Gene::131408,FAM131A,Gene
Gene::131450,CD200R1,Gene
Gene::131474,CHCHD4,Gene
Gene::1315,COPB1,Gene
Gene::131544,CRYBG3,Gene
Gene::131566,DCBLD2,Gene
Gene::131578,LRRC15,Gene
Gene::131583,FAM43A,Gene
Gene::1316,KLF6,Gene
Gene::131601,TPRA1,Gene
Gene::131669,UROC1,Gene
Gene::1317,SLC31A1,Gene
Gene::1318,SLC31A2,Gene
Gene::131831,ERICH6,Gene
Gene::131890,GRK7,Gene
Gene::131920,TMEM207,Gene
Gene::131965,METTL6,Gene
Gene::132,ADK,Gene
Gene::132001,TAMM41,Gene
Gene::132141,IQCF1,Gene
Gene::132160,PPM1M,Gene
Gene::132321,C4orf33,Gene
Gene::1325,CORT,Gene
Gene::1326,MAP3K8,Gene
Gene::132625,ZFP42,Gene
Gene::132671,SPATA18,Gene
Gene::1327,COX4I1,Gene
Gene::132724,TMPRSS11B,Gene
Gene::132789,GNPDA2,Gene
Gene::132884,EVC2,Gene
Gene::1329,COX5B,Gene
Gene::133,ADM,Gene
Gene::133396,IL31RA,Gene
Gene::133482,SLCO6A1,Gene
Gene::133522,PPARGC1B,Gene
Gene::133584,EGFLAM,Gene
Gene::133619,PRRC1,Gene
Gene::133686,NADK2,Gene
Gene::133688,UGT3A1,Gene
Gene::1337,COX6A1,Gene
Gene::133746,JMY,Gene
Gene::1339,COX6A2,Gene
Gene::133923,ZNF474,Gene
Gene::134,ADORA1,Gene
Gene::1340,COX6B1,Gene
Gene::134218,DNAJC21,Gene
Gene::134265,AFAP1L1,Gene
Gene::134353,LSM11,Gene
Gene::134430,WDR36,Gene
Gene::134492,NUDCD2,Gene
Gene::1345,COX6C,Gene
Gene::134526,ACOT12,Gene
Gene::1347,COX7A2,Gene
Gene::134728,IRAK1BP1,Gene
Gene::134860,TAAR9,Gene
Gene::134864,TAAR1,Gene
Gene::1349,COX7B,Gene
Gene::135,ADORA2A,Gene
Gene::1350,COX7C,Gene
Gene::1351,COX8A,Gene
Gene::135138,PACRG,Gene
Gene::135154,SDHAF4,Gene
Gene::1352,COX10,Gene
Gene::135228,CD109,Gene
Gene::1353,COX11,Gene
Gene::1356,CP,Gene
Gene::135644,TRIM40,Gene
Gene::1359,CPA3,Gene
Gene::136,ADORA2B,Gene
Gene::1360,CPB1,Gene
Gene::136051,ZNF786,Gene
Gene::1361,CPB2,Gene
Gene::1362,CPD,Gene
Gene::136227,COL26A1,Gene
Gene::136259,KLF14,Gene
Gene::136288,C7orf57,Gene
Gene::1363,CPE,Gene
Gene::136319,MTPN,Gene
Gene::1364,CLDN4,Gene
Gene::1365,CLDN3,Gene
Gene::1366,CLDN7,Gene
Gene::1368,CPM,Gene
Gene::136853,SSC4D,Gene
Gene::1369,CPN1,Gene
Gene::136991,ASZ1,Gene
Gene::1370,CPN2,Gene
Gene::137075,CLDN23,Gene
Gene::1371,CPOX,Gene
Gene::1373,CPS1,Gene
Gene::137392,FAM92A1,Gene
Gene::1374,CPT1A,Gene
Gene::1375,CPT1B,Gene
Gene::1376,CPT2,Gene
Gene::137682,NDUFAF6,Gene
Gene::137735,ABRA,Gene
Gene::137797,LYPD2,Gene
Gene::1378,CR1,Gene
Gene::137835,TMEM71,Gene
Gene::137868,SGCZ,Gene
Gene::137872,ADHFE1,Gene
Gene::137886,UBXN2B,Gene
Gene::1380,CR2,Gene
Gene::138046,RALYL,Gene
Gene::138050,HGSNAT,Gene
Gene::138065,RNF183,Gene
Gene::1381,CRABP1,Gene
Gene::138151,NACC2,Gene
Gene::138162,C9orf116,Gene
Gene::1382,CRABP2,Gene
Gene::1384,CRAT,Gene
Gene::1385,CREB1,Gene
Gene::1386,ATF2,Gene
Gene::1387,CREBBP,Gene
Gene::138715,ARID3C,Gene
Gene::138724,C9orf131,Gene
Gene::138799,OR13C5,Gene
Gene::138804,OR13C4,Gene
Gene::138881,OR1L8,Gene
Gene::1389,CREBL2,Gene
Gene::1390,CREM,Gene
Gene::139065,SLITRK4,Gene
Gene::139105,BEND2,Gene
Gene::1392,CRH,Gene
Gene::139231,FAM199X,Gene
Gene::139285,AMER1,Gene
Gene::1393,CRHBP,Gene
Gene::139322,APOOL,Gene
Gene::139378,ADGRG4,Gene
Gene::1394,CRHR1,Gene
Gene::139411,PTCHD1,Gene
Gene::1395,CRHR2,Gene
Gene::139562,OTUD6A,Gene
Gene::139596,UPRT,Gene
Gene::1396,CRIP1,Gene
Gene::139604,MAGEB16,Gene
Gene::139628,FOXR2,Gene
Gene::1397,CRIP2,Gene
Gene::139760,GPR119,Gene
Gene::1398,CRK,Gene
Gene::139886,SPIN4,Gene
Gene::1399,CRKL,Gene
Gene::140,ADORA3,Gene
Gene::1400,CRMP1,Gene
Gene::140032,RPS4Y2,Gene
Gene::1401,CRP,Gene
Gene::140258,KRTAP13-1,Gene
Gene::1404,HAPLN1,Gene
Gene::140432,RNF113B,Gene
Gene::140458,ASB5,Gene
Gene::140459,ASB6,Gene
Gene::140460,ASB7,Gene
Gene::140461,ASB8,Gene
Gene::140462,ASB9,Gene
Gene::140465,MYL6B,Gene
Gene::140467,ZNF358,Gene
Gene::140576,S100A16,Gene
Gene::140578,CHODL,Gene
Gene::140606,SELM,Gene
Gene::140625,ACTRT2,Gene
Gene::140679,SLC32A1,Gene
Gene::140680,C20orf96,Gene
Gene::140688,NOL4L,Gene
Gene::140690,CTCFL,Gene
Gene::140691,TRIM69,Gene
Gene::140699,MROH8,Gene
Gene::1407,CRY1,Gene
Gene::140701,ABHD16B,Gene
Gene::140706,CCM2L,Gene
Gene::140707,BRI3BP,Gene
Gene::140710,SOGA1,Gene
Gene::140711,TLDC2,Gene
Gene::140730,RIMS4,Gene
Gene::140731,ANKRD60,Gene
Gene::140733,MACROD2,Gene
Gene::140739,UBE2F,Gene
Gene::140775,SMCR8,Gene
Gene::1408,CRY2,Gene
Gene::140807,KRT72,Gene
Gene::140809,SRXN1,Gene
Gene::140836,BANF2,Gene
Gene::140838,NANP,Gene
Gene::140870,WFDC6,Gene
Gene::140873,C20orf173,Gene
Gene::140876,FAM65C,Gene
Gene::140883,ZNF280B,Gene
Gene::140885,SIRPA,Gene
Gene::140886,PABPC5,Gene
Gene::140890,SREK1,Gene
Gene::140893,RBBP8NL,Gene
Gene::140894,CNBD2,Gene
Gene::1409,CRYAA,Gene
Gene::140901,STK35,Gene
Gene::140947,DCANP1,Gene
Gene::141,ADPRH,Gene
Gene::1410,CRYAB,Gene
Gene::1411,CRYBA1,Gene
Gene::1412,CRYBA2,Gene
Gene::1418,CRYGA,Gene
Gene::142,PARP1,Gene
Gene::142679,DUSP19,Gene
Gene::142680,SLC34A3,Gene
Gene::142684,RAB40A,Gene
Gene::142685,ASB15,Gene
Gene::1428,CRYM,Gene
Gene::142827,ACSM6,Gene
Gene::1429,CRYZ,Gene
Gene::142910,LIPJ,Gene
Gene::1431,CS,Gene
Gene::143187,VTI1A,Gene
Gene::1432,MAPK14,Gene
Gene::143279,HECTD2,Gene
Gene::1434,CSE1L,Gene
Gene::143458,LDLRAD3,Gene
Gene::1435,CSF1,Gene
Gene::143570,XRRA1,Gene
Gene::1436,CSF1R,Gene
Gene::143662,MUC15,Gene
Gene::1437,CSF2,Gene
Gene::1438,CSF2RA,Gene
Gene::143884,CWF19L2,Gene
Gene::143888,KDELC2,Gene
Gene::1439,CSF2RB,Gene
Gene::143903,LAYN,Gene
Gene::1440,CSF3,Gene
Gene::1441,CSF3R,Gene
Gene::144100,PLEKHA7,Gene
Gene::144108,SPTY2D1,Gene
Gene::144132,DNHD1,Gene
Gene::144165,PRICKLE1,Gene
Gene::144193,AMDHD1,Gene
Gene::144195,SLC2A14,Gene
Gene::144245,ALG10B,Gene
Gene::144347,FAM101A,Gene
Gene::144363,LYRM5,Gene
Gene::1444,CSHL1,Gene
Gene::144402,CPNE8,Gene
Gene::144404,TMEM120B,Gene
Gene::144423,GLT1D1,Gene
Gene::144448,TSPAN19,Gene
Gene::144453,BEST3,Gene
Gene::144455,E2F7,Gene
Gene::1445,CSK,Gene
Gene::144568,A2ML1,Gene
Gene::144577,C12orf66,Gene
Gene::144608,C12orf60,Gene
Gene::144699,FBXL14,Gene
Gene::144809,FAM216B,Gene
Gene::144811,LACC1,Gene
Gene::144983,HNRNPA1L2,Gene
Gene::145173,B3GLCT,Gene
Gene::1452,CSNK1A1,Gene
Gene::145226,RDH12,Gene
Gene::145258,GSC,Gene
Gene::145264,SERPINA12,Gene
Gene::145270,PRIMA1,Gene
Gene::1453,CSNK1D,Gene
Gene::145376,PPP1R36,Gene
Gene::145389,SLC38A6,Gene
Gene::1454,CSNK1E,Gene
Gene::145407,C14orf37,Gene
Gene::145482,PTGR2,Gene
Gene::145497,LRRC74A,Gene
Gene::1455,CSNK1G2,Gene
Gene::145581,LRFN5,Gene
Gene::1456,CSNK1G3,Gene
Gene::1457,CSNK2A1,Gene
Gene::145741,C2CD4A,Gene
Gene::145781,GCOM1,Gene
Gene::145788,C15orf65,Gene
Gene::145814,PGPEP1L,Gene
Gene::145853,C15orf61,Gene
Gene::145864,HAPLN3,Gene
Gene::1459,CSNK2A2,Gene
Gene::145942,TMCO5A,Gene
Gene::145946,SPATA8,Gene
Gene::145957,NRG4,Gene
Gene::146,ADRA1D,Gene
Gene::1460,CSNK2B,Gene
Gene::146059,CDAN1,Gene
Gene::146177,VWA3A,Gene
Gene::146198,ZFP90,Gene
Gene::1462,VCAN,Gene
Gene::146223,CMTM4,Gene
Gene::146225,CMTM2,Gene
Gene::146279,TEKT5,Gene
Gene::1463,NCAN,Gene
Gene::1464,CSPG4,Gene
Gene::146433,IL34,Gene
Gene::1465,CSRP1,Gene
Gene::146556,C16orf89,Gene
Gene::146664,MGAT5B,Gene
Gene::146691,TOM1L2,Gene
Gene::146712,B3GNTL1,Gene
Gene::146754,DNAH2,Gene
Gene::146760,RTN4RL1,Gene
Gene::1468,SLC25A10,Gene
Gene::146802,SLC47A2,Gene
Gene::146894,CD300LG,Gene
Gene::1469,CST1,Gene
Gene::146909,KIF18B,Gene
Gene::147,ADRA1B,Gene
Gene::1470,CST2,Gene
Gene::147007,TMEM199,Gene
Gene::147015,DHRS13,Gene
Gene::147040,KCTD11,Gene
Gene::1471,CST3,Gene
Gene::147179,WIPF2,Gene
Gene::147184,TMEM99,Gene
Gene::1472,CST4,Gene
Gene::147323,STARD6,Gene
Gene::147339,C18orf25,Gene
Gene::147372,CCBE1,Gene
Gene::147381,CBLN2,Gene
Gene::1474,CST6,Gene
Gene::147463,ANKRD29,Gene
Gene::147495,APCDD1,Gene
Gene::1475,CSTA,Gene
Gene::1476,CSTB,Gene
Gene::147646,C19orf84,Gene
Gene::147657,ZNF480,Gene
Gene::147670,SMIM17,Gene
Gene::147694,ZNF548,Gene
Gene::147699,PPM1N,Gene
Gene::1477,CSTF1,Gene
Gene::147746,HIPK4,Gene
Gene::1478,CSTF2,Gene
Gene::147837,ZNF563,Gene
Gene::1479,CSTF3,Gene
Gene::147906,DACT3,Gene
Gene::147912,SIX5,Gene
Gene::147920,IGFL2,Gene
Gene::147923,ZNF420,Gene
Gene::147929,ZNF565,Gene
Gene::147945,NLRP4,Gene
Gene::148,ADRA1A,Gene
Gene::148014,TTC9B,Gene
Gene::148022,TICAM1,Gene
Gene::148113,CILP2,Gene
Gene::1482,NKX2-5,Gene
Gene::148223,C19orf25,Gene
Gene::148229,ATP8B3,Gene
Gene::148327,CREB3L4,Gene
Gene::148345,C1orf127,Gene
Gene::148418,SAMD13,Gene
Gene::148423,C1orf52,Gene
Gene::1485,CTAG1B,Gene
Gene::148534,TMEM56,Gene
Gene::1486,CTBS,Gene
Gene::1487,CTBP1,Gene
Gene::148738,HFE2,Gene
Gene::148741,ANKRD35,Gene
Gene::148753,FAM163A,Gene
Gene::1488,CTBP2,Gene
Gene::148808,MFSD4,Gene
Gene::148867,SLC30A7,Gene
Gene::1489,CTF1,Gene
Gene::148932,MOB3C,Gene
Gene::1490,CTGF,Gene
Gene::149041,RC3H1,Gene
Gene::149095,DCST1,Gene
Gene::1491,CTH,Gene
Gene::149111,CNIH3,Gene
Gene::149233,IL23R,Gene
Gene::1493,CTLA4,Gene
Gene::149466,C1orf210,Gene
Gene::149473,CCDC24,Gene
Gene::149483,CCDC17,Gene
Gene::149499,LRRC71,Gene
Gene::1495,CTNNA1,Gene
Gene::149563,C1orf64,Gene
Gene::1496,CTNNA2,Gene
Gene::149603,RNF187,Gene
Gene::149628,PYHIN1,Gene
Gene::149699,GTSF1L,Gene
Gene::1497,CTNS,Gene
Gene::1499,CTNNB1,Gene
Gene::15,AANAT,Gene
Gene::150,ADRA2A,Gene
Gene::1500,CTNND1,Gene
Gene::150084,IGSF5,Gene
Gene::150094,SIK1,Gene
Gene::1501,CTNND2,Gene
Gene::150209,AIFM3,Gene
Gene::150223,YDJC,Gene
Gene::150274,HSCB,Gene
Gene::150275,CCDC117,Gene
Gene::150290,DUSP18,Gene
Gene::150297,C22orf42,Gene
Gene::1503,CTPS1,Gene
Gene::150365,MEI1,Gene
Gene::150465,TTL,Gene
Gene::1506,CTRL,Gene
Gene::150677,OTOS,Gene
Gene::150696,PROM2,Gene
Gene::1508,CTSB,Gene
Gene::150864,FAM117B,Gene
Gene::1509,CTSD,Gene
Gene::150962,PUS10,Gene
Gene::151,ADRA2B,Gene
Gene::1510,CTSE,Gene
Gene::151011,SEPT10,Gene
Gene::151056,PLB1,Gene
Gene::1511,CTSG,Gene
Gene::151112,ZSWIM2,Gene
Gene::151126,ZNF385B,Gene
Gene::151188,ARL6IP6,Gene
Gene::1512,CTSH,Gene
Gene::151246,SGOL2,Gene
Gene::151295,SLC23A3,Gene
Gene::1513,CTSK,Gene
Gene::151313,FAHD2B,Gene
Gene::151354,FAM84A,Gene
Gene::1514,CTSL,Gene
Gene::151473,SLC16A14,Gene
Gene::1515,CTSV,Gene
Gene::151516,ASPRV1,Gene
Gene::151525,WDSUB1,Gene
Gene::151531,UPP2,Gene
Gene::151556,GPR155,Gene
Gene::151636,DTX3L,Gene
Gene::151647,FAM19A4,Gene
Gene::151742,PPM1L,Gene
Gene::151835,CPNE9,Gene
Gene::151887,CCDC80,Gene
Gene::151888,BTLA,Gene
Gene::1519,CTSO,Gene
Gene::151903,CCDC12,Gene
Gene::152,ADRA2C,Gene
Gene::1520,CTSS,Gene
Gene::152002,XXYLT1,Gene
Gene::152007,GLIPR2,Gene
Gene::152065,C3orf22,Gene
Gene::1521,CTSW,Gene
Gene::152100,CMC1,Gene
Gene::1522,CTSZ,Gene
Gene::152273,FGD5,Gene
Gene::152286,LOC152286,Gene
Gene::1523,CUX1,Gene
Gene::152330,CNTN4,Gene
Gene::1524,CX3CR1,Gene
Gene::152404,IGSF11,Gene
Gene::152405,C3orf30,Gene
Gene::1525,CXADR,Gene
Gene::152503,SH3D19,Gene
Gene::152518,NFXL1,Gene
Gene::152559,PAQR3,Gene
Gene::152586,MGAT4D,Gene
Gene::152789,JAKMIP1,Gene
Gene::1528,CYB5A,Gene
Gene::152815,THAP6,Gene
Gene::152831,KLB,Gene
Gene::152926,PPM1K,Gene
Gene::153,ADRB1,Gene
Gene::153020,RASGEF1B,Gene
Gene::153090,DAB2IP,Gene
Gene::153129,SLC38A9,Gene
Gene::153201,SLC36A2,Gene
Gene::153222,CREBRF,Gene
Gene::153339,TMEM167A,Gene
Gene::153396,TMEM161B,Gene
Gene::1534,CYB561,Gene
Gene::1535,CYBA,Gene
Gene::153527,ZMAT2,Gene
Gene::153562,MARVELD2,Gene
Gene::153579,BTNL9,Gene
Gene::1536,CYBB,Gene
Gene::153643,FAM81B,Gene
Gene::153682,LOC153682,Gene
Gene::1537,CYC1,Gene
Gene::153733,CCDC112,Gene
Gene::153768,PRELID2,Gene
Gene::153769,SH3RF2,Gene
Gene::1538,CYLC1,Gene
Gene::153830,RNF145,Gene
Gene::1539,CYLC2,Gene
Gene::153918,ZC2HC1B,Gene
Gene::154,ADRB2,Gene
Gene::1540,CYLD,Gene
Gene::154043,CNKSR3,Gene
Gene::154064,RAET1L,Gene
Gene::154075,SAMD3,Gene
Gene::154091,SLC2A12,Gene
Gene::154141,MBOAT1,Gene
Gene::154214,RNF217,Gene
Gene::154288,KHDC3L,Gene
Gene::1543,CYP1A1,Gene
Gene::154313,C6orf165,Gene
Gene::1544,CYP1A2,Gene
Gene::154467,CCDC167,Gene
Gene::1545,CYP1B1,Gene
Gene::154661,RUNDC3B,Gene
Gene::154664,ABCA13,Gene
Gene::154796,AMOT,Gene
Gene::1548,CYP2A6,Gene
Gene::154807,VKORC1L1,Gene
Gene::1549,CYP2A7,Gene
Gene::155,ADRB3,Gene
Gene::155061,ZNF746,Gene
Gene::155066,ATP6V0E2,Gene
Gene::1551,CYP3A7,Gene
Gene::155184,SLC2A7,Gene
Gene::1553,CYP2A13,Gene
Gene::155368,WBSCR27,Gene
Gene::155382,VPS37D,Gene
Gene::155435,RBM33,Gene
Gene::1555,CYP2B6,Gene
Gene::1557,CYP2C19,Gene
Gene::1558,CYP2C8,Gene
Gene::1559,CYP2C9,Gene
Gene::156,ADRBK1,Gene
Gene::1562,CYP2C18,Gene
Gene::1565,CYP2D6,Gene
Gene::157,ADRBK2,Gene
Gene::1571,CYP2E1,Gene
Gene::157285,SGK223,Gene
Gene::1573,CYP2J2,Gene
Gene::157310,PEBP4,Gene
Gene::157313,CDCA2,Gene
Gene::157503,LOC157503,Gene
Gene::157506,RDH10,Gene
Gene::157567,ANKRD46,Gene
Gene::1576,CYP3A4,Gene
Gene::157638,FAM84B,Gene
Gene::157680,VPS13B,Gene
Gene::1577,CYP3A5,Gene
Gene::157724,SLC7A13,Gene
Gene::157777,MCMDC2,Gene
Gene::157807,CLVS1,Gene
Gene::157869,SBSPON,Gene
Gene::1579,CYP4A11,Gene
Gene::157922,CAMSAP1,Gene
Gene::158,ADSL,Gene
Gene::1580,CYP4B1,Gene
Gene::158038,LINGO2,Gene
Gene::158056,MAMDC4,Gene
Gene::1581,CYP7A1,Gene
Gene::158135,TTLL11,Gene
Gene::1582,CYP8B1,Gene
Gene::158248,TTC16,Gene
Gene::158297,SAXO1,Gene
Gene::1583,CYP11A1,Gene
Gene::1584,CYP11B1,Gene
Gene::158431,ZNF782,Gene
Gene::158471,PRUNE2,Gene
Gene::1585,CYP11B2,Gene
Gene::158511,CSAG1,Gene
Gene::158584,FAAH2,Gene
Gene::1586,CYP17A1,Gene
Gene::158747,MOSPD2,Gene
Gene::1588,CYP19A1,Gene
Gene::158830,CXorf65,Gene
Gene::1589,CYP21A2,Gene
Gene::158983,H2BFWT,Gene
Gene::159,ADSS,Gene
Gene::1591,CYP24A1,Gene
Gene::159119,HSFY2,Gene
Gene::159195,USP54,Gene
Gene::1592,CYP26A1,Gene
Gene::159296,NKX2-3,Gene
Gene::1593,CYP27A1,Gene
Gene::1594,CYP27B1,Gene
Gene::1595,CYP51A1,Gene
Gene::16,AARS,Gene
Gene::160,AP2A1,Gene
Gene::1600,DAB1,Gene
Gene::160065,PATE1,Gene
Gene::1601,DAB2,Gene
Gene::1602,DACH1,Gene
Gene::1603,DAD1,Gene
Gene::160335,TMTC2,Gene
Gene::160364,CLEC12A,Gene
Gene::160365,CLECL1,Gene
Gene::1604,CD55,Gene
Gene::160419,C12orf50,Gene
Gene::160428,ALDH1L2,Gene
Gene::1605,DAG1,Gene
Gene::160518,DENND5B,Gene
Gene::1606,DGKA,Gene
Gene::160728,SLC5A8,Gene
Gene::160760,PPTC7,Gene
Gene::160762,CCDC63,Gene
Gene::160777,CCDC60,Gene
Gene::1608,DGKG,Gene
Gene::160851,DGKH,Gene
Gene::160897,GPR180,Gene
Gene::1609,DGKQ,Gene
Gene::1610,DAO,Gene
Gene::1611,DAP,Gene
Gene::161142,FAM71D,Gene
Gene::161176,SYNE3,Gene
Gene::161198,CLEC14A,Gene
Gene::1612,DAPK1,Gene
Gene::161247,FITM1,Gene
Gene::161291,TMEM30B,Gene
Gene::1613,DAPK3,Gene
Gene::161357,MDGA2,Gene
Gene::161394,SAMD15,Gene
Gene::161424,NOP9,Gene
Gene::161497,STRC,Gene
Gene::1615,DARS,Gene
Gene::161502,C15orf26,Gene
Gene::161514,TBC1D21,Gene
Gene::1616,DAXX,Gene
Gene::1617,DAZ1,Gene
Gene::161753,ODF3L1,Gene
Gene::1618,DAZL,Gene
Gene::161823,ADAL,Gene
Gene::161829,EXD1,Gene
Gene::161835,FSIP1,Gene
Gene::161882,ZFPM1,Gene
Gene::162,AP1B1,Gene
Gene::1620,BRINP1,Gene
Gene::162073,ITPRIPL2,Gene
Gene::1621,DBH,Gene
Gene::1622,DBI,Gene
Gene::162282,ANKFN1,Gene
Gene::162394,SLFN5,Gene
Gene::162427,FAM134C,Gene
Gene::162466,PHOSPHO1,Gene
Gene::162514,TRPV3,Gene
Gene::162517,FBXO39,Gene
Gene::162605,KRT28,Gene
Gene::162681,C18orf54,Gene
Gene::1627,DBN1,Gene
Gene::1628,DBP,Gene
Gene::1629,DBT,Gene
Gene::162963,ZNF610,Gene
Gene::162979,ZNF296,Gene
Gene::1630,DCC,Gene
Gene::163033,ZNF579,Gene
Gene::163131,ZNF780B,Gene
Gene::163175,LGI4,Gene
Gene::163183,SYNE4,Gene
Gene::1632,ECI1,Gene
Gene::1633,DCK,Gene
Gene::163351,GBP6,Gene
Gene::1634,DCN,Gene
Gene::163486,DENND1B,Gene
Gene::1635,DCTD,Gene
Gene::1636,ACE,Gene
Gene::163702,IFNLR1,Gene
Gene::163732,CITED4,Gene
Gene::163786,SASS6,Gene
Gene::1638,DCT,Gene
Gene::163859,SDE2,Gene
Gene::163882,CNST,Gene
Gene::1639,DCTN1,Gene
Gene::164,AP1G1,Gene
Gene::164045,HFM1,Gene
Gene::1641,DCX,Gene
Gene::164118,TTC24,Gene
Gene::164153,UBL4B,Gene
Gene::1642,DDB1,Gene
Gene::164284,APCDD1L,Gene
Gene::1643,DDB2,Gene
Gene::164395,TTLL9,Gene
Gene::1644,DDC,Gene
Gene::1645,AKR1C1,Gene
Gene::1646,AKR1C2,Gene
Gene::164633,CABP7,Gene
Gene::164656,TMPRSS6,Gene
Gene::164684,WBP2NL,Gene
Gene::1647,GADD45A,Gene
Gene::164832,LONRF2,Gene
Gene::1649,DDIT3,Gene
Gene::1650,DDOST,Gene
Gene::165055,CCDC138,Gene
Gene::1652,DDT,Gene
Gene::1653,DDX1,Gene
Gene::1654,DDX3X,Gene
Gene::1655,DDX5,Gene
Gene::165530,CLEC4F,Gene
Gene::1656,DDX6,Gene
Gene::165679,SPTSSB,Gene
Gene::1657,DMXL1,Gene
Gene::165829,GPR156,Gene
Gene::1659,DHX8,Gene
Gene::165918,RNF168,Gene
Gene::166,AES,Gene
Gene::1660,DHX9,Gene
Gene::166012,CHST13,Gene
Gene::1662,DDX10,Gene
Gene::1663,DDX11,Gene
Gene::166336,PRICKLE2,Gene
Gene::166378,SPATA5,Gene
Gene::166379,BBS12,Gene
Gene::1665,DHX15,Gene
Gene::1666,DECR1,Gene
Gene::166647,ADGRA3,Gene
Gene::1667,DEFA1,Gene
Gene::166785,MMAA,Gene
Gene::1668,DEFA3,Gene
Gene::1669,DEFA4,Gene
Gene::166979,CDC20B,Gene
Gene::1670,DEFA5,Gene
Gene::1671,DEFA6,Gene
Gene::1672,DEFB1,Gene
Gene::167227,DCP2,Gene
Gene::1673,DEFB4A,Gene
Gene::167359,NIM1K,Gene
Gene::1674,DES,Gene
Gene::167465,ZNF366,Gene
Gene::1675,CFD,Gene
Gene::167555,FAM151B,Gene
Gene::1676,DFFA,Gene
Gene::1677,DFFB,Gene
Gene::1678,TIMM8A,Gene
Gene::167826,OLIG3,Gene
Gene::168002,DACT2,Gene
Gene::168090,C6orf118,Gene
Gene::168391,GALNTL5,Gene
Gene::168400,DDX53,Gene
Gene::168455,CCDC71L,Gene
Gene::168544,ZNF467,Gene
Gene::1687,DFNA5,Gene
Gene::168850,ZNF800,Gene
Gene::169026,SLC30A8,Gene
Gene::169044,COL22A1,Gene
Gene::169522,KCNV2,Gene
Gene::169611,OLFML2A,Gene
Gene::169714,QSOX2,Gene
Gene::169792,GLIS3,Gene
Gene::169834,ZNF883,Gene
Gene::169981,SPIN3,Gene
Gene::170302,ARX,Gene
Gene::170393,C10orf91,Gene
Gene::170394,PWWP2B,Gene
Gene::170482,CLEC4C,Gene
Gene::170572,HTR3C,Gene
Gene::170575,GIMAP1,Gene
Gene::170589,GPHA2,Gene
Gene::170622,COMMD6,Gene
Gene::170627,XAGE5,Gene
Gene::170679,PSORS1C1,Gene
Gene::170680,PSORS1C2,Gene
Gene::170689,ADAMTS15,Gene
Gene::170690,ADAMTS16,Gene
Gene::170691,ADAMTS17,Gene
Gene::170692,ADAMTS18,Gene
Gene::170850,KCNG3,Gene
Gene::170959,ZNF431,Gene
Gene::170960,ZNF721,Gene
Gene::171017,ZNF384,Gene
Gene::171019,ADAMTS19,Gene
Gene::171023,ASXL1,Gene
Gene::171024,SYNPO2,Gene
Gene::171169,SPACA4,Gene
Gene::171389,NLRP6,Gene
Gene::171425,CLYBL,Gene
Gene::171546,SPTSSA,Gene
Gene::171558,PTCRA,Gene
Gene::171586,ABHD3,Gene
Gene::1716,DGUOK,Gene
Gene::1717,DHCR7,Gene
Gene::1718,DHCR24,Gene
Gene::1719,DHFR,Gene
Gene::1723,DHODH,Gene
Gene::1725,DHPS,Gene
Gene::1727,CYB5R3,Gene
Gene::1728,NQO1,Gene
Gene::173,AFM,Gene
Gene::1730,DIAPH2,Gene
Gene::1731,SEPT1,Gene
Gene::1733,DIO1,Gene
Gene::1734,DIO2,Gene
Gene::1736,DKC1,Gene
Gene::1737,DLAT,Gene
Gene::1738,DLD,Gene
Gene::1739,DLG1,Gene
Gene::174,AFP,Gene
Gene::1740,DLG2,Gene
Gene::1741,DLG3,Gene
Gene::1742,DLG4,Gene
Gene::1745,DLX1,Gene
Gene::1746,DLX2,Gene
Gene::1747,DLX3,Gene
Gene::1748,DLX4,Gene
Gene::1749,DLX5,Gene
Gene::175,AGA,Gene
Gene::1755,DMBT1,Gene
Gene::1756,DMD,Gene
Gene::1757,SARDH,Gene
Gene::1759,DNM1,Gene
Gene::176,ACAN,Gene
Gene::1760,DMPK,Gene
Gene::1761,DMRT1,Gene
Gene::1762,DMWD,Gene
Gene::1763,DNA2,Gene
Gene::1767,DNAH5,Gene
Gene::1768,DNAH6,Gene
Gene::1769,DNAH8,Gene
Gene::177,AGER,Gene
Gene::1773,DNASE1,Gene
Gene::1774,DNASE1L1,Gene
Gene::1775,DNASE1L2,Gene
Gene::1776,DNASE1L3,Gene
Gene::1777,DNASE2,Gene
Gene::1778,DYNC1H1,Gene
Gene::178,AGL,Gene
Gene::1781,DYNC1I2,Gene
Gene::1783,DYNC1LI2,Gene
Gene::1785,DNM2,Gene
Gene::1786,DNMT1,Gene
Gene::1787,TRDMT1,Gene
Gene::1788,DNMT3A,Gene
Gene::1789,DNMT3B,Gene
Gene::1791,DNTT,Gene
Gene::1793,DOCK1,Gene
Gene::1794,DOCK2,Gene
Gene::1795,DOCK3,Gene
Gene::1796,DOK1,Gene
Gene::1797,DXO,Gene
Gene::1798,DPAGT1,Gene
Gene::18,ABAT,Gene
Gene::1800,DPEP1,Gene
Gene::1802,DPH2,Gene
Gene::1803,DPP4,Gene
Gene::1804,DPP6,Gene
Gene::1805,DPT,Gene
Gene::1806,DPYD,Gene
Gene::1807,DPYS,Gene
Gene::1808,DPYSL2,Gene
Gene::1809,DPYSL3,Gene
Gene::181,AGRP,Gene
Gene::1810,DR1,Gene
Gene::1811,SLC26A3,Gene
Gene::1812,DRD1,Gene
Gene::1813,DRD2,Gene
Gene::1814,DRD3,Gene
Gene::1815,DRD4,Gene
Gene::1816,DRD5,Gene
Gene::1819,DRG2,Gene
Gene::182,JAG1,Gene
Gene::1820,ARID3A,Gene
Gene::1822,ATN1,Gene
Gene::1823,DSC1,Gene
Gene::1824,DSC2,Gene
Gene::1825,DSC3,Gene
Gene::1827,RCAN1,Gene
Gene::1828,DSG1,Gene
Gene::1829,DSG2,Gene
Gene::183,AGT,Gene
Gene::1830,DSG3,Gene
Gene::1831,TSC22D3,Gene
Gene::1832,DSP,Gene
Gene::1833,EPYC,Gene
Gene::1834,DSPP,Gene
Gene::1836,SLC26A2,Gene
Gene::1837,DTNA,Gene
Gene::1839,HBEGF,Gene
Gene::1840,DTX1,Gene
Gene::1841,DTYMK,Gene
Gene::1842,ECM2,Gene
Gene::1843,DUSP1,Gene
Gene::1844,DUSP2,Gene
Gene::1845,DUSP3,Gene
Gene::1846,DUSP4,Gene
Gene::1847,DUSP5,Gene
Gene::1848,DUSP6,Gene
Gene::1849,DUSP7,Gene
Gene::185,AGTR1,Gene
Gene::1850,DUSP8,Gene
Gene::1854,DUT,Gene
Gene::1855,DVL1,Gene
Gene::1856,DVL2,Gene
Gene::1859,DYRK1A,Gene
Gene::186,AGTR2,Gene
Gene::1861,TOR1A,Gene
Gene::1869,E2F1,Gene
Gene::187,APLNR,Gene
Gene::1870,E2F2,Gene
Gene::1871,E2F3,Gene
Gene::1874,E2F4,Gene
Gene::1875,E2F5,Gene
Gene::1879,EBF1,Gene
Gene::1880,GPR183,Gene
Gene::1889,ECE1,Gene
Gene::189,AGXT,Gene
Gene::1890,TYMP,Gene
Gene::1891,ECH1,Gene
Gene::1892,ECHS1,Gene
Gene::1893,ECM1,Gene
Gene::1894,ECT2,Gene
Gene::1896,EDA,Gene
Gene::19,ABCA1,Gene
Gene::190,NR0B1,Gene
Gene::1901,S1PR1,Gene
Gene::1902,LPAR1,Gene
Gene::1903,S1PR3,Gene
Gene::1906,EDN1,Gene
Gene::1907,EDN2,Gene
Gene::1908,EDN3,Gene
Gene::1909,EDNRA,Gene
Gene::191,AHCY,Gene
Gene::1910,EDNRB,Gene
Gene::1911,PHC1,Gene
Gene::1912,PHC2,Gene
Gene::1915,EEF1A1,Gene
Gene::191585,PLAC4,Gene
Gene::1917,EEF1A2,Gene
Gene::192111,PGAM5,Gene
Gene::192286,HIGD2A,Gene
Gene::192666,KRT24,Gene
Gene::192669,AGO3,Gene
Gene::192683,SCAMP5,Gene
Gene::1933,EEF1B2,Gene
Gene::1936,EEF1D,Gene
Gene::1937,EEF1G,Gene
Gene::1938,EEF2,Gene
Gene::1939,EIF2D,Gene
Gene::1942,EFNA1,Gene
Gene::1944,EFNA3,Gene
Gene::1946,EFNA5,Gene
Gene::1947,EFNB1,Gene
Gene::1948,EFNB2,Gene
Gene::1950,EGF,Gene
Gene::1951,CELSR3,Gene
Gene::1952,CELSR2,Gene
Gene::1953,MEGF6,Gene
Gene::1954,MEGF8,Gene
Gene::1955,MEGF9,Gene
Gene::1956,EGFR,Gene
Gene::1958,EGR1,Gene
Gene::195828,ZNF367,Gene
Gene::1959,EGR2,Gene
Gene::196,AHR,Gene
Gene::1960,EGR3,Gene
Gene::1962,EHHADH,Gene
Gene::196383,RILPL2,Gene
Gene::1964,EIF1AX,Gene
Gene::196403,DTX3,Gene
Gene::196441,ZFC3H1,Gene
Gene::196483,EEF2KMT,Gene
Gene::1965,EIF2S1,Gene
Gene::196527,ANO6,Gene
Gene::196528,ARID2,Gene
Gene::1967,EIF2B1,Gene
Gene::196743,PAOX,Gene
Gene::1969,EPHA2,Gene
Gene::196993,CT62,Gene
Gene::197,AHSG,Gene
Gene::197021,LCTL,Gene
Gene::197131,UBR1,Gene
Gene::197257,LDHD,Gene
Gene::197259,MLKL,Gene
Gene::1973,EIF4A1,Gene
Gene::197342,EME2,Gene
Gene::197370,NSMCE1,Gene
Gene::1974,EIF4A2,Gene
Gene::197407,ZNF48,Gene
Gene::1975,EIF4B,Gene
Gene::1977,EIF4E,Gene
Gene::1978,EIF4EBP1,Gene
Gene::1979,EIF4EBP2,Gene
Gene::1981,EIF4G1,Gene
Gene::1982,EIF4G2,Gene
Gene::1983,EIF5,Gene
Gene::1984,EIF5A,Gene
Gene::198437,LKAAEAR1,Gene
Gene::199,AIF1,Gene
Gene::1990,CELA1,Gene
Gene::1991,ELANE,Gene
Gene::1992,SERPINB1,Gene
Gene::199223,TTC21A,Gene
Gene::1993,ELAVL2,Gene
Gene::1994,ELAVL1,Gene
Gene::1995,ELAVL3,Gene
Gene::1996,ELAVL4,Gene
Gene::199675,MCEMP1,Gene
Gene::199699,DAND5,Gene
Gene::1997,ELF1,Gene
Gene::199713,NLRP7,Gene
Gene::199720,GGN,Gene
Gene::199745,THAP8,Gene
Gene::199786,FAM129C,Gene
Gene::1998,ELF2,Gene
Gene::199857,ALG14,Gene
Gene::1999,ELF3,Gene
Gene::199920,C1orf168,Gene
Gene::199953,TMEM201,Gene
Gene::199974,CYP4Z1,Gene
Gene::199990,FAAP20,Gene
Gene::2,A2M,Gene
Gene::20,ABCA2,Gene
Gene::2000,ELF4,Gene
Gene::200014,CC2D1B,Gene
Gene::200081,TXLNA,Gene
Gene::200150,PLD5,Gene
Gene::200186,CRTC2,Gene
Gene::2002,ELK1,Gene
Gene::200232,FAM209A,Gene
Gene::200315,APOBEC3A,Gene
Gene::200316,APOBEC3F,Gene
Gene::200373,CFAP221,Gene
Gene::2004,ELK3,Gene
Gene::200403,VWA3B,Gene
Gene::200424,TET3,Gene
Gene::2005,ELK4,Gene
Gene::200504,GKN2,Gene
Gene::200523,TEX37,Gene
Gene::200539,ANKRD23,Gene
Gene::200576,PIKFYVE,Gene
Gene::2006,ELN,Gene
Gene::200634,KRTCAP3,Gene
Gene::200728,TMEM17,Gene
Gene::200734,SPRED2,Gene
Gene::200844,C3orf67,Gene
Gene::200845,KCTD6,Gene
Gene::200895,DHFRL1,Gene
Gene::2009,EML1,Gene
Gene::200931,SLC51A,Gene
Gene::200942,KLHDC8B,Gene
Gene::200959,GABRR3,Gene
Gene::2010,EMD,Gene
Gene::2011,MARK2,Gene
Gene::201134,CEP112,Gene
Gene::201161,CENPV,Gene
Gene::201163,FLCN,Gene
Gene::201176,ARHGAP27,Gene
Gene::2012,EMP1,Gene
Gene::201229,LYRM9,Gene
Gene::201232,SLC16A13,Gene
Gene::201254,STRA13,Gene
Gene::201266,SLC39A11,Gene
Gene::201294,UNC13D,Gene
Gene::201299,RDM1,Gene
Gene::2013,EMP2,Gene
Gene::2014,EMP3,Gene
Gene::201456,FBXO15,Gene
Gene::201475,RAB12,Gene
Gene::2015,ADGRE1,Gene
Gene::201501,ZBTB7C,Gene
Gene::201562,HACD2,Gene
Gene::201595,STT3B,Gene
Gene::201625,DNAH12,Gene
Gene::2017,CTTN,Gene
Gene::201725,C4orf46,Gene
Gene::201799,TMEM154,Gene
Gene::2018,EMX2,Gene
Gene::2019,EN1,Gene
Gene::201931,TMEM192,Gene
Gene::201965,RWDD4,Gene
Gene::201973,PRIMPOL,Gene
Gene::2020,EN2,Gene
Gene::202018,TAPT1,Gene
Gene::2021,ENDOG,Gene
Gene::202134,FAM153B,Gene
Gene::202151,RANBP3L,Gene
Gene::2022,ENG,Gene
Gene::202243,CCDC125,Gene
Gene::2023,ENO1,Gene
Gene::202309,GAPT,Gene
Gene::202500,TCTE1,Gene
Gene::202559,KHDRBS2,Gene
Gene::2026,ENO2,Gene
Gene::202658,TRIM39-RPP21,Gene
Gene::2028,ENPEP,Gene
Gene::2029,ENSA,Gene
Gene::203,AK1,Gene
Gene::2030,SLC29A1,Gene
Gene::203062,TSNARE1,Gene
Gene::203068,TUBB,Gene
Gene::203100,HTRA4,Gene
Gene::203111,ERICH5,Gene
Gene::203190,LGI3,Gene
Gene::203228,C9orf72,Gene
Gene::203259,FAM219A,Gene
Gene::2033,EP300,Gene
Gene::2034,EPAS1,Gene
Gene::203447,NRK,Gene
Gene::2035,EPB41,Gene
Gene::203522,DDX26B,Gene
Gene::203523,ZNF449,Gene
Gene::203547,VMA21,Gene
Gene::203562,TMEM31,Gene
Gene::203569,PAGE2,Gene
Gene::2036,EPB41L1,Gene
Gene::203611,CDY2B,Gene
Gene::2037,EPB41L2,Gene
Gene::2038,EPB42,Gene
Gene::203859,ANO5,Gene
Gene::2039,DMTN,Gene
Gene::204,AK2,Gene
Gene::2040,STOM,Gene
Gene::2041,EPHA1,Gene
Gene::2042,EPHA3,Gene
Gene::204219,CERS3,Gene
Gene::2043,EPHA4,Gene
Gene::2044,EPHA5,Gene
Gene::204474,PDILT,Gene
Gene::2045,EPHA7,Gene
Gene::2046,EPHA8,Gene
Gene::2047,EPHB1,Gene
Gene::2048,EPHB2,Gene
Gene::204851,HIPK1,Gene
Gene::2049,EPHB3,Gene
Gene::205,AK4,Gene
Gene::2050,EPHB4,Gene
Gene::2051,EPHB6,Gene
Gene::2052,EPHX1,Gene
Gene::2053,EPHX2,Gene
Gene::2054,STX2,Gene
Gene::205428,C3orf58,Gene
Gene::2055,CLN8,Gene
Gene::205564,SENP5,Gene
Gene::2056,EPO,Gene
Gene::2057,EPOR,Gene
Gene::2058,EPRS,Gene
Gene::2059,EPS8,Gene
Gene::2060,EPS15,Gene
Gene::2063,NR2F6,Gene
Gene::206358,SLC36A1,Gene
Gene::2064,ERBB2,Gene
Gene::206412,C6orf163,Gene
Gene::2065,ERBB3,Gene
Gene::2066,ERBB4,Gene
Gene::2067,ERCC1,Gene
Gene::2068,ERCC2,Gene
Gene::2069,EREG,Gene
Gene::207,AKT1,Gene
Gene::2070,EYA4,Gene
Gene::2071,ERCC3,Gene
Gene::2072,ERCC4,Gene
Gene::2073,ERCC5,Gene
Gene::2074,ERCC6,Gene
Gene::2077,ERF,Gene
Gene::2078,ERG,Gene
Gene::2079,ERH,Gene
Gene::208,AKT2,Gene
Gene::2081,ERN1,Gene
Gene::2091,FBL,Gene
Gene::2098,ESD,Gene
Gene::2099,ESR1,Gene
Gene::21,ABCA3,Gene
Gene::210,ALAD,Gene
Gene::2100,ESR2,Gene
Gene::2101,ESRRA,Gene
Gene::2103,ESRRB,Gene
Gene::2104,ESRRG,Gene
Gene::2107,ETF1,Gene
Gene::2108,ETFA,Gene
Gene::2109,ETFB,Gene
Gene::211,ALAS1,Gene
Gene::2110,ETFDH,Gene
Gene::2113,ETS1,Gene
Gene::2114,ETS2,Gene
Gene::2115,ETV1,Gene
Gene::2117,ETV3,Gene
Gene::2118,ETV4,Gene
Gene::2119,ETV5,Gene
Gene::212,ALAS2,Gene
Gene::2120,ETV6,Gene
Gene::2121,EVC,Gene
Gene::2122,MECOM,Gene
Gene::2123,EVI2A,Gene
Gene::2124,EVI2B,Gene
Gene::2125,EVPL,Gene
Gene::213,ALB,Gene
Gene::2130,EWSR1,Gene
Gene::2131,EXT1,Gene
Gene::2135,EXTL2,Gene
Gene::2137,EXTL3,Gene
Gene::2139,EYA2,Gene
Gene::214,ALCAM,Gene
Gene::2145,EZH1,Gene
Gene::2146,EZH2,Gene
Gene::2147,F2,Gene
Gene::2149,F2R,Gene
Gene::2150,F2RL1,Gene
Gene::2151,F2RL2,Gene
Gene::2152,F3,Gene
Gene::2153,F5,Gene
Gene::2155,F7,Gene
Gene::2157,F8,Gene
Gene::2158,F9,Gene
Gene::2159,F10,Gene
Gene::216,ALDH1A1,Gene
Gene::2160,F11,Gene
Gene::2161,F12,Gene
Gene::2162,F13A1,Gene
Gene::2165,F13B,Gene
Gene::2166,FAAH,Gene
Gene::2167,FABP4,Gene
Gene::2168,FABP1,Gene
Gene::2169,FABP2,Gene
Gene::217,ALDH2,Gene
Gene::2170,FABP3,Gene
Gene::2171,FABP5,Gene
Gene::2172,FABP6,Gene
Gene::2173,FABP7,Gene
Gene::2175,FANCA,Gene
Gene::2176,FANCC,Gene
Gene::2177,FANCD2,Gene
Gene::2178,FANCE,Gene
Gene::218,ALDH3A1,Gene
Gene::2180,ACSL1,Gene
Gene::2181,ACSL3,Gene
Gene::2182,ACSL4,Gene
Gene::2184,FAH,Gene
Gene::2185,PTK2B,Gene
Gene::2186,BPTF,Gene
Gene::2187,FANCB,Gene
Gene::2188,FANCF,Gene
Gene::2189,FANCG,Gene
Gene::219,ALDH1B1,Gene
Gene::2191,FAP,Gene
Gene::2192,FBLN1,Gene
Gene::219285,SAMD9L,Gene
Gene::2193,FARSA,Gene
Gene::219333,USP12,Gene
Gene::2194,FASN,Gene
Gene::219402,MTIF3,Gene
Gene::219432,OR4C6,Gene
Gene::2195,FAT1,Gene
Gene::219541,MED19,Gene
Gene::219595,FOLH1B,Gene
Gene::2196,FAT2,Gene
Gene::219621,C10orf107,Gene
Gene::219654,ZCCHC24,Gene
Gene::219670,ENKUR,Gene
Gene::2197,FAU,Gene
Gene::219736,STOX1,Gene
Gene::219749,ZNF25,Gene
Gene::219771,CCNY,Gene
Gene::219790,RTKN2,Gene
Gene::219833,C11orf45,Gene
Gene::219844,HYLS1,Gene
Gene::219855,SLC37A2,Gene
Gene::219858,OR8B12,Gene
Gene::219875,OR4D5,Gene
Gene::2199,FBLN2,Gene
Gene::219938,SPATA19,Gene
Gene::219970,GLYATL2,Gene
Gene::219972,MPEG1,Gene
Gene::219981,OR5A2,Gene
Gene::219988,PATL1,Gene
Gene::22,ABCB7,Gene
Gene::220,ALDH1A3,Gene
Gene::2200,FBN1,Gene
Gene::220001,VWCE,Gene
Gene::220002,CYB561A3,Gene
Gene::220042,DDIAS,Gene
Gene::220074,LRTOMT,Gene
Gene::220134,SKA1,Gene
Gene::2202,EFEMP1,Gene
Gene::220202,ATOH7,Gene
Gene::220296,HEPACAM,Gene
Gene::2203,FBP1,Gene
Gene::220323,OAF,Gene
Gene::220382,FAM181B,Gene
Gene::220388,CCDC89,Gene
Gene::2205,FCER1A,Gene
Gene::2206,MS4A2,Gene
Gene::2207,FCER1G,Gene
Gene::2208,FCER2,Gene
Gene::2209,FCGR1A,Gene
Gene::220929,ZNF438,Gene
Gene::220963,SLC16A9,Gene
Gene::220972,MARCH8,Gene
Gene::220979,C10orf25,Gene
Gene::220988,HNRNPA3,Gene
Gene::2210,FCGR1B,Gene
Gene::221035,REEP3,Gene
Gene::221037,JMJD1C,Gene
Gene::221044,UCMA,Gene
Gene::221061,FAM171A1,Gene
Gene::221074,SLC39A12,Gene
Gene::221079,ARL5B,Gene
Gene::221091,LRRN4CL,Gene
Gene::221120,ALKBH3,Gene
Gene::221143,N6AMT2,Gene
Gene::221150,SKA3,Gene
Gene::221154,MICU2,Gene
Gene::221178,SPATA13,Gene
Gene::221191,PRSS54,Gene
Gene::2212,FCGR2A,Gene
Gene::221223,CES5A,Gene
Gene::221294,NT5DC1,Gene
Gene::2213,FCGR2B,Gene
Gene::221336,BEND6,Gene
Gene::221357,GSTA5,Gene
Gene::221395,ADGRF5,Gene
Gene::2214,FCGR3A,Gene
Gene::221409,SPATS1,Gene
Gene::221443,OARD1,Gene
Gene::221458,KIF6,Gene
Gene::221472,FGD2,Gene
Gene::221476,PI16,Gene
Gene::221477,C6orf89,Gene
Gene::2215,FCGR3B,Gene
Gene::221662,RBM24,Gene
Gene::221687,RNF182,Gene
Gene::221692,PHACTR1,Gene
Gene::2217,FCGRT,Gene
Gene::221749,PXDC1,Gene
Gene::2218,FKTN,Gene
Gene::221833,SP8,Gene
Gene::221895,JAZF1,Gene
Gene::2219,FCN1,Gene
Gene::221908,PPP1R35,Gene
Gene::221927,BRAT1,Gene
Gene::221935,SDK1,Gene
Gene::221937,FOXK1,Gene
Gene::221955,DAGLB,Gene
Gene::221981,THSD7A,Gene
Gene::222,ALDH3B2,Gene
Gene::222068,TMED4,Gene
Gene::222166,MTURN,Gene
Gene::222171,PRR15,Gene
Gene::2222,FDFT1,Gene
Gene::222223,KIAA1324L,Gene
Gene::222229,LRWD1,Gene
Gene::222234,FAM185A,Gene
Gene::222236,NAPEPLD,Gene
Gene::222256,CDHR3,Gene
Gene::222389,BEND7,Gene
Gene::2224,FDPS,Gene
Gene::222487,ADGRG3,Gene
Gene::222537,HS3ST5,Gene
Gene::222546,RFX6,Gene
Gene::222643,UNC5CL,Gene
Gene::222658,KCTD20,Gene
Gene::222663,SCUBE3,Gene
Gene::222698,NKAPL,Gene
Gene::222826,FAM217A,Gene
Gene::222865,TMEM130,Gene
Gene::222962,SLC29A4,Gene
Gene::223,ALDH9A1,Gene
Gene::2230,FDX1,Gene
Gene::223117,SEMA3D,Gene
Gene::2232,FDXR,Gene
Gene::2235,FECH,Gene
Gene::2237,FEN1,Gene
Gene::224,ALDH3A2,Gene
Gene::2241,FER,Gene
Gene::2242,FES,Gene
Gene::2243,FGA,Gene
Gene::2244,FGB,Gene
Gene::2245,FGD1,Gene
Gene::2246,FGF1,Gene
Gene::2247,FGF2,Gene
Gene::2248,FGF3,Gene
Gene::2249,FGF4,Gene
Gene::2252,FGF7,Gene
Gene::2253,FGF8,Gene
Gene::2254,FGF9,Gene
Gene::2255,FGF10,Gene
Gene::2256,FGF11,Gene
Gene::225689,MAPK15,Gene
Gene::2258,FGF13,Gene
Gene::226,ALDOA,Gene
Gene::2260,FGFR1,Gene
Gene::2261,FGFR3,Gene
Gene::2262,GPC5,Gene
Gene::2263,FGFR2,Gene
Gene::2264,FGFR4,Gene
Gene::2266,FGG,Gene
Gene::2268,FGR,Gene
Gene::2271,FH,Gene
Gene::2272,FHIT,Gene
Gene::2273,FHL1,Gene
Gene::2274,FHL2,Gene
Gene::2275,FHL3,Gene
Gene::2277,FIGF,Gene
Gene::22794,CASC3,Gene
Gene::22795,NID2,Gene
Gene::22796,COG2,Gene
Gene::22797,TFEC,Gene
Gene::2280,FKBP1A,Gene
Gene::22800,RRAS2,Gene
Gene::22803,XRN2,Gene
Gene::22806,IKZF3,Gene
Gene::22807,IKZF2,Gene
Gene::22808,MRAS,Gene
Gene::22809,ATF5,Gene
Gene::2281,FKBP1B,Gene
Gene::22820,COPG1,Gene
Gene::22822,PHLDA1,Gene
Gene::22823,MTF2,Gene
Gene::22824,HSPA4L,Gene
Gene::22827,PUF60,Gene
Gene::22828,SCAF8,Gene
Gene::22829,NLGN4Y,Gene
Gene::22832,CEP162,Gene
Gene::22834,ZNF652,Gene
Gene::22836,RHOBTB3,Gene
Gene::22837,COBLL1,Gene
Gene::22838,RNF44,Gene
Gene::22839,DLGAP4,Gene
Gene::22841,RAB11FIP2,Gene
Gene::22845,DOLK,Gene
Gene::22846,VASH1,Gene
Gene::22848,AAK1,Gene
Gene::22850,ADNP2,Gene
Gene::22852,ANKRD26,Gene
Gene::22853,LMTK2,Gene
Gene::22854,NTNG1,Gene
Gene::22856,CHSY1,Gene
Gene::22858,ICK,Gene
Gene::22859,ADGRL1,Gene
Gene::2286,FKBP2,Gene
Gene::22861,NLRP1,Gene
Gene::22862,FNDC3A,Gene
Gene::22863,ATG14,Gene
Gene::22864,R3HDM2,Gene
Gene::22865,SLITRK3,Gene
Gene::22866,CNKSR2,Gene
Gene::22868,FASTKD2,Gene
Gene::2287,FKBP3,Gene
Gene::22870,PPP6R1,Gene
Gene::22871,NLGN1,Gene
Gene::22872,SEC31A,Gene
Gene::22873,DZIP1,Gene
Gene::22875,ENPP4,Gene
Gene::22876,INPP5F,Gene
Gene::22877,MLXIP,Gene
Gene::22878,TRAPPC8,Gene
Gene::2288,FKBP4,Gene
Gene::22880,MORC2,Gene
Gene::22881,ANKRD6,Gene
Gene::22882,ZHX2,Gene
Gene::22883,CLSTN1,Gene
Gene::22884,WDR37,Gene
Gene::22885,ABLIM3,Gene
Gene::22887,FOXJ3,Gene
Gene::22888,UBOX5,Gene
Gene::22889,KIAA0907,Gene
Gene::2289,FKBP5,Gene
Gene::22890,ZBTB1,Gene
Gene::22891,ZNF365,Gene
Gene::22893,BAHD1,Gene
Gene::22897,CEP164,Gene
Gene::22898,DENND3,Gene
Gene::229,ALDOB,Gene
Gene::22900,CARD8,Gene
Gene::22902,RUFY3,Gene
Gene::22903,BTBD3,Gene
Gene::22904,SBNO2,Gene
Gene::22905,EPN2,Gene
Gene::22906,TRAK1,Gene
Gene::22907,DHX30,Gene
Gene::22908,SACM1L,Gene
Gene::22909,FAN1,Gene
Gene::22911,WDR47,Gene
Gene::22913,RALY,Gene
Gene::22914,KLRK1,Gene
Gene::22916,NCBP2,Gene
Gene::22918,CD93,Gene
Gene::22919,MAPRE1,Gene
Gene::22920,KIFAP3,Gene
Gene::22921,MSRB2,Gene
Gene::22924,MAPRE3,Gene
Gene::22925,PLA2R1,Gene
Gene::22926,ATF6,Gene
Gene::22928,SEPHS2,Gene
Gene::22929,SEPHS1,Gene
Gene::22930,RAB3GAP1,Gene
Gene::22933,SIRT2,Gene
Gene::22934,RPIA,Gene
Gene::22936,ELL2,Gene
Gene::22937,SCAP,Gene
Gene::22938,SNW1,Gene
Gene::2294,FOXF1,Gene
Gene::22941,SHANK2,Gene
Gene::22943,DKK1,Gene
Gene::22944,KIN,Gene
Gene::22948,CCT5,Gene
Gene::22950,SLC4A1AP,Gene
Gene::22953,P2RX2,Gene
Gene::22954,TRIM32,Gene
Gene::22955,SCMH1,Gene
Gene::2296,FOXC1,Gene
Gene::22974,TPX2,Gene
Gene::22976,PAXIP1,Gene
Gene::22977,AKR7A3,Gene
Gene::22978,NT5C2,Gene
Gene::22979,EFR3B,Gene
Gene::2298,FOXD4,Gene
Gene::22982,DIP2C,Gene
Gene::22983,MAST1,Gene
Gene::22984,PDCD11,Gene
Gene::22985,ACIN1,Gene
Gene::22987,SV2C,Gene
Gene::2299,FOXI1,Gene
Gene::22992,KDM2A,Gene
Gene::22996,TTC39A,Gene
Gene::22997,IGSF9B,Gene
Gene::22998,LIMCH1,Gene
Gene::22999,RIMS1,Gene
Gene::23,ABCF1,Gene
Gene::230,ALDOC,Gene
Gene::2300,FOXL1,Gene
Gene::23001,WDFY3,Gene
Gene::23002,DAAM1,Gene
Gene::23005,MAPKBP1,Gene
Gene::23007,PLCH1,Gene
Gene::23008,KLHDC10,Gene
Gene::23011,RAB21,Gene
Gene::23012,STK38L,Gene
Gene::23013,SPEN,Gene
Gene::23014,FBXO21,Gene
Gene::23015,GOLGA8A,Gene
Gene::23017,FAIM2,Gene
Gene::23019,CNOT1,Gene
Gene::23022,PALLD,Gene
Gene::23023,TMCC1,Gene
Gene::23024,PDZRN3,Gene
Gene::23025,UNC13A,Gene
Gene::23028,KDM1A,Gene
Gene::23029,RBM34,Gene
Gene::2303,FOXC2,Gene
Gene::23030,KDM4B,Gene
Gene::23031,MAST3,Gene
Gene::23032,USP33,Gene
Gene::23033,DOPEY1,Gene
Gene::23034,SAMD4A,Gene
Gene::23035,PHLPP2,Gene
Gene::23036,ZNF292,Gene
Gene::23037,PDZD2,Gene
Gene::23038,WDTC1,Gene
Gene::2304,FOXE1,Gene
Gene::23041,MON2,Gene
Gene::23042,PDXDC1,Gene
Gene::23043,TNIK,Gene
Gene::23046,KIF21B,Gene
Gene::23047,PDS5B,Gene
Gene::2305,FOXM1,Gene
Gene::23051,ZHX3,Gene
Gene::23052,ENDOD1,Gene
Gene::23053,ZSWIM8,Gene
Gene::23054,NCOA6,Gene
Gene::23059,CLUAP1,Gene
Gene::23060,ZNF609,Gene
Gene::23061,TBC1D9B,Gene
Gene::23063,WAPAL,Gene
Gene::23064,SETX,Gene
Gene::23065,EMC1,Gene
Gene::23066,CAND2,Gene
Gene::2307,FOXS1,Gene
Gene::23070,CMTR1,Gene
Gene::23071,ERP44,Gene
Gene::23074,UHRF1BP1L,Gene
Gene::23075,SWAP70,Gene
Gene::23076,RRP1B,Gene
Gene::23077,MYCBP2,Gene
Gene::23078,VWA8,Gene
Gene::2308,FOXO1,Gene
Gene::23080,AVL9,Gene
Gene::23081,KDM4C,Gene
Gene::23082,PPRC1,Gene
Gene::23086,EXPH5,Gene
Gene::23089,PEG10,Gene
Gene::2309,FOXO3,Gene
Gene::23091,ZC3H13,Gene
Gene::23092,ARHGAP26,Gene
Gene::23093,TTLL5,Gene
Gene::23094,SIPA1L3,Gene
Gene::23095,KIF1B,Gene
Gene::23097,CDK19,Gene
Gene::23099,ZBTB43,Gene
Gene::231,AKR1B1,Gene
Gene::23101,MCF2L2,Gene
Gene::23107,MRPS27,Gene
Gene::23108,RAP1GAP2,Gene
Gene::23109,DDN,Gene
Gene::23111,SPG20,Gene
Gene::23112,TNRC6B,Gene
Gene::23113,CUL9,Gene
Gene::23114,NFASC,Gene
Gene::23116,FAM179B,Gene
Gene::23117,NPIPB3,Gene
Gene::23118,TAB2,Gene
Gene::2312,FLG,Gene
Gene::23120,ATP10B,Gene
Gene::23126,POGZ,Gene
Gene::23127,COLGALT2,Gene
Gene::23129,PLXND1,Gene
Gene::2313,FLI1,Gene
Gene::23130,ATG2A,Gene
Gene::23131,GPATCH8,Gene
Gene::23135,KDM6B,Gene
Gene::23136,EPB41L3,Gene
Gene::23137,SMC5,Gene
Gene::23138,N4BP3,Gene
Gene::23139,MAST2,Gene
Gene::2314,FLII,Gene
Gene::23140,ZZEF1,Gene
Gene::23141,ANKLE2,Gene
Gene::23142,DCUN1D4,Gene
Gene::23149,FCHO1,Gene
Gene::2315,MLANA,Gene
Gene::23150,FRMD4B,Gene
Gene::23151,GRAMD4,Gene
Gene::23152,CIC,Gene
Gene::23154,NCDN,Gene
Gene::23155,CLCC1,Gene
Gene::23158,TBC1D9,Gene
Gene::2316,FLNA,Gene
Gene::23160,WDR43,Gene
Gene::23161,SNX13,Gene
Gene::23162,MAPK8IP3,Gene
Gene::23163,GGA3,Gene
Gene::23164,MPRIP,Gene
Gene::23165,NUP205,Gene
Gene::23167,EFR3A,Gene
Gene::23168,RTF1,Gene
Gene::23169,SLC35D1,Gene
Gene::2317,FLNB,Gene
Gene::23170,TTLL12,Gene
Gene::23171,GPD1L,Gene
Gene::23173,METAP1,Gene
Gene::23174,ZCCHC14,Gene
Gene::23175,LPIN1,Gene
Gene::23177,CEP68,Gene
Gene::23178,PASK,Gene
Gene::23179,RGL1,Gene
Gene::2318,FLNC,Gene
Gene::23180,RFTN1,Gene
Gene::23181,DIP2A,Gene
Gene::23185,LARP4B,Gene
Gene::23186,RCOR1,Gene
Gene::23187,PHLDB1,Gene
Gene::23189,KANK1,Gene
Gene::2319,FLOT2,Gene
Gene::23190,UBXN4,Gene
Gene::23191,CYFIP1,Gene
Gene::23192,ATG4B,Gene
Gene::23193,GANAB,Gene
Gene::23194,FBXL7,Gene
Gene::23195,MDN1,Gene
Gene::23196,FAM120A,Gene
Gene::23197,FAF2,Gene
Gene::23198,PSME4,Gene
Gene::23199,GSE1,Gene
Gene::23200,ATP11B,Gene
Gene::23201,FAM168A,Gene
Gene::23203,PMPCA,Gene
Gene::23204,ARL6IP1,Gene
Gene::23205,ACSBG1,Gene
Gene::23207,PLEKHM2,Gene
Gene::23208,SYT11,Gene
Gene::23209,MLC1,Gene
Gene::2321,FLT1,Gene
Gene::23210,JMJD6,Gene
Gene::23211,ZC3H4,Gene
Gene::23212,RRS1,Gene
Gene::23213,SULF1,Gene
Gene::23214,XPO6,Gene
Gene::23215,PRRC2C,Gene
Gene::23216,TBC1D1,Gene
Gene::23218,NBEAL2,Gene
Gene::23219,FBXO28,Gene
Gene::2322,FLT3,Gene
Gene::23220,DTX4,Gene
Gene::23223,RRP12,Gene
Gene::23224,SYNE2,Gene
Gene::23225,NUP210,Gene
Gene::23228,PLCL2,Gene
Gene::23229,ARHGEF9,Gene
Gene::2323,FLT3LG,Gene
Gene::23230,VPS13A,Gene
Gene::23231,SEL1L3,Gene
Gene::23233,EXOC6B,Gene
Gene::23234,DNAJC9,Gene
Gene::23235,SIK2,Gene
Gene::23236,PLCB1,Gene
Gene::23237,ARC,Gene
Gene::23239,PHLPP1,Gene
Gene::2324,FLT4,Gene
Gene::23241,PACS2,Gene
Gene::23242,COBL,Gene
Gene::23243,ANKRD28,Gene
Gene::23244,PDS5A,Gene
Gene::23245,ASTN2,Gene
Gene::23246,BOP1,Gene
Gene::23250,ATP11A,Gene
Gene::23251,KIAA1024,Gene
Gene::23252,OTUD3,Gene
Gene::23253,ANKRD12,Gene
Gene::23254,KAZN,Gene
Gene::23255,MTCL1,Gene
Gene::23256,SCFD1,Gene
Gene::23258,DENND5A,Gene
Gene::23259,DDHD2,Gene
Gene::2326,FMO1,Gene
Gene::23261,CAMTA1,Gene
Gene::23262,PPIP5K2,Gene
Gene::23263,MCF2L,Gene
Gene::23264,ZC3H7B,Gene
Gene::23266,ADGRL2,Gene
Gene::23268,DNMBP,Gene
Gene::23269,MGA,Gene
Gene::2327,FMO2,Gene
Gene::23270,TSPYL4,Gene
Gene::23271,CAMSAP2,Gene
Gene::23272,FAM208A,Gene
Gene::23274,CLEC16A,Gene
Gene::23275,POFUT2,Gene
Gene::23276,KLHL18,Gene
Gene::23277,CLUH,Gene
Gene::2328,FMO3,Gene
Gene::23281,MTUS2,Gene
Gene::23283,CSTF2T,Gene
Gene::23284,ADGRL3,Gene
Gene::23286,WWC1,Gene
Gene::23287,AGTPBP1,Gene
Gene::2329,FMO4,Gene
Gene::23293,SMG6,Gene
Gene::23294,ANKS1A,Gene
Gene::23295,MGRN1,Gene
Gene::23299,BICD2,Gene
Gene::2330,FMO5,Gene
Gene::23300,ATMIN,Gene
Gene::23301,EHBP1,Gene
Gene::23302,WSCD1,Gene
Gene::23303,KIF13B,Gene
Gene::23304,UBR2,Gene
Gene::23305,ACSL6,Gene
Gene::23306,NEMP1,Gene
Gene::23307,FKBP15,Gene
Gene::23308,ICOSLG,Gene
Gene::2331,FMOD,Gene
Gene::23310,NCAPD3,Gene
Gene::23312,DMXL2,Gene
Gene::23313,KIAA0930,Gene
Gene::23314,SATB2,Gene
Gene::23315,SLC9A8,Gene
Gene::23317,DNAJC13,Gene
Gene::23318,ZCCHC11,Gene
Gene::2332,FMR1,Gene
Gene::23321,TRIM2,Gene
Gene::23322,RPGRIP1L,Gene
Gene::23324,MAN2B2,Gene
Gene::23325,KIAA1033,Gene
Gene::23326,USP22,Gene
Gene::23327,NEDD4L,Gene
Gene::23328,SASH1,Gene
Gene::23329,TBC1D30,Gene
Gene::23331,TTC28,Gene
Gene::23332,CLASP1,Gene
Gene::23335,WDR7,Gene
Gene::23336,SYNM,Gene
Gene::23338,JADE2,Gene
Gene::23339,VPS39,Gene
Gene::23341,DNAJC16,Gene
Gene::23344,ESYT1,Gene
Gene::23345,SYNE1,Gene
Gene::23347,SMCHD1,Gene
Gene::23348,DOCK9,Gene
Gene::2335,FN1,Gene
Gene::23350,U2SURP,Gene
Gene::23351,KHNYN,Gene
Gene::23352,UBR4,Gene
Gene::23353,SUN1,Gene
Gene::23354,HAUS5,Gene
Gene::23355,VPS8,Gene
Gene::23357,ANGEL1,Gene
Gene::23358,USP24,Gene
Gene::23360,FNBP4,Gene
Gene::23362,PSD3,Gene
Gene::23363,OBSL1,Gene
Gene::23365,ARHGEF12,Gene
Gene::23366,KIAA0895,Gene
Gene::23367,LARP1,Gene
Gene::23368,PPP1R13B,Gene
Gene::23369,PUM2,Gene
Gene::23370,ARHGEF18,Gene
Gene::23371,TNS2,Gene
Gene::23373,CRTC1,Gene
Gene::23378,RRP8,Gene
Gene::23380,SRGAP2,Gene
Gene::23381,SMG5,Gene
Gene::23382,AHCYL2,Gene
Gene::23383,MAU2,Gene
Gene::23384,SPECC1L,Gene
Gene::23385,NCSTN,Gene
Gene::23386,NUDCD3,Gene
Gene::23387,SIK3,Gene
Gene::23389,MED13L,Gene
Gene::2339,FNTA,Gene
Gene::23390,ZDHHC17,Gene
Gene::23392,KIAA0368,Gene
Gene::23394,ADNP,Gene
Gene::23395,LARS2,Gene
Gene::23396,PIP5K1C,Gene
Gene::23397,NCAPH,Gene
Gene::23398,PPWD1,Gene
Gene::23399,CTDNEP1,Gene
Gene::23400,ATP13A2,Gene
Gene::23401,FRAT2,Gene
Gene::23403,FBXO46,Gene
Gene::23404,EXOSC2,Gene
Gene::23405,DICER1,Gene
Gene::23406,COTL1,Gene
Gene::23408,SIRT5,Gene
Gene::23410,SIRT3,Gene
Gene::23411,SIRT1,Gene
Gene::23412,COMMD3,Gene
Gene::23413,NCS1,Gene
Gene::23414,ZFPM2,Gene
Gene::23415,KCNH4,Gene
Gene::23416,KCNH3,Gene
Gene::23417,MLYCD,Gene
Gene::23418,CRB1,Gene
Gene::23420,NOMO1,Gene
Gene::23421,ITGB3BP,Gene
Gene::23424,TDRD7,Gene
Gene::23426,GRIP1,Gene
Gene::23428,SLC7A8,Gene
Gene::23429,RYBP,Gene
Gene::23431,AP4E1,Gene
Gene::23432,GPR161,Gene
Gene::23433,RHOQ,Gene
Gene::23435,TARDBP,Gene
Gene::23436,CELA3B,Gene
Gene::23438,HARS2,Gene
Gene::23440,OTP,Gene
Gene::23443,SLC35A3,Gene
Gene::23446,SLC44A1,Gene
Gene::23450,SF3B3,Gene
Gene::23451,SF3B1,Gene
Gene::23452,ANGPTL2,Gene
Gene::23456,ABCB10,Gene
Gene::23457,ABCB9,Gene
Gene::2346,FOLH1,Gene
Gene::23460,ABCA6,Gene
Gene::23461,ABCA5,Gene
Gene::23462,HEY1,Gene
Gene::23463,ICMT,Gene
Gene::23464,GCAT,Gene
Gene::23466,CBX6,Gene
Gene::23469,PHF3,Gene
Gene::23471,TRAM1,Gene
Gene::23473,CAPN7,Gene
Gene::23474,ETHE1,Gene
Gene::23475,QPRT,Gene
Gene::23476,BRD4,Gene
Gene::23478,SEC11A,Gene
Gene::23479,ISCU,Gene
Gene::2348,FOLR1,Gene
Gene::23480,SEC61G,Gene
Gene::23481,PES1,Gene
Gene::23484,LEPROTL1,Gene
Gene::23491,CES3,Gene
Gene::23492,CBX7,Gene
Gene::23493,HEY2,Gene
Gene::23495,TNFRSF13B,Gene
Gene::23498,HAAO,Gene
Gene::23499,MACF1,Gene
Gene::2350,FOLR2,Gene
Gene::23503,ZFYVE26,Gene
Gene::23505,TMEM131,Gene
Gene::23506,GLTSCR1L,Gene
Gene::23508,TTC9,Gene
Gene::23509,POFUT1,Gene
Gene::23511,NUP188,Gene
Gene::23512,SUZ12,Gene
Gene::23513,SCRIB,Gene
Gene::23516,SLC39A14,Gene
Gene::23517,SKIV2L2,Gene
Gene::23518,R3HDM1,Gene
Gene::2352,FOLR3,Gene
Gene::23521,RPL13A,Gene
Gene::23522,KAT6B,Gene
Gene::23523,CABIN1,Gene
Gene::23524,SRRM2,Gene
Gene::23526,HMHA1,Gene
Gene::23527,ACAP2,Gene
Gene::23528,ZNF281,Gene
Gene::23529,CLCF1,Gene
Gene::2353,FOS,Gene
Gene::23530,NNT,Gene
Gene::23531,MMD,Gene
Gene::23532,PRAME,Gene
Gene::23534,TNPO3,Gene
Gene::23536,ADAT1,Gene
Gene::23539,SLC16A8,Gene
Gene::2354,FOSB,Gene
Gene::23541,SEC14L2,Gene
Gene::23542,MAPK8IP2,Gene
Gene::23543,RBFOX2,Gene
Gene::2355,FOSL2,Gene
Gene::23550,PSD4,Gene
Gene::23552,CDK20,Gene
Gene::23555,TSPAN15,Gene
Gene::23556,PIGN,Gene
Gene::23558,WBP2,Gene
Gene::23559,WBP1,Gene
Gene::2356,FPGS,Gene
Gene::23560,GTPBP4,Gene
Gene::23562,CLDN14,Gene
Gene::23563,CHST5,Gene
Gene::23564,DDAH2,Gene
Gene::23566,LPAR3,Gene
Gene::23567,ZNF346,Gene
Gene::23568,ARL2BP,Gene
Gene::23569,PADI4,Gene
Gene::2357,FPR1,Gene
Gene::23576,DDAH1,Gene
Gene::2358,FPR2,Gene
Gene::23580,CDC42EP4,Gene
Gene::23583,SMUG1,Gene
Gene::23585,TMEM50A,Gene
Gene::23586,DDX58,Gene
Gene::23587,ELP5,Gene
Gene::23588,KLHDC2,Gene
Gene::23589,CARHSP1,Gene
Gene::2359,FPR3,Gene
Gene::23590,PDSS1,Gene
Gene::23592,LEMD3,Gene
Gene::23593,HEBP2,Gene
Gene::23594,ORC6,Gene
Gene::23595,ORC3,Gene
Gene::23596,OPN3,Gene
Gene::23597,ACOT9,Gene
Gene::23598,PATZ1,Gene
Gene::23600,AMACR,Gene
Gene::23601,CLEC5A,Gene
Gene::23603,CORO1C,Gene
Gene::23604,DAPK2,Gene
Gene::23607,CD2AP,Gene
Gene::23608,MKRN1,Gene
Gene::23609,MKRN2,Gene
Gene::23612,PHLDA3,Gene
Gene::23613,ZMYND8,Gene
Gene::23616,SH3BP1,Gene
Gene::23617,TSSK2,Gene
Gene::23619,ZIM2,Gene
Gene::23620,NTSR2,Gene
Gene::23621,BACE1,Gene
Gene::23623,RUSC1,Gene
Gene::23624,CBLC,Gene
Gene::23625,FAM89B,Gene
Gene::23627,PRND,Gene
Gene::23630,KCNE5,Gene
Gene::23632,CA14,Gene
Gene::23633,KPNA6,Gene
Gene::23635,SSBP2,Gene
Gene::23636,NUP62,Gene
Gene::23637,RABGAP1,Gene
Gene::23640,HSPBP1,Gene
Gene::23643,LY96,Gene
Gene::23644,EDC4,Gene
Gene::23645,PPP1R15A,Gene
Gene::23646,PLD3,Gene
Gene::23647,ARFIP2,Gene
Gene::23649,POLA2,Gene
Gene::23650,TRIM29,Gene
Gene::23654,PLXNB2,Gene
Gene::23657,SLC7A11,Gene
Gene::23658,LSM5,Gene
Gene::23659,PLA2G15,Gene
Gene::23660,ZKSCAN5,Gene
Gene::23670,TMEM2,Gene
Gene::23671,TMEFF2,Gene
Gene::23673,STX12,Gene
Gene::23677,SH3BP4,Gene
Gene::23678,SGK3,Gene
Gene::23682,RAB38,Gene
Gene::23683,PRKD3,Gene
Gene::23704,KCNE4,Gene
Gene::23705,CADM1,Gene
Gene::23710,GABARAPL1,Gene
Gene::23731,TMEM245,Gene
Gene::23742,NPAP1,Gene
Gene::23743,BHMT2,Gene
Gene::23753,SDF2L1,Gene
Gene::23759,PPIL2,Gene
Gene::23760,PITPNB,Gene
Gene::23761,PISD,Gene
Gene::23764,MAFF,Gene
Gene::23765,IL17RA,Gene
Gene::23767,FLRT3,Gene
Gene::23768,FLRT2,Gene
Gene::23770,FKBP8,Gene
Gene::23774,BRD1,Gene
Gene::23780,APOL2,Gene
Gene::23786,BCL2L13,Gene
Gene::23787,MTCH1,Gene
Gene::23788,MTCH2,Gene
Gene::238,ALK,Gene
Gene::239,ALOX12,Gene
Gene::2395,FXN,Gene
Gene::24,ABCA4,Gene
Gene::240,ALOX5,Gene
Gene::241,ALOX5AP,Gene
Gene::24137,KIF4A,Gene
Gene::24138,IFIT5,Gene
Gene::24139,EML2,Gene
Gene::24140,FTSJ1,Gene
Gene::24141,LAMP5,Gene
Gene::24142,NAT6,Gene
Gene::24144,TFIP11,Gene
Gene::24145,PANX1,Gene
Gene::24146,CLDN15,Gene
Gene::24147,FJX1,Gene
Gene::24148,PRPF6,Gene
Gene::24149,ZNF318,Gene
Gene::242,ALOX12B,Gene
Gene::2444,FRK,Gene
Gene::245802,MS4A6E,Gene
Gene::245806,VGLL2,Gene
Gene::245812,CNPY4,Gene
Gene::245913,DEFB110,Gene
Gene::245932,DEFB119,Gene
Gene::245972,ATP6V0D2,Gene
Gene::245973,ATP6V1C2,Gene
Gene::246,ALOX15,Gene
Gene::246243,RNASEH1,Gene
Gene::246329,STAC3,Gene
Gene::246744,STH,Gene
Gene::246777,SPESP1,Gene
Gene::246778,IL27,Gene
Gene::247,ALOX15B,Gene
Gene::2475,MTOR,Gene
Gene::2483,FRG1,Gene
Gene::2487,FRZB,Gene
Gene::249,ALPL,Gene
Gene::2491,CENPI,Gene
Gene::2492,FSHR,Gene
Gene::2494,NR5A2,Gene
Gene::2495,FTH1,Gene
Gene::25,ABL1,Gene
Gene::250,ALPP,Gene
Gene::251,ALPPL2,Gene
Gene::2512,FTL,Gene
Gene::2516,NR5A1,Gene
Gene::2517,FUCA1,Gene
Gene::2520,GAST,Gene
Gene::2521,FUS,Gene
Gene::2523,FUT1,Gene
Gene::2524,FUT2,Gene
Gene::2525,FUT3,Gene
Gene::2526,FUT4,Gene
Gene::252839,TMEM9,Gene
Gene::252884,ZNF396,Gene
Gene::2529,FUT7,Gene
Gene::252969,NEIL2,Gene
Gene::252995,FNDC5,Gene
Gene::2530,FUT8,Gene
Gene::253012,HEPACAM2,Gene
Gene::2531,KDSR,Gene
Gene::253175,CDY1B,Gene
Gene::2532,ACKR1,Gene
Gene::253260,RICTOR,Gene
Gene::2533,FYB,Gene
Gene::2534,FYN,Gene
Gene::253461,ZBTB38,Gene
Gene::2535,FZD2,Gene
Gene::253559,CADM2,Gene
Gene::2537,IFI6,Gene
Gene::253725,FAM21C,Gene
Gene::253738,EBF3,Gene
Gene::253782,CERS6,Gene
Gene::2538,G6PC,Gene
Gene::253827,MSRB3,Gene
Gene::2539,G6PD,Gene
Gene::253943,YTHDF3,Gene
Gene::253959,RALGAPA1,Gene
Gene::253982,ASPHD1,Gene
Gene::254013,METTL20,Gene
Gene::254048,UBN2,Gene
Gene::254050,LRRC43,Gene
Gene::254065,BRWD3,Gene
Gene::254102,EHBP1L1,Gene
Gene::254122,SNX32,Gene
Gene::254170,FBXO33,Gene
Gene::2542,SLC37A4,Gene
Gene::254225,RNF169,Gene
Gene::254240,BPIFC,Gene
Gene::254251,LCORL,Gene
Gene::254263,CNIH2,Gene
Gene::254295,PHYHD1,Gene
Gene::2543,GAGE1,Gene
Gene::254359,ZDHHC24,Gene
Gene::254427,PROSER2,Gene
Gene::254428,SLC41A1,Gene
Gene::254531,LPCAT4,Gene
Gene::2547,XRCC6,Gene
Gene::2548,GAA,Gene
Gene::254887,ZDHHC23,Gene
Gene::2549,GAB1,Gene
Gene::254956,MORN5,Gene
Gene::2550,GABBR1,Gene
Gene::255022,CALHM1,Gene
Gene::255027,MPV17L,Gene
Gene::255057,C19orf26,Gene
Gene::2551,GABPA,Gene
Gene::255119,C4orf22,Gene
Gene::255189,PLA2G4F,Gene
Gene::255231,MCOLN2,Gene
Gene::255239,ANKK1,Gene
Gene::2553,GABPB1,Gene
Gene::255324,EPGN,Gene
Gene::255374,MBLAC1,Gene
Gene::2554,GABRA1,Gene
Gene::2555,GABRA2,Gene
Gene::255520,ELMOD2,Gene
Gene::2556,GABRA3,Gene
Gene::2557,GABRA4,Gene
Gene::255738,PCSK9,Gene
Gene::255758,TCTEX1D2,Gene
Gene::255783,INAFM1,Gene
Gene::2558,GABRA5,Gene
Gene::2559,GABRA6,Gene
Gene::255919,CNEP1R1,Gene
Gene::255967,PAN3,Gene
Gene::2560,GABRB1,Gene
Gene::256021,C12orf79,Gene
Gene::256051,ZNF549,Gene
Gene::2561,GABRB2,Gene
Gene::256148,OR4S1,Gene
Gene::2562,GABRB3,Gene
Gene::256227,STEAP1B,Gene
Gene::256297,PTF1A,Gene
Gene::2563,GABRD,Gene
Gene::256302,NATD1,Gene
Gene::256309,CCDC110,Gene
Gene::256329,LMNTD2,Gene
Gene::256364,EML3,Gene
Gene::256394,SERPINA11,Gene
Gene::2564,GABRE,Gene
Gene::256471,MFSD8,Gene
Gene::256472,TMEM151A,Gene
Gene::2565,GABRG1,Gene
Gene::256536,TCERG1L,Gene
Gene::256586,LYSMD2,Gene
Gene::2566,GABRG2,Gene
Gene::256691,MAMDC2,Gene
Gene::2567,GABRG3,Gene
Gene::256764,WDR72,Gene
Gene::2568,GABRP,Gene
Gene::256892,OR51F1,Gene
Gene::2569,GABRR1,Gene
Gene::256933,NPB,Gene
Gene::256957,HEATR9,Gene
Gene::256979,SUN3,Gene
Gene::256987,SERINC5,Gene
Gene::257,ALX3,Gene
Gene::2570,GABRR2,Gene
Gene::257062,CATSPERD,Gene
Gene::257068,PLCXD2,Gene
Gene::2571,GAD1,Gene
Gene::257106,ARHGAP30,Gene
Gene::257144,GCSAM,Gene
Gene::257160,RNF214,Gene
Gene::257177,CFAP126,Gene
Gene::257194,NEGR1,Gene
Gene::2572,GAD2,Gene
Gene::257202,GPX6,Gene
Gene::257236,CCDC96,Gene
Gene::257313,UTS2B,Gene
Gene::257364,SNX33,Gene
Gene::257407,C2orf72,Gene
Gene::2575,GAGE3,Gene
Gene::25759,SHC2,Gene
Gene::25764,HYPK,Gene
Gene::25769,SLC24A2,Gene
Gene::25771,TBC1D22A,Gene
Gene::25776,CBY1,Gene
Gene::25777,SUN2,Gene
Gene::25778,DSTYK,Gene
Gene::2578,GAGE6,Gene
Gene::25780,RASGRP3,Gene
Gene::25788,RAD54B,Gene
Gene::25790,CFAP45,Gene
Gene::25791,NGEF,Gene
Gene::25792,CIZ1,Gene
Gene::25793,FBXO7,Gene
Gene::25794,FSCN2,Gene
Gene::25796,PGLS,Gene
Gene::25797,QPCT,Gene
Gene::258,AMBN,Gene
Gene::2580,GAK,Gene
Gene::25800,SLC39A6,Gene
Gene::25801,GCA,Gene
Gene::25803,SPDEF,Gene
Gene::25804,LSM4,Gene
Gene::25805,BAMBI,Gene
Gene::25807,RHBDD3,Gene
Gene::25809,TTLL1,Gene
Gene::2581,GALC,Gene
Gene::25813,SAMM50,Gene
Gene::25814,ATXN10,Gene
Gene::25816,TNFAIP8,Gene
Gene::25817,FAM19A5,Gene
Gene::25818,KLK5,Gene
Gene::25819,CCRN4L,Gene
Gene::2582,GALE,Gene
Gene::25821,MTO1,Gene
Gene::25822,DNAJB5,Gene
Gene::25824,PRDX5,Gene
Gene::25825,BACE2,Gene
Gene::25828,TXN2,Gene
Gene::25829,TMEM184B,Gene
Gene::2583,B4GALNT1,Gene
Gene::25830,SULT4A1,Gene
Gene::25836,NIPBL,Gene
Gene::25837,RAB26,Gene
Gene::25839,COG4,Gene
Gene::2584,GALK1,Gene
Gene::25840,METTL7A,Gene
Gene::25841,ABTB2,Gene
Gene::25842,ASF1A,Gene
Gene::25843,MOB4,Gene
Gene::25844,YIPF3,Gene
Gene::25849,PARM1,Gene
Gene::2585,GALK2,Gene
Gene::25852,ARMC8,Gene
Gene::25853,DCAF12,Gene
Gene::25854,FAM149A,Gene
Gene::25855,BRMS1,Gene
Gene::25864,ABHD14A,Gene
Gene::25865,PRKD2,Gene
Gene::25870,SUMF2,Gene
Gene::25873,RPL36,Gene
Gene::25874,MPC2,Gene
Gene::25875,LETMD1,Gene
Gene::25878,MXRA5,Gene
Gene::2588,GALNS,Gene
Gene::25884,CHRDL2,Gene
Gene::25886,POC1A,Gene
Gene::25888,ZNF473,Gene
Gene::2589,GALNT1,Gene
Gene::25890,ABI3BP,Gene
Gene::25891,PAMR1,Gene
Gene::25893,TRIM58,Gene
Gene::25896,INTS7,Gene
Gene::25897,RNF19A,Gene
Gene::25898,RCHY1,Gene
Gene::259,AMBP,Gene
Gene::2590,GALNT2,Gene
Gene::25901,CCDC28A,Gene
Gene::25902,MTHFD1L,Gene
Gene::25903,OLFML2B,Gene
Gene::25904,CNOT10,Gene
Gene::25906,ANAPC15,Gene
Gene::25907,TMEM158,Gene
Gene::25909,AHCTF1,Gene
Gene::2591,GALNT3,Gene
Gene::25911,DPCD,Gene
Gene::25913,POT1,Gene
Gene::25915,NDUFAF3,Gene
Gene::259173,ALS2CL,Gene
Gene::259197,NCR3,Gene
Gene::2592,GALT,Gene
Gene::25920,NELFB,Gene
Gene::259215,LY6G6F,Gene
Gene::25923,ATL3,Gene
Gene::259230,SGMS1,Gene
Gene::25926,NOL11,Gene
Gene::259266,ASPM,Gene
Gene::25927,CNRIP1,Gene
Gene::259285,TAS2R39,Gene
Gene::25929,GEMIN5,Gene
Gene::259292,TAS2R46,Gene
Gene::2593,GAMT,Gene
Gene::259307,IL4I1,Gene
Gene::259308,FAM205A,Gene
Gene::25932,CLIC4,Gene
Gene::25934,NIPSNAP3A,Gene
Gene::25936,NSL1,Gene
Gene::25937,WWTR1,Gene
Gene::25939,SAMHD1,Gene
Gene::25940,FAM98A,Gene
Gene::25941,TPGS2,Gene
Gene::25942,SIN3A,Gene
Gene::25943,C20orf194,Gene
Gene::25946,ZNF385A,Gene
Gene::25948,KBTBD2,Gene
Gene::25949,SYF2,Gene
Gene::2595,GANC,Gene
Gene::25950,RWDD3,Gene
Gene::25953,PNKD,Gene
Gene::25956,SEC31B,Gene
Gene::25957,PNISR,Gene
Gene::25959,KANK2,Gene
Gene::2596,GAP43,Gene
Gene::25961,NUDT13,Gene
Gene::25966,C2CD2,Gene
Gene::2597,GAPDH,Gene
Gene::25970,SH2B1,Gene
Gene::25973,PARS2,Gene
Gene::25974,MMACHC,Gene
Gene::25975,EGFL6,Gene
Gene::25976,TIPARP,Gene
Gene::25977,NECAP1,Gene
Gene::25978,CHMP2B,Gene
Gene::25979,DHRS7B,Gene
Gene::25980,AAR2,Gene
Gene::25981,DNAH1,Gene
Gene::25983,NGDN,Gene
Gene::25984,KRT23,Gene
Gene::25987,TSKU,Gene
Gene::25989,ULK3,Gene
Gene::25992,SNED1,Gene
Gene::25994,HIGD1A,Gene
Gene::25996,REXO2,Gene
Gene::25998,IBTK,Gene
Gene::26,AOC1,Gene
Gene::26001,RNF167,Gene
Gene::26003,GORASP2,Gene
Gene::26005,C2CD3,Gene
Gene::26007,TKFC,Gene
Gene::26009,ZZZ3,Gene
Gene::26010,SPATS2L,Gene
Gene::26011,TENM4,Gene
Gene::26012,NSMF,Gene
Gene::26015,RPAP1,Gene
Gene::26017,FAM32A,Gene
Gene::26018,LRIG1,Gene
Gene::26019,UPF2,Gene
Gene::26020,LRP10,Gene
Gene::26022,TMEM98,Gene
Gene::26024,PTCD1,Gene
Gene::26025,PCDHGA12,Gene
Gene::26027,ACOT11,Gene
Gene::260293,CYP4X1,Gene
Gene::26031,OSBPL3,Gene
Gene::26032,SUSD5,Gene
Gene::26033,ATRNL1,Gene
Gene::26034,IPCEF1,Gene
Gene::26036,ZNF451,Gene
Gene::26037,SIPA1L1,Gene
Gene::26039,SS18L1,Gene
Gene::26040,SETBP1,Gene
Gene::260425,MAGI3,Gene
Gene::26043,UBXN7,Gene
Gene::26046,LTN1,Gene
Gene::26047,CNTNAP2,Gene
Gene::26049,FAM169A,Gene
Gene::26050,SLITRK5,Gene
Gene::26051,PPP1R16B,Gene
Gene::26052,DNM3,Gene
Gene::26053,AUTS2,Gene
Gene::26054,SENP6,Gene
Gene::26056,RAB11FIP5,Gene
Gene::26057,ANKRD17,Gene
Gene::26058,GIGYF2,Gene
Gene::26059,ERC2,Gene
Gene::26060,APPL1,Gene
Gene::26061,HACL1,Gene
Gene::26063,DECR2,Gene
Gene::26064,RAI14,Gene
Gene::26073,POLDIP2,Gene
Gene::26083,TBC1D29,Gene
Gene::26084,ARHGEF26,Gene
Gene::26085,KLK13,Gene
Gene::26086,GPSM1,Gene
Gene::26090,ABHD12,Gene
Gene::26092,TOR1AIP1,Gene
Gene::26094,DCAF4,Gene
Gene::26097,CHTOP,Gene
Gene::26112,CCDC69,Gene
Gene::26115,TANC2,Gene
Gene::26119,LDLRAP1,Gene
Gene::26121,PRPF31,Gene
Gene::26122,EPC2,Gene
Gene::26127,FGFR1OP2,Gene
Gene::26128,KIF1BP,Gene
Gene::26130,GAPVD1,Gene
Gene::26133,TRPC4AP,Gene
Gene::26135,SERBP1,Gene
Gene::26136,TES,Gene
Gene::26137,ZBTB20,Gene
Gene::26140,TTLL3,Gene
Gene::26147,PHF19,Gene
Gene::2615,LRRC32,Gene
Gene::26150,RIBC2,Gene
Gene::26151,NAT9,Gene
Gene::26152,ZNF337,Gene
Gene::26154,ABCA12,Gene
Gene::26155,NOC2L,Gene
Gene::26156,RSL1D1,Gene
Gene::26157,GIMAP2,Gene
Gene::26160,IFT172,Gene
Gene::26165,SPATA31A7,Gene
Gene::26166,RGS22,Gene
Gene::26167,PCDHB5,Gene
Gene::26168,SENP3,Gene
Gene::2617,GARS,Gene
Gene::261734,NPHP4,Gene
Gene::26175,TMEM251,Gene
Gene::2618,GART,Gene
Gene::2619,GAS1,Gene
Gene::26190,FBXW2,Gene
Gene::26191,PTPN22,Gene
Gene::262,AMD1,Gene
Gene::2620,GAS2,Gene
Gene::26205,GMEB2,Gene
Gene::26206,SPAG8,Gene
Gene::26207,PITPNC1,Gene
Gene::2621,GAS6,Gene
Gene::26211,OR2F1,Gene
Gene::26219,OR1J4,Gene
Gene::2622,GAS8,Gene
Gene::26225,ARL5A,Gene
Gene::26227,PHGDH,Gene
Gene::26228,STAP1,Gene
Gene::26229,B3GAT3,Gene
Gene::2623,GATA1,Gene
Gene::26230,TIAM2,Gene
Gene::26231,LRRC29,Gene
Gene::26232,FBXO2,Gene
Gene::26233,FBXL6,Gene
Gene::26234,FBXL5,Gene
Gene::26235,FBXL4,Gene
Gene::26239,LCE2B,Gene
Gene::2624,GATA2,Gene
Gene::26240,FAM50B,Gene
Gene::26249,KLHL3,Gene
Gene::2625,GATA3,Gene
Gene::26251,KCNG2,Gene
Gene::26254,OPTC,Gene
Gene::26256,CABYR,Gene
Gene::26258,BLOC1S6,Gene
Gene::2626,GATA4,Gene
Gene::26261,FBXO24,Gene
Gene::26263,FBXO22,Gene
Gene::26268,FBXO9,Gene
Gene::2627,GATA6,Gene
Gene::26270,FBXO6,Gene
Gene::26271,FBXO5,Gene
Gene::26273,FBXO3,Gene
Gene::26275,HIBCH,Gene
Gene::26276,VPS33B,Gene
Gene::26277,TINF2,Gene
Gene::26278,SACS,Gene
Gene::26279,PLA2G2D,Gene
Gene::2628,GATM,Gene
Gene::26281,FGF20,Gene
Gene::26284,ERAL1,Gene
Gene::26285,CLDN17,Gene
Gene::26286,ARFGAP3,Gene
Gene::26289,AK5,Gene
Gene::2629,GBA,Gene
Gene::26291,FGF21,Gene
Gene::26292,MYCBP,Gene
Gene::26297,SERGEF,Gene
Gene::26298,EHF,Gene
Gene::26301,GBGT1,Gene
Gene::2631,GBAS,Gene
Gene::2632,GBE1,Gene
Gene::2633,GBP1,Gene
Gene::26330,GAPDHS,Gene
Gene::2634,GBP2,Gene
Gene::2635,GBP3,Gene
Gene::26353,HSPB8,Gene
Gene::26354,GNL3,Gene
Gene::26355,FAM162A,Gene
Gene::2636,GBX1,Gene
Gene::2637,GBX2,Gene
Gene::2638,GC,Gene
Gene::2639,GCDH,Gene
Gene::2641,GCG,Gene
Gene::2642,GCGR,Gene
Gene::2643,GCH1,Gene
Gene::2645,GCK,Gene
Gene::2646,GCKR,Gene
Gene::26468,LHX6,Gene
Gene::26469,PTPN18,Gene
Gene::2647,BLOC1S1,Gene
Gene::26470,SEZ6L2,Gene
Gene::26471,NUPR1,Gene
Gene::26472,PPP1R14B,Gene
Gene::2648,KAT2A,Gene
Gene::26499,PLEK2,Gene
Gene::265,AMELX,Gene
Gene::2650,GCNT1,Gene
Gene::26502,NARF,Gene
Gene::26503,SLC17A5,Gene
Gene::26504,CNNM4,Gene
Gene::26505,CNNM3,Gene
Gene::26507,CNNM1,Gene
Gene::26508,HEYL,Gene
Gene::26509,MYOF,Gene
Gene::2651,GCNT2,Gene
Gene::26511,CHIC2,Gene
Gene::26512,INTS6,Gene
Gene::26515,TIMM10B,Gene
Gene::26517,TIMM13,Gene
Gene::26519,TIMM10,Gene
Gene::26520,TIMM9,Gene
Gene::26521,TIMM8B,Gene
Gene::26524,LATS2,Gene
Gene::26525,IL36RN,Gene
Gene::26528,DAZAP1,Gene
Gene::2653,GCSH,Gene
Gene::2657,GDF1,Gene
Gene::26574,AATF,Gene
Gene::26575,RGS17,Gene
Gene::26576,SRPK3,Gene
Gene::26577,PCOLCE2,Gene
Gene::26579,MYEOV,Gene
Gene::26585,GREM1,Gene
Gene::26586,CKAP2,Gene
Gene::26589,MRPL46,Gene
Gene::266,AMELY,Gene
Gene::2660,MSTN,Gene
Gene::26608,TBL2,Gene
Gene::2661,GDF9,Gene
Gene::26610,ELP4,Gene
Gene::2662,GDF10,Gene
Gene::2664,GDI1,Gene
Gene::26648,OR7E24,Gene
Gene::2665,GDI2,Gene
Gene::266629,SEC14L3,Gene
Gene::266727,MDGA1,Gene
Gene::266743,NPAS4,Gene
Gene::2668,GDNF,Gene
Gene::26682,OR4F4,Gene
Gene::2669,GEM,Gene
Gene::26692,OR2W1,Gene
Gene::26696,OR2T1,Gene
Gene::266977,ADGRF1,Gene
Gene::267,AMFR,Gene
Gene::2670,GFAP,Gene
Gene::267002,PGBD2,Gene
Gene::267012,DAOA,Gene
Gene::2671,GFER,Gene
Gene::26716,OR2H1,Gene
Gene::2672,GFI1,Gene
Gene::2673,GFPT1,Gene
Gene::26747,NUFIP1,Gene
Gene::26748,GAGE12I,Gene
Gene::26750,RPS6KC1,Gene
Gene::26751,SH3YL1,Gene
Gene::26762,HAVCR1,Gene
Gene::2677,GGCX,Gene
Gene::2678,GGT1,Gene
Gene::268,AMH,Gene
Gene::2683,B4GALT1,Gene
Gene::2686,GGT7,Gene
Gene::26872,STEAP1,Gene
Gene::26873,OPLAH,Gene
Gene::2688,GH1,Gene
Gene::269,AMHR2,Gene
Gene::2690,GHR,Gene
Gene::2691,GHRH,Gene
Gene::2692,GHRHR,Gene
Gene::2693,GHSR,Gene
Gene::2694,GIF,Gene
Gene::2695,GIP,Gene
Gene::26953,RANBP6,Gene
Gene::26958,COPG2,Gene
Gene::26959,HBP1,Gene
Gene::2696,GIPR,Gene
Gene::26960,NBEA,Gene
Gene::2697,GJA1,Gene
Gene::26973,CHORDC1,Gene
Gene::26974,ZNF285,Gene
Gene::26984,SEC22A,Gene
Gene::26985,AP3M1,Gene
Gene::26986,PABPC1,Gene
Gene::26993,AKAP8L,Gene
Gene::26994,RNF11,Gene
Gene::26996,GPR160,Gene
Gene::26999,CYFIP2,Gene
Gene::27,ABL2,Gene
Gene::270,AMPD1,Gene
Gene::2700,GJA3,Gene
Gene::27000,DNAJC2,Gene
Gene::27005,USP21,Gene
Gene::2701,GJA4,Gene
Gene::27010,TPK1,Gene
Gene::27012,KCNV1,Gene
Gene::27018,NGFRAP1,Gene
Gene::2702,GJA5,Gene
Gene::27020,NPTN,Gene
Gene::27023,FOXB1,Gene
Gene::2703,GJA8,Gene
Gene::27030,MLH3,Gene
Gene::27032,ATP2C1,Gene
Gene::27034,ACAD8,Gene
Gene::27035,NOX1,Gene
Gene::27042,DIEXF,Gene
Gene::27043,PELP1,Gene
Gene::27044,SND1,Gene
Gene::2705,GJB1,Gene
Gene::2706,GJB2,Gene
Gene::27063,ANKRD1,Gene
Gene::27065,NSG1,Gene
Gene::27067,STAU2,Gene
Gene::27068,PPA2,Gene
Gene::27069,GHITM,Gene
Gene::2707,GJB3,Gene
Gene::27071,DAPP1,Gene
Gene::27072,VPS41,Gene
Gene::27074,LAMP3,Gene
Gene::27075,TSPAN13,Gene
Gene::27076,LYPD3,Gene
Gene::27077,B9D1,Gene
Gene::27086,FOXP1,Gene
Gene::27087,B3GAT1,Gene
Gene::27089,UQCRQ,Gene
Gene::2709,GJB5,Gene
Gene::27092,CACNG4,Gene
Gene::27094,KCNMB3,Gene
Gene::27095,TRAPPC3,Gene
Gene::27097,TAF5L,Gene
Gene::27098,CLUL1,Gene
Gene::2710,GK,Gene
Gene::27101,CACYBP,Gene
Gene::27102,EIF2AK1,Gene
Gene::27106,ARRDC2,Gene
Gene::27107,ZBTB11,Gene
Gene::27109,ATP5S,Gene
Gene::27113,BBC3,Gene
Gene::27115,PDE7B,Gene
Gene::2712,GK2,Gene
Gene::27120,DKKL1,Gene
Gene::27121,DKK4,Gene
Gene::27122,DKK3,Gene
Gene::27123,DKK2,Gene
Gene::27125,AFF4,Gene
Gene::27127,SMC1B,Gene
Gene::27128,CYTH4,Gene
Gene::27131,SNX5,Gene
Gene::27132,CPNE7,Gene
Gene::27133,KCNH5,Gene
Gene::27134,TJP3,Gene
Gene::27136,MORC1,Gene
Gene::27141,CIDEB,Gene
Gene::27143,PALD1,Gene
Gene::27145,FILIP1,Gene
Gene::27146,FAM184B,Gene
Gene::27147,DENND2A,Gene
Gene::27148,STK36,Gene
Gene::27152,INTU,Gene
Gene::27153,ZNF777,Gene
Gene::27154,BRPF3,Gene
Gene::27158,NDOR1,Gene
Gene::27159,CHIA,Gene
Gene::27161,AGO2,Gene
Gene::27163,NAAA,Gene
Gene::27164,SALL3,Gene
Gene::27165,GLS2,Gene
Gene::27166,PRELID1,Gene
Gene::2717,GLA,Gene
Gene::27173,SLC39A1,Gene
Gene::27175,TUBG2,Gene
Gene::27178,IL37,Gene
Gene::27183,VPS4A,Gene
Gene::27185,DISC1,Gene
Gene::2719,GPC3,Gene
Gene::27198,HCAR1,Gene
Gene::272,AMPD3,Gene
Gene::2720,GLB1,Gene
Gene::27229,TUBGCP4,Gene
Gene::27230,SERP1,Gene
Gene::27231,NMRK2,Gene
Gene::27232,GNMT,Gene
Gene::27235,COQ2,Gene
Gene::27236,ARFIP1,Gene
Gene::27237,ARHGEF16,Gene
Gene::27239,GPR162,Gene
Gene::27240,SIT1,Gene
Gene::27241,BBS9,Gene
Gene::27242,TNFRSF21,Gene
Gene::27243,CHMP2A,Gene
Gene::27244,SESN1,Gene
Gene::27246,RNF115,Gene
Gene::27249,MMADHC,Gene
Gene::27250,PDCD4,Gene
Gene::27252,KLHL20,Gene
Gene::27253,PCDH17,Gene
Gene::27254,CSDC2,Gene
Gene::27255,CNTN6,Gene
Gene::27257,LSM1,Gene
Gene::27258,LSM3,Gene
Gene::27284,SULT1B1,Gene
Gene::27285,TEKT2,Gene
Gene::27286,SRPX2,Gene
Gene::27287,VENTX,Gene
Gene::27289,RND1,Gene
Gene::2729,GCLC,Gene
Gene::27292,DIMT1,Gene
Gene::27294,DHDH,Gene
Gene::27295,PDLIM3,Gene
Gene::27297,CRCP,Gene
Gene::27299,ADAMDEC1,Gene
Gene::273,AMPH,Gene
Gene::2730,GCLM,Gene
Gene::27300,ZNF544,Gene
Gene::27301,APEX2,Gene
Gene::27303,RBMS3,Gene
Gene::27304,MOCS3,Gene
Gene::27306,HPGDS,Gene
Gene::2731,GLDC,Gene
Gene::27316,RBMX,Gene
Gene::27324,TOX3,Gene
Gene::27327,TNRC6A,Gene
Gene::27328,PCDH11X,Gene
Gene::27329,ANGPTL3,Gene
Gene::2733,GLE1,Gene
Gene::27330,RPS6KA6,Gene
Gene::27332,ZNF638,Gene
Gene::27333,GOLIM4,Gene
Gene::27334,P2RY10,Gene
Gene::27335,EIF3K,Gene
Gene::27336,HTATSF1,Gene
Gene::27338,UBE2S,Gene
Gene::27339,PRPF19,Gene
Gene::27340,UTP20,Gene
Gene::27341,RRP7A,Gene
Gene::27342,RABGEF1,Gene
Gene::27344,PCSK1N,Gene
Gene::27345,KCNMB4,Gene
Gene::27346,TMEM97,Gene
Gene::27347,STK39,Gene
Gene::27348,TOR1B,Gene
Gene::27349,MCAT,Gene
Gene::2735,GLI1,Gene
Gene::27350,APOBEC3C,Gene
Gene::27351,DESI1,Gene
Gene::27352,SGSM3,Gene
Gene::2736,GLI2,Gene
Gene::2737,GLI3,Gene
Gene::2739,GLO1,Gene
Gene::274,BIN1,Gene
Gene::2740,GLP1R,Gene
Gene::2741,GLRA1,Gene
Gene::2742,GLRA2,Gene
Gene::27429,HTRA2,Gene
Gene::2743,GLRB,Gene
Gene::27430,MAT2B,Gene
Gene::27436,EML4,Gene
Gene::27439,CECR6,Gene
Gene::2744,GLS,Gene
Gene::2745,GLRX,Gene
Gene::2746,GLUD1,Gene
Gene::2747,GLUD2,Gene
Gene::275,AMT,Gene
Gene::2752,GLUL,Gene
Gene::276,AMY1A,Gene
Gene::2760,GM2A,Gene
Gene::2762,GMDS,Gene
Gene::2766,GMPR,Gene
Gene::2767,GNA11,Gene
Gene::2768,GNA12,Gene
Gene::2769,GNA15,Gene
Gene::277,AMY1B,Gene
Gene::2770,GNAI1,Gene
Gene::2771,GNAI2,Gene
Gene::2773,GNAI3,Gene
Gene::2774,GNAL,Gene
Gene::2775,GNAO1,Gene
Gene::2776,GNAQ,Gene
Gene::2778,GNAS,Gene
Gene::278,AMY1C,Gene
Gene::2780,GNAT2,Gene
Gene::2782,GNB1,Gene
Gene::2783,GNB2,Gene
Gene::2784,GNB3,Gene
Gene::2786,GNG4,Gene
Gene::2787,GNG5,Gene
Gene::2788,GNG7,Gene
Gene::279,AMY2A,Gene
Gene::2790,GNG10,Gene
Gene::2791,GNG11,Gene
Gene::2794,GNL1,Gene
Gene::2796,GNRH1,Gene
Gene::2798,GNRHR,Gene
Gene::2799,GNS,Gene
Gene::28,ABO,Gene
Gene::280,AMY2B,Gene
Gene::2800,GOLGA1,Gene
Gene::2802,GOLGA3,Gene
Gene::2803,GOLGA4,Gene
Gene::2804,GOLGB1,Gene
Gene::2805,GOT1,Gene
Gene::2806,GOT2,Gene
Gene::280636,C11orf31,Gene
Gene::2810,SFN,Gene
Gene::2811,GP1BA,Gene
Gene::2812,GP1BB,Gene
Gene::2813,GP2,Gene
Gene::2814,GP5,Gene
Gene::2815,GP9,Gene
Gene::2817,GPC1,Gene
Gene::2820,GPD2,Gene
Gene::2821,GPI,Gene
Gene::2822,GPLD1,Gene
Gene::2823,GPM6A,Gene
Gene::28231,SLCO4A1,Gene
Gene::28232,SLCO3A1,Gene
Gene::28234,SLCO1B3,Gene
Gene::2824,GPM6B,Gene
Gene::2825,GPR1,Gene
Gene::2826,CCR10,Gene
Gene::282617,IFNL3,Gene
Gene::282618,IFNL1,Gene
Gene::282679,AQP11,Gene
Gene::2828,GPR4,Gene
Gene::282808,RAB40AL,Gene
Gene::282973,JAKMIP3,Gene
Gene::282996,RBM20,Gene
Gene::283,ANG,Gene
Gene::283075,LOC283075,Gene
Gene::283080,C10orf126,Gene
Gene::283092,OR4C13,Gene
Gene::283093,OR4C12,Gene
Gene::283106,CSNK2A3,Gene
Gene::283130,SLC25A45,Gene
Gene::283171,C11orf44,Gene
Gene::2832,NPBWR2,Gene
Gene::283208,P4HA3,Gene
Gene::283209,PGM2L1,Gene
Gene::283212,KLHL35,Gene
Gene::283219,KCTD21,Gene
Gene::283229,CRACR2B,Gene
Gene::283232,TMEM80,Gene
Gene::283237,TTC9C,Gene
Gene::283270,LOC283270,Gene
Gene::2833,CXCR3,Gene
Gene::283316,CD163L1,Gene
Gene::283357,LOC283357,Gene
Gene::283358,B4GALNT3,Gene
Gene::283373,ANKRD52,Gene
Gene::283375,SLC39A5,Gene
Gene::2834,PRLHR,Gene
Gene::283450,HECTD4,Gene
Gene::283454,LOC283454,Gene
Gene::283459,GATC,Gene
Gene::283489,CHAMP1,Gene
Gene::2835,GPR12,Gene
Gene::283514,SIAH3,Gene
Gene::283537,SLC46A3,Gene
Gene::283579,C14orf178,Gene
Gene::283600,SLC25A47,Gene
Gene::283635,FAM177A1,Gene
Gene::283638,CEP170B,Gene
Gene::283659,PRTG,Gene
Gene::2837,UTS2R,Gene
Gene::283713,LOC283713,Gene
Gene::283737,LOC283737,Gene
Gene::283742,FAM98B,Gene
Gene::2838,GPR15,Gene
Gene::283820,NOMO2,Gene
Gene::283869,NPW,Gene
Gene::283897,C16orf54,Gene
Gene::283927,NUDT7,Gene
Gene::283987,HID1,Gene
Gene::284,ANGPT1,Gene
Gene::284013,VMO1,Gene
Gene::284018,C17orf58,Gene
Gene::284021,MILR1,Gene
Gene::284058,KANSL1,Gene
Gene::284067,C17orf105,Gene
Gene::284086,NEK8,Gene
Gene::284098,PIGW,Gene
Gene::2841,GPR18,Gene
Gene::284110,GSDMA,Gene
Gene::284119,PTRF,Gene
Gene::284131,ENDOV,Gene
Gene::284186,TMEM105,Gene
Gene::284194,LGALS9B,Gene
Gene::284207,METRNL,Gene
Gene::284217,LAMA1,Gene
Gene::284254,DYNAP,Gene
Gene::284273,ZADH2,Gene
Gene::284274,SMIM21,Gene
Gene::284325,C19orf54,Gene
Gene::284349,ZNF283,Gene
Gene::284358,MAMSTR,Gene
Gene::284359,IZUMO1,Gene
Gene::284366,KLK9,Gene
Gene::284382,ACTL9,Gene
Gene::284383,OR2Z1,Gene
Gene::284391,ZNF844,Gene
Gene::2844,GPR21,Gene
Gene::284406,ZFP82,Gene
Gene::284451,ODF3L2,Gene
Gene::284485,RIIAD1,Gene
Gene::284525,SLC9C2,Gene
Gene::284541,CYP4A22,Gene
Gene::284570,LOC284570,Gene
Gene::284613,CYB561D1,Gene
Gene::284615,ANKRD34A,Gene
Gene::284654,RSPO1,Gene
Gene::2847,MCHR1,Gene
Gene::284716,RIMKLA,Gene
Gene::284756,C20orf197,Gene
Gene::2848,GPR25,Gene
Gene::284904,SEC14L4,Gene
Gene::284948,SH2D6,Gene
Gene::284996,RNF149,Gene
Gene::285,ANGPT2,Gene
Gene::285016,FAM150B,Gene
Gene::28514,DLL1,Gene
Gene::285172,FAM126B,Gene
Gene::285195,SLC9A9,Gene
Gene::2852,GPER1,Gene
Gene::285203,EOGT,Gene
Gene::285220,EPHA6,Gene
Gene::285231,FBXW12,Gene
Gene::285237,C3orf38,Gene
Gene::285267,ZNF619,Gene
Gene::285268,ZNF621,Gene
Gene::285282,RABL3,Gene
Gene::2853,GPR31,Gene
Gene::285313,IGSF10,Gene
Gene::285331,CCDC66,Gene
Gene::285335,SLC9C1,Gene
Gene::285362,SUMF1,Gene
Gene::285368,PRRT3,Gene
Gene::2854,GPR32,Gene
Gene::285440,CYP4V2,Gene
Gene::285464,CRIPAK,Gene
Gene::285498,RNF212,Gene
Gene::285527,FRYL,Gene
Gene::285533,RNF175,Gene
Gene::285590,SH3PXD2B,Gene
Gene::285601,GPR150,Gene
Gene::285636,C5orf51,Gene
Gene::285668,C5orf64,Gene
Gene::285672,SREK1IP1,Gene
Gene::285679,C5orf60,Gene
Gene::2857,GPR34,Gene
Gene::285704,RGMB,Gene
Gene::285761,DCBLD1,Gene
Gene::285800,PRR18,Gene
Gene::285812,LOC285812,Gene
Gene::285848,PNPLA1,Gene
Gene::285852,TREML4,Gene
Gene::285855,RPL7L1,Gene
Gene::2859,GPR35,Gene
Gene::285966,TCAF2,Gene
Gene::285971,ZNF775,Gene
Gene::285989,ZNF789,Gene
Gene::286,ANK1,Gene
Gene::286046,XKR6,Gene
Gene::286052,LOC286052,Gene
Gene::286077,FAM83H,Gene
Gene::2861,GPR37,Gene
Gene::286121,LOC286121,Gene
Gene::286122,C8orf31,Gene
Gene::286133,SCARA5,Gene
Gene::286144,TRIQK,Gene
Gene::286148,DPY19L4,Gene
Gene::286151,FBXO43,Gene
Gene::2862,MLNR,Gene
Gene::2863,GPR39,Gene
Gene::2864,FFAR1,Gene
Gene::286436,H2BFM,Gene
Gene::286451,YIPF6,Gene
Gene::286527,TMSB15B,Gene
Gene::286530,P2RY8,Gene
Gene::2867,FFAR2,Gene
Gene::286753,TUSC5,Gene
Gene::2868,GRK4,Gene
Gene::286827,TRIM59,Gene
Gene::286887,KRT6C,Gene
Gene::2869,GRK5,Gene
Gene::287,ANK2,Gene
Gene::2870,GRK6,Gene
Gene::287015,TRIM42,Gene
Gene::2872,MKNK2,Gene
Gene::2873,GPS1,Gene
Gene::2874,GPS2,Gene
Gene::2875,GPT,Gene
Gene::2876,GPX1,Gene
Gene::2877,GPX2,Gene
Gene::2878,GPX3,Gene
Gene::2879,GPX4,Gene
Gene::288,ANK3,Gene
Gene::2880,GPX5,Gene
Gene::2882,GPX7,Gene
Gene::2885,GRB2,Gene
Gene::2886,GRB7,Gene
Gene::2887,GRB10,Gene
Gene::2888,GRB14,Gene
Gene::2890,GRIA1,Gene
Gene::2891,GRIA2,Gene
Gene::2892,GRIA3,Gene
Gene::2893,GRIA4,Gene
Gene::2894,GRID1,Gene
Gene::28951,TRIB2,Gene
Gene::28952,CCDC22,Gene
Gene::28954,REM1,Gene
Gene::28955,DEXI,Gene
Gene::28956,LAMTOR2,Gene
Gene::28957,MRPS28,Gene
Gene::28958,COA3,Gene
Gene::2896,GRN,Gene
Gene::28960,DCPS,Gene
Gene::28962,OSTM1,Gene
Gene::28965,SLC27A6,Gene
Gene::28966,SNX24,Gene
Gene::28968,SLC6A16,Gene
Gene::28969,BZW2,Gene
Gene::2897,GRIK1,Gene
Gene::28970,C11orf54,Gene
Gene::28971,AAMDC,Gene
Gene::28972,SPCS1,Gene
Gene::28973,MRPS18B,Gene
Gene::28976,ACAD9,Gene
Gene::28977,MRPL42,Gene
Gene::28978,TMEM14A,Gene
Gene::2898,GRIK2,Gene
Gene::28981,IFT81,Gene
Gene::28982,FLVCR1,Gene
Gene::28984,RGCC,Gene
Gene::28985,MCTS1,Gene
Gene::28986,MAGEH1,Gene
Gene::28987,NOB1,Gene
Gene::28988,DBNL,Gene
Gene::2899,GRIK3,Gene
Gene::28990,ASTE1,Gene
Gene::28992,MACROD1,Gene
Gene::28996,HIPK2,Gene
Gene::28998,MRPL13,Gene
Gene::28999,KLF15,Gene
Gene::29,ABR,Gene
Gene::290,ANPEP,Gene
Gene::2900,GRIK4,Gene
Gene::2901,GRIK5,Gene
Gene::29015,SLC43A3,Gene
Gene::2902,GRIN1,Gene
Gene::29028,ATAD2,Gene
Gene::2903,GRIN2A,Gene
Gene::2904,GRIN2B,Gene
Gene::2905,GRIN2C,Gene
Gene::29057,FAM156A,Gene
Gene::29058,TMEM230,Gene
Gene::2906,GRIN2D,Gene
Gene::29062,WDR91,Gene
Gene::29066,ZC3H7A,Gene
Gene::29068,ZBTB44,Gene
Gene::2907,GRINA,Gene
Gene::29071,C1GALT1C1,Gene
Gene::29072,SETD2,Gene
Gene::29074,MRPL18,Gene
Gene::29078,NDUFAF4,Gene
Gene::29079,MED4,Gene
Gene::2908,NR3C1,Gene
Gene::29080,CCDC59,Gene
Gene::29081,METTL5,Gene
Gene::29082,CHMP4A,Gene
Gene::29083,GTPBP8,Gene
Gene::29086,BABAM1,Gene
Gene::29087,THYN1,Gene
Gene::29088,MRPL15,Gene
Gene::29089,UBE2T,Gene
Gene::2909,ARHGAP35,Gene
Gene::29090,TIMM21,Gene
Gene::29091,STXBP6,Gene
Gene::29093,MRPL22,Gene
Gene::29095,ORMDL2,Gene
Gene::29097,CNIH4,Gene
Gene::29099,COMMD9,Gene
Gene::291,SLC25A4,Gene
Gene::29100,TMEM208,Gene
Gene::29101,SSU72,Gene
Gene::29102,DROSHA,Gene
Gene::29103,DNAJC15,Gene
Gene::29104,N6AMT1,Gene
Gene::29105,CFAP20,Gene
Gene::29107,NXT1,Gene
Gene::29108,PYCARD,Gene
Gene::29109,FHOD1,Gene
Gene::2911,GRM1,Gene
Gene::29110,TBK1,Gene
Gene::29115,SAP30BP,Gene
Gene::29116,MYLIP,Gene
Gene::29117,BRD7,Gene
Gene::29118,DDX25,Gene
Gene::29119,CTNNA3,Gene
Gene::2912,GRM2,Gene
Gene::29121,CLEC2D,Gene
Gene::29123,ANKRD11,Gene
Gene::29124,LGALS13,Gene
Gene::29125,C11orf21,Gene
Gene::29126,CD274,Gene
Gene::29127,RACGAP1,Gene
Gene::29128,UHRF1,Gene
Gene::2913,GRM3,Gene
Gene::2914,GRM4,Gene
Gene::2915,GRM5,Gene
Gene::2917,GRM7,Gene
Gene::2918,GRM8,Gene
Gene::2919,CXCL1,Gene
Gene::292,SLC25A5,Gene
Gene::2920,CXCL2,Gene
Gene::2921,CXCL3,Gene
Gene::2922,GRP,Gene
Gene::2923,PDIA3,Gene
Gene::2925,GRPR,Gene
Gene::293,SLC25A6,Gene
Gene::2931,GSK3A,Gene
Gene::2932,GSK3B,Gene
Gene::2934,GSN,Gene
Gene::2935,GSPT1,Gene
Gene::2936,GSR,Gene
Gene::2937,GSS,Gene
Gene::2938,GSTA1,Gene
Gene::2939,GSTA2,Gene
Gene::2940,GSTA3,Gene
Gene::2941,GSTA4,Gene
Gene::2944,GSTM1,Gene
Gene::2946,GSTM2,Gene
Gene::2947,GSTM3,Gene
Gene::2948,GSTM4,Gene
Gene::2949,GSTM5,Gene
Gene::2950,GSTP1,Gene
Gene::2952,GSTT1,Gene
Gene::2953,GSTT2,Gene
Gene::2954,GSTZ1,Gene
Gene::2956,MSH6,Gene
Gene::2958,GTF2A2,Gene
Gene::2959,GTF2B,Gene
Gene::2960,GTF2E1,Gene
Gene::2961,GTF2E2,Gene
Gene::2962,GTF2F1,Gene
Gene::2965,GTF2H1,Gene
Gene::2967,GTF2H3,Gene
Gene::2969,GTF2I,Gene
Gene::2971,GTF3A,Gene
Gene::2975,GTF3C1,Gene
Gene::2976,GTF3C2,Gene
Gene::29760,BLNK,Gene
Gene::29761,USP25,Gene
Gene::29763,PACSIN3,Gene
Gene::29765,TMOD4,Gene
Gene::29766,TMOD3,Gene
Gene::29767,TMOD2,Gene
Gene::2977,GUCY1A2,Gene
Gene::29775,CARD10,Gene
Gene::29777,ABT1,Gene
Gene::2978,GUCA1A,Gene
Gene::29780,PARVB,Gene
Gene::29781,NCAPH2,Gene
Gene::29785,CYP2S1,Gene
Gene::29796,UQCR10,Gene
Gene::29799,YPEL1,Gene
Gene::2980,GUCA2A,Gene
Gene::29801,ZDHHC8,Gene
Gene::29802,VPREB3,Gene
Gene::29803,REPIN1,Gene
Gene::2981,GUCA2B,Gene
Gene::2982,GUCY1A3,Gene
Gene::2983,GUCY1B3,Gene
Gene::2984,GUCY2C,Gene
Gene::29841,GRHL1,Gene
Gene::29844,TFPT,Gene
Gene::29850,TRPM5,Gene
Gene::29851,ICOS,Gene
Gene::29855,UBN1,Gene
Gene::2987,GUK1,Gene
Gene::29880,ALG5,Gene
Gene::29881,NPC1L1,Gene
Gene::29882,ANAPC2,Gene
Gene::29883,CNOT7,Gene
Gene::29887,SNX10,Gene
Gene::29889,GNL2,Gene
Gene::29890,RBM15B,Gene
Gene::29893,PSMC3IP,Gene
Gene::29894,CPSF1,Gene
Gene::29899,GPSM2,Gene
Gene::29901,SAC3D1,Gene
Gene::29902,FAM216A,Gene
Gene::29904,EEF2K,Gene
Gene::29909,GPR171,Gene
Gene::29911,HOOK2,Gene
Gene::29914,UBIAD1,Gene
Gene::29915,HCFC2,Gene
Gene::29916,SNX11,Gene
Gene::29919,C18orf8,Gene
Gene::2992,GYG1,Gene
Gene::29920,PYCR2,Gene
Gene::29923,HILPDA,Gene
Gene::29924,EPN1,Gene
Gene::29925,GMPPB,Gene
Gene::29926,GMPPA,Gene
Gene::29927,SEC61A1,Gene
Gene::29928,TIMM22,Gene
Gene::29929,ALG6,Gene
Gene::2993,GYPA,Gene
Gene::29933,GPR132,Gene
Gene::29937,NENF,Gene
Gene::2994,GYPB,Gene
Gene::29940,DSE,Gene
Gene::29942,PURG,Gene
Gene::29943,PADI1,Gene
Gene::29945,ANAPC4,Gene
Gene::29946,SERTAD3,Gene
Gene::29947,DNMT3L,Gene
Gene::29949,IL19,Gene
Gene::2995,GYPC,Gene
Gene::29950,SERTAD1,Gene
Gene::29951,PDZRN4,Gene
Gene::29952,DPP7,Gene
Gene::29953,TRHDE,Gene
Gene::29954,POMT2,Gene
Gene::29956,CERS2,Gene
Gene::29957,SLC25A24,Gene
Gene::2996,GYPE,Gene
Gene::29960,FTSJ2,Gene
Gene::29964,PRICKLE4,Gene
Gene::29965,CDIP1,Gene
Gene::29967,LRP12,Gene
Gene::29968,PSAT1,Gene
Gene::2997,GYS1,Gene
Gene::29970,SCHIP1,Gene
Gene::29978,UBQLN2,Gene
Gene::29979,UBQLN1,Gene
Gene::29980,DONSON,Gene
Gene::29982,NRBF2,Gene
Gene::29984,RHOD,Gene
Gene::29986,SLC39A2,Gene
Gene::29990,PILRB,Gene
Gene::29991,OBP2A,Gene
Gene::29992,PILRA,Gene
Gene::29994,BAZ2B,Gene
Gene::29995,LMCD1,Gene
Gene::29997,GLTSCR2,Gene
Gene::29999,FSCN3,Gene
Gene::30,ACAA1,Gene
Gene::3000,GUCY2D,Gene
Gene::30000,TNPO2,Gene
Gene::30001,ERO1L,Gene
Gene::30008,EFEMP2,Gene
Gene::30009,TBX21,Gene
Gene::3001,GZMA,Gene
Gene::30011,SH3KBP1,Gene
Gene::30012,TLX3,Gene
Gene::3002,GZMB,Gene
Gene::3003,GZMK,Gene
Gene::3004,GZMM,Gene
Gene::3005,H1F0,Gene
Gene::3006,HIST1H1C,Gene
Gene::30061,SLC40A1,Gene
Gene::30062,RAX,Gene
Gene::3008,HIST1H1E,Gene
Gene::3009,HIST1H1B,Gene
Gene::301,ANXA1,Gene
Gene::3012,HIST1H2AE,Gene
Gene::3014,H2AFX,Gene
Gene::3015,H2AFZ,Gene
Gene::3017,HIST1H2BD,Gene
Gene::3018,HIST1H2BB,Gene
Gene::302,ANXA2,Gene
Gene::3020,H3F3A,Gene
Gene::3021,H3F3B,Gene
Gene::3026,HABP2,Gene
Gene::3028,HSD17B10,Gene
Gene::3029,HAGH,Gene
Gene::3030,HADHA,Gene
Gene::3032,HADHB,Gene
Gene::3033,HADH,Gene
Gene::3034,HAL,Gene
Gene::3035,HARS,Gene
Gene::3036,HAS1,Gene
Gene::3037,HAS2,Gene
Gene::3038,HAS3,Gene
Gene::3039,HBA1,Gene
Gene::3040,HBA2,Gene
Gene::3042,HBM,Gene
Gene::3043,HBB,Gene
Gene::3045,HBD,Gene
Gene::3046,HBE1,Gene
Gene::3047,HBG1,Gene
Gene::3048,HBG2,Gene
Gene::3050,HBZ,Gene
Gene::3052,HCCS,Gene
Gene::3053,SERPIND1,Gene
Gene::3054,HCFC1,Gene
Gene::3055,HCK,Gene
Gene::3059,HCLS1,Gene
Gene::306,ANXA3,Gene
Gene::3060,HCRT,Gene
Gene::3061,HCRTR1,Gene
Gene::3062,HCRTR2,Gene
Gene::3065,HDAC1,Gene
Gene::3066,HDAC2,Gene
Gene::3067,HDC,Gene
Gene::3068,HDGF,Gene
Gene::3069,HDLBP,Gene
Gene::307,ANXA4,Gene
Gene::3070,HELLS,Gene
Gene::3071,NCKAP1L,Gene
Gene::3073,HEXA,Gene
Gene::3074,HEXB,Gene
Gene::3075,CFH,Gene
Gene::3077,HFE,Gene
Gene::3078,CFHR1,Gene
Gene::308,ANXA5,Gene
Gene::3080,CFHR2,Gene
Gene::3081,HGD,Gene
Gene::30811,HUNK,Gene
Gene::30814,PLA2G2E,Gene
Gene::30815,ST6GALNAC6,Gene
Gene::30816,ERVW-1,Gene
Gene::30817,ADGRE2,Gene
Gene::3082,HGF,Gene
Gene::30820,KCNIP1,Gene
Gene::30827,CXXC1,Gene
Gene::30833,NT5C,Gene
Gene::30834,ZNRD1,Gene
Gene::30835,CD209,Gene
Gene::30836,DNTTIP2,Gene
Gene::30837,SOCS7,Gene
Gene::3084,NRG1,Gene
Gene::30844,EHD4,Gene
Gene::30845,EHD3,Gene
Gene::30846,EHD2,Gene
Gene::30848,CTAG2,Gene
Gene::30849,PIK3R4,Gene
Gene::30850,CDR2L,Gene
Gene::30851,TAX1BP3,Gene
Gene::3087,HHEX,Gene
Gene::309,ANXA6,Gene
Gene::3090,HIC1,Gene
Gene::3091,HIF1A,Gene
Gene::3092,HIP1,Gene
Gene::3093,UBE2K,Gene
Gene::3094,HINT1,Gene
Gene::3096,HIVEP1,Gene
Gene::30968,STOML2,Gene
Gene::3097,HIVEP2,Gene
Gene::3098,HK1,Gene
Gene::3099,HK2,Gene
Gene::31,ACACA,Gene
Gene::310,ANXA7,Gene
Gene::3101,HK3,Gene
Gene::3104,ZBTB48,Gene
Gene::3105,HLA-A,Gene
Gene::3106,HLA-B,Gene
Gene::3107,HLA-C,Gene
Gene::3108,HLA-DMA,Gene
Gene::3109,HLA-DMB,Gene
Gene::311,ANXA11,Gene
Gene::3110,MNX1,Gene
Gene::3112,HLA-DOB,Gene
Gene::3113,HLA-DPA1,Gene
Gene::3115,HLA-DPB1,Gene
Gene::3117,HLA-DQA1,Gene
Gene::3118,HLA-DQA2,Gene
Gene::3119,HLA-DQB1,Gene
Gene::3120,HLA-DQB2,Gene
Gene::3122,HLA-DRA,Gene
Gene::3123,HLA-DRB1,Gene
Gene::3126,HLA-DRB4,Gene
Gene::3127,HLA-DRB5,Gene
Gene::313,AOAH,Gene
Gene::3131,HLF,Gene
Gene::3133,HLA-E,Gene
Gene::3134,HLA-F,Gene
Gene::3135,HLA-G,Gene
Gene::3140,MR1,Gene
Gene::3141,HLCS,Gene
Gene::3142,HLX,Gene
Gene::3146,HMGB1,Gene
Gene::3148,HMGB2,Gene
Gene::3149,HMGB3,Gene
Gene::3150,HMGN1,Gene
Gene::3155,HMGCL,Gene
Gene::3156,HMGCR,Gene
Gene::3157,HMGCS1,Gene
Gene::3158,HMGCS2,Gene
Gene::3159,HMGA1,Gene
Gene::316,AOX1,Gene
Gene::3161,HMMR,Gene
Gene::3162,HMOX1,Gene
Gene::3163,HMOX2,Gene
Gene::3164,NR4A1,Gene
Gene::3166,HMX1,Gene
Gene::3169,FOXA1,Gene
Gene::317,APAF1,Gene
Gene::3170,FOXA2,Gene
Gene::3171,FOXA3,Gene
Gene::3172,HNF4A,Gene
Gene::3174,HNF4G,Gene
Gene::3176,HNMT,Gene
Gene::317649,EIF4E3,Gene
Gene::3177,SLC29A2,Gene
Gene::317719,KLHL10,Gene
Gene::317749,DHRS4L2,Gene
Gene::317762,CCDC85C,Gene
Gene::317772,HIST2H2AB,Gene
Gene::3178,HNRNPA1,Gene
Gene::318,NUDT2,Gene
Gene::3181,HNRNPA2B1,Gene
Gene::3182,HNRNPAB,Gene
Gene::3183,HNRNPC,Gene
Gene::3184,HNRNPD,Gene
Gene::3185,HNRNPF,Gene
Gene::3187,HNRNPH1,Gene
Gene::3188,HNRNPH2,Gene
Gene::3189,HNRNPH3,Gene
Gene::3190,HNRNPK,Gene
Gene::319089,TTC6,Gene
Gene::3191,HNRNPL,Gene
Gene::319100,TAAR6,Gene
Gene::319101,KRT73,Gene
Gene::3192,HNRNPU,Gene
Gene::3195,TLX1,Gene
Gene::3196,TLX2,Gene
Gene::3198,HOXA1,Gene
Gene::3199,HOXA2,Gene
Gene::32,ACACB,Gene
Gene::320,APBA1,Gene
Gene::3201,HOXA4,Gene
Gene::3202,HOXA5,Gene
Gene::3204,HOXA7,Gene
Gene::3205,HOXA9,Gene
Gene::3206,HOXA10,Gene
Gene::3207,HOXA11,Gene
Gene::3209,HOXA13,Gene
Gene::321,APBA2,Gene
Gene::3211,HOXB1,Gene
Gene::3212,HOXB2,Gene
Gene::3215,HOXB5,Gene
Gene::3217,HOXB7,Gene
Gene::322,APBB1,Gene
Gene::3221,HOXC4,Gene
Gene::3222,HOXC5,Gene
Gene::3223,HOXC6,Gene
Gene::3224,HOXC8,Gene
Gene::3229,HOXC13,Gene
Gene::323,APBB2,Gene
Gene::3231,HOXD1,Gene
Gene::3232,HOXD3,Gene
Gene::3233,HOXD4,Gene
Gene::3235,HOXD9,Gene
Gene::3236,HOXD10,Gene
Gene::3237,HOXD11,Gene
Gene::3238,HOXD12,Gene
Gene::3239,HOXD13,Gene
Gene::324,APC,Gene
Gene::3240,HP,Gene
Gene::3241,HPCAL1,Gene
Gene::3242,HPD,Gene
Gene::3248,HPGD,Gene
Gene::3249,HPN,Gene
Gene::325,APCS,Gene
Gene::3251,HPRT1,Gene
Gene::326,AIRE,Gene
Gene::3263,HPX,Gene
Gene::326340,ZAR1,Gene
Gene::3265,HRAS,Gene
Gene::3266,ERAS,Gene
Gene::326625,MMAB,Gene
Gene::3267,AGFG1,Gene
Gene::3268,AGFG2,Gene
Gene::3269,HRH1,Gene
Gene::327,APEH,Gene
Gene::3273,HRG,Gene
Gene::3274,HRH2,Gene
Gene::3275,PRMT2,Gene
Gene::3276,PRMT1,Gene
Gene::327657,SERPINA9,Gene
Gene::328,APEX1,Gene
Gene::3280,HES1,Gene
Gene::3281,HSBP1,Gene
Gene::3283,HSD3B1,Gene
Gene::3284,HSD3B2,Gene
Gene::329,BIRC2,Gene
Gene::3290,HSD11B1,Gene
Gene::3291,HSD11B2,Gene
Gene::3292,HSD17B1,Gene
Gene::3293,HSD17B3,Gene
Gene::3294,HSD17B2,Gene
Gene::3295,HSD17B4,Gene
Gene::3297,HSF1,Gene
Gene::3298,HSF2,Gene
Gene::33,ACADL,Gene
Gene::330,BIRC3,Gene
Gene::3300,DNAJB2,Gene
Gene::3301,DNAJA1,Gene
Gene::3303,HSPA1A,Gene
Gene::3304,HSPA1B,Gene
Gene::3305,HSPA1L,Gene
Gene::3306,HSPA2,Gene
Gene::3308,HSPA4,Gene
Gene::3309,HSPA5,Gene
Gene::331,XIAP,Gene
Gene::3310,HSPA6,Gene
Gene::3312,HSPA8,Gene
Gene::3313,HSPA9,Gene
Gene::3315,HSPB1,Gene
Gene::3316,HSPB2,Gene
Gene::332,BIRC5,Gene
Gene::3320,HSP90AA1,Gene
Gene::3326,HSP90AB1,Gene
Gene::3329,HSPD1,Gene
Gene::333,APLP1,Gene
Gene::3336,HSPE1,Gene
Gene::3337,DNAJB1,Gene
Gene::3338,DNAJC4,Gene
Gene::3339,HSPG2,Gene
Gene::333926,PPM1J,Gene
Gene::333932,HIST2H3A,Gene
Gene::334,APLP2,Gene
Gene::3340,NDST1,Gene
Gene::3346,HTN1,Gene
Gene::335,APOA1,Gene
Gene::3350,HTR1A,Gene
Gene::3351,HTR1B,Gene
Gene::3352,HTR1D,Gene
Gene::3354,HTR1E,Gene
Gene::3355,HTR1F,Gene
Gene::3356,HTR2A,Gene
Gene::3357,HTR2B,Gene
Gene::3358,HTR2C,Gene
Gene::3359,HTR3A,Gene
Gene::336,APOA2,Gene
Gene::3360,HTR4,Gene
Gene::3361,HTR5A,Gene
Gene::3362,HTR6,Gene
Gene::3363,HTR7,Gene
Gene::3364,HUS1,Gene
Gene::337,APOA4,Gene
Gene::3371,TNC,Gene
Gene::3373,HYAL1,Gene
Gene::3375,IAPP,Gene
Gene::3376,IARS,Gene
Gene::337867,UBAC2,Gene
Gene::337876,CHSY3,Gene
Gene::337959,KRTAP13-2,Gene
Gene::337972,KRTAP19-5,Gene
Gene::337973,KRTAP19-6,Gene
Gene::338,APOB,Gene
Gene::3381,IBSP,Gene
Gene::3382,ICA1,Gene
Gene::3383,ICAM1,Gene
Gene::338321,NLRP9,Gene
Gene::338322,NLRP10,Gene
Gene::338324,S100A7A,Gene
Gene::338328,GPIHBP1,Gene
Gene::338339,CLEC4D,Gene
Gene::338382,RAB7B,Gene
Gene::338398,TAS2R60,Gene
Gene::3384,ICAM2,Gene
Gene::338442,HCAR2,Gene
Gene::3385,ICAM3,Gene
Gene::338557,FFAR4,Gene
Gene::338567,KCNK18,Gene
Gene::338620,LOC338620,Gene
Gene::338645,LUZP2,Gene
Gene::338674,OR5F1,Gene
Gene::338699,ANKRD42,Gene
Gene::338917,VSX2,Gene
Gene::339,APOBEC1,Gene
Gene::339105,PRSS53,Gene
Gene::339122,RAB43,Gene
Gene::339123,JMJD8,Gene
Gene::339184,CCDC144NL,Gene
Gene::339229,OXLD1,Gene
Gene::339287,MSL1,Gene
Gene::3394,IRF8,Gene
Gene::339448,C1orf174,Gene
Gene::339479,BRINP3,Gene
Gene::339487,ZBTB8OS,Gene
Gene::339512,C1orf110,Gene
Gene::3396,ICT1,Gene
Gene::3397,ID1,Gene
Gene::339766,MROH2A,Gene
Gene::339778,C2orf70,Gene
Gene::3398,ID2,Gene
Gene::339855,KY,Gene
Gene::339896,GADL1,Gene
Gene::3399,ID3,Gene
Gene::339965,CCDC158,Gene
Gene::339967,TMPRSS11A,Gene
Gene::339976,TRIML1,Gene
Gene::34,ACADM,Gene
Gene::3400,ID4,Gene
Gene::340024,SLC6A19,Gene
Gene::340061,TMEM173,Gene
Gene::340069,FAM170A,Gene
Gene::340120,ANKRD34B,Gene
Gene::340152,ZC3H12D,Gene
Gene::340156,MYLK4,Gene
Gene::340205,TREML1,Gene
Gene::340267,COL28A1,Gene
Gene::340273,ABCB5,Gene
Gene::340277,FAM221A,Gene
Gene::340307,CTAGE6,Gene
Gene::340348,TSPAN33,Gene
Gene::340351,AGBL3,Gene
Gene::340393,TMEM249,Gene
Gene::340481,ZDHHC21,Gene
Gene::340547,VSIG1,Gene
Gene::340562,SATL1,Gene
Gene::340784,HMX3,Gene
Gene::340980,OR52B6,Gene
Gene::341,APOC1,Gene
Gene::341032,C11orf53,Gene
Gene::341116,MS4A10,Gene
Gene::341346,SMCO2,Gene
Gene::3416,IDE,Gene
Gene::3417,IDH1,Gene
Gene::341799,OR6S1,Gene
Gene::3418,IDH2,Gene
Gene::3419,IDH3A,Gene
Gene::3420,IDH3B,Gene
Gene::3421,IDH3G,Gene
Gene::342184,FMN1,Gene
Gene::3422,IDI1,Gene
Gene::3423,IDS,Gene
Gene::342372,PKD1L3,Gene
Gene::3425,IDUA,Gene
Gene::3426,CFI,Gene
Gene::3428,IFI16,Gene
Gene::342850,ANKRD62,Gene
Gene::342897,NCCRP1,Gene
Gene::342898,SYCN,Gene
Gene::3429,IFI27,Gene
Gene::342908,ZNF404,Gene
Gene::342931,RFPL4A,Gene
Gene::342933,ZSCAN5B,Gene
Gene::342945,ZSCAN22,Gene
Gene::343,AQP8,Gene
Gene::3430,IFI35,Gene
Gene::343035,RD3,Gene
Gene::343071,PRAMEF10,Gene
Gene::3431,SP110,Gene
Gene::3433,IFIT2,Gene
Gene::3434,IFIT1,Gene
Gene::343406,OR10R2,Gene
Gene::343413,FCRL6,Gene
Gene::343450,KCNT2,Gene
Gene::343641,TGM6,Gene
Gene::3437,IFIT3,Gene
Gene::3439,IFNA1,Gene
Gene::343930,MSGN1,Gene
Gene::3440,IFNA2,Gene
Gene::344148,NCKAP5,Gene
Gene::344167,FOXI3,Gene
Gene::3442,IFNA5,Gene
Gene::3444,IFNA7,Gene
Gene::344561,GPR148,Gene
Gene::344658,SAMD7,Gene
Gene::3447,IFNA13,Gene
Gene::344752,AADACL2,Gene
Gene::344805,TMPRSS7,Gene
Gene::345,APOC3,Gene
Gene::3452,IFNA21,Gene
Gene::345222,MSANTD1,Gene
Gene::3454,IFNAR1,Gene
Gene::345456,PFN3,Gene
Gene::345462,ZNF879,Gene
Gene::3455,IFNAR2,Gene
Gene::3456,IFNB1,Gene
Gene::345611,IRGM,Gene
Gene::345757,FAM174A,Gene
Gene::3458,IFNG,Gene
Gene::345895,RSPH4A,Gene
Gene::3459,IFNGR1,Gene
Gene::345930,ECT2L,Gene
Gene::346,APOC4,Gene
Gene::3460,IFNGR2,Gene
Gene::346288,SEPT14,Gene
Gene::346525,OR2A12,Gene
Gene::346528,OR2A1,Gene
Gene::346653,FAM71F2,Gene
Gene::347,APOD,Gene
Gene::347088,ADGRD2,Gene
Gene::347240,KIF24,Gene
Gene::347273,MURC,Gene
Gene::3475,IFRD1,Gene
Gene::3476,IGBP1,Gene
Gene::347688,TUBB8,Gene
Gene::347730,LRRTM1,Gene
Gene::347732,CATSPER3,Gene
Gene::347733,TUBB2B,Gene
Gene::347734,SLC35B2,Gene
Gene::347735,SERINC2,Gene
Gene::347853,TBX10,Gene
Gene::3479,IGF1,Gene
Gene::347902,AMIGO2,Gene
Gene::348,APOE,Gene
Gene::3480,IGF1R,Gene
Gene::3481,IGF2,Gene
Gene::348110,ARPIN,Gene
Gene::348158,ACSM2B,Gene
Gene::348180,CTU2,Gene
Gene::3482,IGF2R,Gene
Gene::348235,SKA2,Gene
Gene::3483,IGFALS,Gene
Gene::3484,IGFBP1,Gene
Gene::3485,IGFBP2,Gene
Gene::3486,IGFBP3,Gene
Gene::348645,C22orf34,Gene
Gene::348654,GEN1,Gene
Gene::3487,IGFBP4,Gene
Gene::3488,IGFBP5,Gene
Gene::3489,IGFBP6,Gene
Gene::348932,SLC6A18,Gene
Gene::348938,NIPAL4,Gene
Gene::348980,HCN1,Gene
Gene::348995,NUP43,Gene
Gene::3490,IGFBP7,Gene
Gene::3491,CYR61,Gene
Gene::349136,WDR86,Gene
Gene::349565,NMNAT3,Gene
Gene::349633,PLET1,Gene
Gene::35,ACADS,Gene
Gene::350,APOH,Gene
Gene::3508,IGHMBP2,Gene
Gene::351,APP,Gene
Gene::3512,JCHAIN,Gene
Gene::3516,RBPJ,Gene
Gene::352909,DNAAF3,Gene
Gene::353,APRT,Gene
Gene::353088,ZNF429,Gene
Gene::353143,LCE3B,Gene
Gene::353144,LCE3C,Gene
Gene::353145,LCE3E,Gene
Gene::353174,ZACN,Gene
Gene::353189,SLCO4C1,Gene
Gene::353238,PADI6,Gene
Gene::353299,RGSL1,Gene
Gene::353322,ANKRD37,Gene
Gene::353324,SPATA12,Gene
Gene::353333,KRTAP10-10,Gene
Gene::353345,GPR141,Gene
Gene::353500,BMP8A,Gene
Gene::354,KLK3,Gene
Gene::3547,IGSF1,Gene
Gene::3549,IHH,Gene
Gene::355,FAS,Gene
Gene::3550,IK,Gene
Gene::3551,IKBKB,Gene
Gene::3552,IL1A,Gene
Gene::3553,IL1B,Gene
Gene::3554,IL1R1,Gene
Gene::3556,IL1RAP,Gene
Gene::3557,IL1RN,Gene
Gene::3558,IL2,Gene
Gene::3559,IL2RA,Gene
Gene::356,FASLG,Gene
Gene::3560,IL2RB,Gene
Gene::3561,IL2RG,Gene
Gene::3562,IL3,Gene
Gene::3563,IL3RA,Gene
Gene::3565,IL4,Gene
Gene::3566,IL4R,Gene
Gene::3567,IL5,Gene
Gene::3569,IL6,Gene
Gene::3570,IL6R,Gene
Gene::3572,IL6ST,Gene
Gene::3574,IL7,Gene
Gene::3575,IL7R,Gene
Gene::3576,CXCL8,Gene
Gene::3577,CXCR1,Gene
Gene::3578,IL9,Gene
Gene::3579,CXCR2,Gene
Gene::358,AQP1,Gene
Gene::3586,IL10,Gene
Gene::3587,IL10RA,Gene
Gene::3588,IL10RB,Gene
Gene::3589,IL11,Gene
Gene::359,AQP2,Gene
Gene::3590,IL11RA,Gene
Gene::3592,IL12A,Gene
Gene::3593,IL12B,Gene
Gene::3594,IL12RB1,Gene
Gene::3595,IL12RB2,Gene
Gene::3596,IL13,Gene
Gene::3597,IL13RA1,Gene
Gene::359787,DPPA3,Gene
Gene::3598,IL13RA2,Gene
Gene::359948,IRF2BP2,Gene
Gene::36,ACADSB,Gene
Gene::360,AQP3,Gene
Gene::3600,IL15,Gene
Gene::3601,IL15RA,Gene
Gene::360203,GLT6D1,Gene
Gene::360205,PRAC2,Gene
Gene::3603,IL16,Gene
Gene::3604,TNFRSF9,Gene
Gene::3605,IL17A,Gene
Gene::3606,IL18,Gene
Gene::3607,FOXK2,Gene
Gene::3608,ILF2,Gene
Gene::3609,ILF3,Gene
Gene::361,AQP4,Gene
Gene::3611,ILK,Gene
Gene::3612,IMPA1,Gene
Gene::3613,IMPA2,Gene
Gene::3614,IMPDH1,Gene
Gene::3615,IMPDH2,Gene
Gene::3619,INCENP,Gene
Gene::3620,IDO1,Gene
Gene::3621,ING1,Gene
Gene::3623,INHA,Gene
Gene::3624,INHBA,Gene
Gene::3625,INHBB,Gene
Gene::3626,INHBC,Gene
Gene::3627,CXCL10,Gene
Gene::3628,INPP1,Gene
Gene::3630,INS,Gene
Gene::3632,INPP5A,Gene
Gene::3633,INPP5B,Gene
Gene::3635,INPP5D,Gene
Gene::3636,INPPL1,Gene
Gene::3638,INSIG1,Gene
Gene::364,AQP7,Gene
Gene::3640,INSL3,Gene
Gene::3642,INSM1,Gene
Gene::3643,INSR,Gene
Gene::3645,INSRR,Gene
Gene::3646,EIF3E,Gene
Gene::3651,PDX1,Gene
Gene::3652,IPP,Gene
Gene::3654,IRAK1,Gene
Gene::3655,ITGA6,Gene
Gene::3656,IRAK2,Gene
Gene::3659,IRF1,Gene
Gene::366,AQP9,Gene
Gene::3661,IRF3,Gene
Gene::3662,IRF4,Gene
Gene::3663,IRF5,Gene
Gene::3664,IRF6,Gene
Gene::3665,IRF7,Gene
Gene::3667,IRS1,Gene
Gene::3669,ISG20,Gene
Gene::367,AR,Gene
Gene::3670,ISL1,Gene
Gene::3671,ISLR,Gene
Gene::3672,ITGA1,Gene
Gene::3673,ITGA2,Gene
Gene::3674,ITGA2B,Gene
Gene::3675,ITGA3,Gene
Gene::3676,ITGA4,Gene
Gene::3678,ITGA5,Gene
Gene::368,ABCC6,Gene
Gene::3680,ITGA9,Gene
Gene::3681,ITGAD,Gene
Gene::3682,ITGAE,Gene
Gene::3683,ITGAL,Gene
Gene::3684,ITGAM,Gene
Gene::3685,ITGAV,Gene
Gene::3687,ITGAX,Gene
Gene::3688,ITGB1,Gene
Gene::3689,ITGB2,Gene
Gene::369,ARAF,Gene
Gene::3690,ITGB3,Gene
Gene::3691,ITGB4,Gene
Gene::3692,EIF6,Gene
Gene::3693,ITGB5,Gene
Gene::3694,ITGB6,Gene
Gene::3695,ITGB7,Gene
Gene::3697,ITIH1,Gene
Gene::3699,ITIH3,Gene
Gene::37,ACADVL,Gene
Gene::3700,ITIH4,Gene
Gene::3702,ITK,Gene
Gene::3703,STT3A,Gene
Gene::3704,ITPA,Gene
Gene::3706,ITPKA,Gene
Gene::3707,ITPKB,Gene
Gene::3708,ITPR1,Gene
Gene::3709,ITPR2,Gene
Gene::3710,ITPR3,Gene
Gene::3712,IVD,Gene
Gene::3713,IVL,Gene
Gene::3714,JAG2,Gene
Gene::3716,JAK1,Gene
Gene::3717,JAK2,Gene
Gene::3718,JAK3,Gene
Gene::372,ARCN1,Gene
Gene::3720,JARID2,Gene
Gene::3725,JUN,Gene
Gene::3726,JUNB,Gene
Gene::3727,JUND,Gene
Gene::3728,JUP,Gene
Gene::3730,ANOS1,Gene
Gene::373156,GSTK1,Gene
Gene::3732,CD82,Gene
Gene::3735,KARS,Gene
Gene::3736,KCNA1,Gene
Gene::3737,KCNA2,Gene
Gene::3738,KCNA3,Gene
Gene::373863,DND1,Gene
Gene::3739,KCNA4,Gene
Gene::374,AREG,Gene
Gene::3741,KCNA5,Gene
Gene::3742,KCNA6,Gene
Gene::374286,CDRT1,Gene
Gene::374291,NDUFS7,Gene
Gene::3743,KCNA7,Gene
Gene::374354,NHLRC2,Gene
Gene::374378,GALNT18,Gene
Gene::374393,FAM111B,Gene
Gene::3744,KCNA10,Gene
Gene::374407,DNAJB13,Gene
Gene::374454,KRT77,Gene
Gene::374470,C12orf42,Gene
Gene::3745,KCNB1,Gene
Gene::374569,ASPG,Gene
Gene::3746,KCNC1,Gene
Gene::374654,KIF7,Gene
Gene::3747,KCNC2,Gene
Gene::3748,KCNC3,Gene
Gene::374819,LRRC37A3,Gene
Gene::374877,C19orf45,Gene
Gene::374887,YJEFN3,Gene
Gene::374899,ZNF829,Gene
Gene::3749,KCNC4,Gene
Gene::374907,B3GNT8,Gene
Gene::374918,IGFL1,Gene
Gene::374920,C19orf68,Gene
Gene::374955,SPATA21,Gene
Gene::374973,TEX38,Gene
Gene::374977,MROH7,Gene
Gene::375,ARF1,Gene
Gene::3750,KCND1,Gene
Gene::375033,PEAR1,Gene
Gene::375035,SFT2D2,Gene
Gene::375056,MIA3,Gene
Gene::375057,C1orf95,Gene
Gene::375061,FAM89A,Gene
Gene::3751,KCND2,Gene
Gene::375189,PFN4,Gene
Gene::375190,FAM228B,Gene
Gene::3752,KCND3,Gene
Gene::375298,CERKL,Gene
Gene::3753,KCNE1,Gene
Gene::375318,AQP12A,Gene
Gene::375346,TMEM110,Gene
Gene::375387,NRROS,Gene
Gene::3754,KCNF1,Gene
Gene::375449,MAST4,Gene
Gene::375484,SIMC1,Gene
Gene::3755,KCNG1,Gene
Gene::375567,VWC2,Gene
Gene::3756,KCNH1,Gene
Gene::375611,SLC26A5,Gene
Gene::375616,KCP,Gene
Gene::3757,KCNH2,Gene
Gene::375743,PTAR1,Gene
Gene::375757,SWI5,Gene
Gene::375775,PNPLA7,Gene
Gene::375790,AGRN,Gene
Gene::375791,CYSRT1,Gene
Gene::3758,KCNJ1,Gene
Gene::3759,KCNJ2,Gene
Gene::3760,KCNJ3,Gene
Gene::3761,KCNJ4,Gene
Gene::3762,KCNJ5,Gene
Gene::376267,RAB15,Gene
Gene::3763,KCNJ6,Gene
Gene::3764,KCNJ8,Gene
Gene::376497,SLC27A1,Gene
Gene::3766,KCNJ10,Gene
Gene::3767,KCNJ11,Gene
Gene::3768,KCNJ12,Gene
Gene::376940,ZC3H6,Gene
Gene::377,ARF3,Gene
Gene::3772,KCNJ15,Gene
Gene::3773,KCNJ16,Gene
Gene::3775,KCNK1,Gene
Gene::3776,KCNK2,Gene
Gene::377677,CA13,Gene
Gene::3777,KCNK3,Gene
Gene::3778,KCNMA1,Gene
Gene::377841,ENTPD8,Gene
Gene::3779,KCNMB1,Gene
Gene::378,ARF4,Gene
Gene::3780,KCNN1,Gene
Gene::3781,KCNN2,Gene
Gene::3782,KCNN3,Gene
Gene::3783,KCNN4,Gene
Gene::3784,KCNQ1,Gene
Gene::3785,KCNQ2,Gene
Gene::3786,KCNQ3,Gene
Gene::3787,KCNS1,Gene
Gene::378708,APITD1,Gene
Gene::3788,KCNS2,Gene
Gene::378807,CATSPER4,Gene
Gene::378884,NHLRC1,Gene
Gene::378950,RBMY1E,Gene
Gene::378951,RBMY1J,Gene
Gene::379,ARL4D,Gene
Gene::3790,KCNS3,Gene
Gene::3791,KDR,Gene
Gene::3792,KEL,Gene
Gene::3796,KIF2A,Gene
Gene::3797,KIF3C,Gene
Gene::3798,KIF5A,Gene
Gene::3799,KIF5B,Gene
Gene::38,ACAT1,Gene
Gene::3800,KIF5C,Gene
Gene::3801,KIFC3,Gene
Gene::3802,KIR2DL1,Gene
Gene::3804,KIR2DL3,Gene
Gene::3806,KIR2DS1,Gene
Gene::3810,KIR2DS5,Gene
Gene::3811,KIR3DL1,Gene
Gene::3812,KIR3DL2,Gene
Gene::3814,KISS1,Gene
Gene::3815,KIT,Gene
Gene::3816,KLK1,Gene
Gene::3817,KLK2,Gene
Gene::382,ARF6,Gene
Gene::3820,KLRB1,Gene
Gene::3824,KLRD1,Gene
Gene::3827,KNG1,Gene
Gene::383,ARG1,Gene
Gene::3831,KLC1,Gene
Gene::3832,KIF11,Gene
Gene::3833,KIFC1,Gene
Gene::3835,KIF22,Gene
Gene::3836,KPNA1,Gene
Gene::3837,KPNB1,Gene
Gene::3838,KPNA2,Gene
Gene::3839,KPNA3,Gene
Gene::384,ARG2,Gene
Gene::3840,KPNA4,Gene
Gene::3841,KPNA5,Gene
Gene::3842,TNPO1,Gene
Gene::3843,IPO5,Gene
Gene::3845,KRAS,Gene
Gene::3850,KRT3,Gene
Gene::3852,KRT5,Gene
Gene::3853,KRT6A,Gene
Gene::3854,KRT6B,Gene
Gene::3855,KRT7,Gene
Gene::3856,KRT8,Gene
Gene::3858,KRT10,Gene
Gene::3859,KRT12,Gene
Gene::3860,KRT13,Gene
Gene::3861,KRT14,Gene
Gene::3866,KRT15,Gene
Gene::386617,KCTD8,Gene
Gene::386653,IL31,Gene
Gene::386679,KRTAP10-2,Gene
Gene::3868,KRT16,Gene
Gene::387,RHOA,Gene
Gene::387082,SUMO4,Gene
Gene::387103,CENPW,Gene
Gene::387119,CEP85L,Gene
Gene::387129,NPSR1,Gene
Gene::3872,KRT17,Gene
Gene::387263,C6orf120,Gene
Gene::387273,KRTAP5-10,Gene
Gene::387338,NSUN4,Gene
Gene::387357,THEMIS,Gene
Gene::387496,RASL11A,Gene
Gene::3875,KRT18,Gene
Gene::387509,GPR153,Gene
Gene::387521,TMEM189,Gene
Gene::387522,TMEM189-UBE2V1,Gene
Gene::387601,SLC22A25,Gene
Gene::387638,C10orf113,Gene
Gene::387680,FAM21A,Gene
Gene::387695,C10orf99,Gene
Gene::387700,SLC16A12,Gene
Gene::387707,CC2D2B,Gene
Gene::387715,ARMS2,Gene
Gene::387758,FIBIN,Gene
Gene::387775,SLC22A10,Gene
Gene::387836,CLEC2A,Gene
Gene::387882,C12orf75,Gene
Gene::388,RHOB,Gene
Gene::3880,KRT19,Gene
Gene::3881,KRT31,Gene
Gene::388115,C15orf52,Gene
Gene::388125,C2CD4B,Gene
Gene::3882,KRT32,Gene
Gene::388228,SBK1,Gene
Gene::388272,C16orf87,Gene
Gene::388323,GLTPD2,Gene
Gene::388325,SCIMP,Gene
Gene::388327,C17orf100,Gene
Gene::388333,SPDYE4,Gene
Gene::388336,SHISA6,Gene
Gene::388341,LRRC75A,Gene
Gene::388372,CCL4L1,Gene
Gene::388403,YPEL2,Gene
Gene::3885,KRT34,Gene
Gene::388552,BLOC1S3,Gene
Gene::388555,IGFL3,Gene
Gene::388566,ZNF470,Gene
Gene::388569,ZNF324B,Gene
Gene::388585,HES5,Gene
Gene::3886,KRT35,Gene
Gene::388610,TRNP1,Gene
Gene::388630,TRABD2B,Gene
Gene::388650,FAM69A,Gene
Gene::388667,C1orf137,Gene
Gene::388677,NOTCH2NL,Gene
Gene::388697,HRNR,Gene
Gene::388698,FLG2,Gene
Gene::3887,KRT81,Gene
Gene::388722,C1orf53,Gene
Gene::388753,COA6,Gene
Gene::388780,LOC388780,Gene
Gene::388799,FAM209B,Gene
Gene::3888,KRT82,Gene
Gene::388813,LOC388813,Gene
Gene::388820,LOC388820,Gene
Gene::388886,LRRC75B,Gene
Gene::3889,KRT83,Gene
Gene::388946,TMEM247,Gene
Gene::388960,C2orf78,Gene
Gene::388969,C2orf68,Gene
Gene::389,RHOC,Gene
Gene::3890,KRT84,Gene
Gene::389015,SLC9A4,Gene
Gene::389036,ACT,Gene
Gene::389058,SP5,Gene
Gene::389072,PLEKHM3,Gene
Gene::389084,C2orf82,Gene
Gene::3891,KRT85,Gene
Gene::389136,VGLL3,Gene
Gene::389289,ANXA2R,Gene
Gene::389333,PROB1,Gene
Gene::389336,C5orf46,Gene
Gene::389421,LIN28B,Gene
Gene::389434,IYD,Gene
Gene::389493,NUPR1L,Gene
Gene::3895,KTN1,Gene
Gene::389541,LAMTOR4,Gene
Gene::389677,RBM12B,Gene
Gene::389690,MROH5,Gene
Gene::389692,MAFA,Gene
Gene::3897,L1CAM,Gene
Gene::389763,SPATA31D1,Gene
Gene::3898,LAD1,Gene
Gene::389812,LCN15,Gene
Gene::389816,LRRC26,Gene
Gene::389895,LOC389895,Gene
Gene::389898,UBE2NL,Gene
Gene::3899,AFF3,Gene
Gene::389903,CSAG3,Gene
Gene::39,ACAT2,Gene
Gene::390,RND3,Gene
Gene::390155,OR5T1,Gene
Gene::390191,OR5B12,Gene
Gene::390197,OR4D10,Gene
Gene::3902,LAG3,Gene
Gene::3903,LAIR1,Gene
Gene::390429,OR4N2,Gene
Gene::390431,OR4K2,Gene
Gene::390433,OR4K13,Gene
Gene::390436,OR4K17,Gene
Gene::3906,LALBA,Gene
Gene::390790,ARL5C,Gene
Gene::3908,LAMA2,Gene
Gene::3909,LAMA3,Gene
Gene::390927,ZNF793,Gene
Gene::390940,PINLYP,Gene
Gene::390999,PRAMEF12,Gene
Gene::391,RHOG,Gene
Gene::3910,LAMA4,Gene
Gene::391059,FRRS1,Gene
Gene::3911,LAMA5,Gene
Gene::391104,VHLL,Gene
Gene::391189,OR11L1,Gene
Gene::391192,OR2L3,Gene
Gene::391196,OR2M7,Gene
Gene::3912,LAMB1,Gene
Gene::3913,LAMB2,Gene
Gene::391322,LOC391322,Gene
Gene::3914,LAMB3,Gene
Gene::3915,LAMC1,Gene
Gene::3916,LAMP1,Gene
Gene::3918,LAMC2,Gene
Gene::392,ARHGAP1,Gene
Gene::3920,LAMP2,Gene
Gene::3921,RPSA,Gene
Gene::392391,OR5C1,Gene
Gene::3925,STMN1,Gene
Gene::392617,ELFN1,Gene
Gene::392636,AGMO,Gene
Gene::3927,LASP1,Gene
Gene::3929,LBP,Gene
Gene::393,ARHGAP4,Gene
Gene::3930,LBR,Gene
Gene::3931,LCAT,Gene
Gene::3932,LCK,Gene
Gene::3934,LCN2,Gene
Gene::3936,LCP1,Gene
Gene::3937,LCP2,Gene
Gene::3938,LCT,Gene
Gene::3939,LDHA,Gene
Gene::394,ARHGAP5,Gene
Gene::3945,LDHB,Gene
Gene::3949,LDLR,Gene
Gene::395,ARHGAP6,Gene
Gene::3952,LEP,Gene
Gene::3953,LEPR,Gene
Gene::3954,LETM1,Gene
Gene::3956,LGALS1,Gene
Gene::3957,LGALS2,Gene
Gene::3958,LGALS3,Gene
Gene::3959,LGALS3BP,Gene
Gene::396,ARHGDIA,Gene
Gene::3960,LGALS4,Gene
Gene::3964,LGALS8,Gene
Gene::3965,LGALS9,Gene
Gene::397,ARHGDIB,Gene
Gene::3972,LHB,Gene
Gene::3973,LHCGR,Gene
Gene::3976,LIF,Gene
Gene::3977,LIFR,Gene
Gene::3978,LIG1,Gene
Gene::3980,LIG3,Gene
Gene::3981,LIG4,Gene
Gene::3983,ABLIM1,Gene
Gene::3984,LIMK1,Gene
Gene::3985,LIMK2,Gene
Gene::3987,LIMS1,Gene
Gene::3988,LIPA,Gene
Gene::399,RHOH,Gene
Gene::3990,LIPC,Gene
Gene::3991,LIPE,Gene
Gene::3992,FADS1,Gene
Gene::3993,LLGL2,Gene
Gene::399474,TMEM200B,Gene
Gene::3995,FADS3,Gene
Gene::3996,LLGL1,Gene
Gene::399664,MEX3D,Gene
Gene::399665,FAM102A,Gene
Gene::399687,MYO18A,Gene
Gene::399693,MGC50722,Gene
Gene::399694,SHC4,Gene
Gene::3998,LMAN1,Gene
Gene::399814,C10orf120,Gene
Gene::399818,METTL10,Gene
Gene::399909,PCNXL3,Gene
Gene::399947,C11orf87,Gene
Gene::399949,C11orf88,Gene
Gene::399979,SNX19,Gene
Gene::40,ASIC2,Gene
Gene::400,ARL1,Gene
Gene::4000,LMNA,Gene
Gene::400073,C12orf76,Gene
Gene::4001,LMNB1,Gene
Gene::400120,SERTM1,Gene
Gene::4004,LMO1,Gene
Gene::400410,ST20,Gene
Gene::4005,LMO2,Gene
Gene::400506,KNOP1,Gene
Gene::400566,C17orf97,Gene
Gene::400569,MED11,Gene
Gene::400673,VMAC,Gene
Gene::400713,ZNF880,Gene
Gene::400720,ZNF772,Gene
Gene::4008,LMO7,Gene
Gene::400823,FAM177B,Gene
Gene::4009,LMX1A,Gene
Gene::400916,CHCHD10,Gene
Gene::400935,IL17REL,Gene
Gene::400961,PAIP2B,Gene
Gene::400966,RGPD1,Gene
Gene::401,PHOX2A,Gene
Gene::4010,LMX1B,Gene
Gene::401097,C3orf80,Gene
Gene::401115,C4orf48,Gene
Gene::401145,CCSER1,Gene
Gene::401152,C4orf3,Gene
Gene::4012,LNPEP,Gene
Gene::401236,STMND1,Gene
Gene::401251,SAPCD1,Gene
Gene::4013,VWA5A,Gene
Gene::4014,LOR,Gene
Gene::401427,OR2A7,Gene
Gene::401474,SAMD12,Gene
Gene::401494,HACD4,Gene
Gene::4015,LOX,Gene
Gene::401541,CENPP,Gene
Gene::401548,SNX30,Gene
Gene::401562,LCNL1,Gene
Gene::401565,FAM166A,Gene
Gene::4016,LOXL1,Gene
Gene::401647,GOLGA7B,Gene
Gene::4017,LOXL2,Gene
Gene::4018,LPA,Gene
Gene::402,ARL2,Gene
Gene::402135,OR5K2,Gene
Gene::4023,LPL,Gene
Gene::402573,C7orf61,Gene
Gene::4026,LPP,Gene
Gene::403,ARL3,Gene
Gene::403239,OR2T27,Gene
Gene::403257,OR4C45,Gene
Gene::4035,LRP1,Gene
Gene::4036,LRP2,Gene
Gene::4038,LRP4,Gene
Gene::4040,LRP6,Gene
Gene::4041,LRP5,Gene
Gene::404217,CTXN1,Gene
Gene::404220,C6orf201,Gene
Gene::4043,LRPAP1,Gene
Gene::404552,SCGB1D4,Gene
Gene::4046,LSP1,Gene
Gene::404672,GTF2H5,Gene
Gene::4047,LSS,Gene
Gene::404734,ANKHD1-EIF4EBP3,Gene
Gene::4048,LTA4H,Gene
Gene::4049,LTA,Gene
Gene::405,ARNT,Gene
Gene::4050,LTB,Gene
Gene::4051,CYP4F3,Gene
Gene::4052,LTBP1,Gene
Gene::4053,LTBP2,Gene
Gene::4054,LTBP3,Gene
Gene::4055,LTBR,Gene
Gene::4056,LTC4S,Gene
Gene::4057,LTF,Gene
Gene::405753,DUOXA2,Gene
Gene::405754,ERVFRD-1,Gene
Gene::4058,LTK,Gene
Gene::4059,BCAM,Gene
Gene::406,ARNTL,Gene
Gene::4060,LUM,Gene
Gene::4061,LY6E,Gene
Gene::4063,LY9,Gene
Gene::4065,LY75,Gene
Gene::4066,LYL1,Gene
Gene::4067,LYN,Gene
Gene::4068,SH2D1A,Gene
Gene::4069,LYZ,Gene
Gene::4070,TACSTD2,Gene
Gene::4071,TM4SF1,Gene
Gene::4072,EPCAM,Gene
Gene::4074,M6PR,Gene
Gene::4076,CAPRIN1,Gene
Gene::4077,NBR1,Gene
Gene::407738,FAM19A1,Gene
Gene::408,ARRB1,Gene
Gene::408050,NOMO3,Gene
Gene::4082,MARCKS,Gene
Gene::4084,MXD1,Gene
Gene::4085,MAD2L1,Gene
Gene::4086,SMAD1,Gene
Gene::4087,SMAD2,Gene
Gene::4088,SMAD3,Gene
Gene::4089,SMAD4,Gene
Gene::409,ARRB2,Gene
Gene::4091,SMAD6,Gene
Gene::4092,SMAD7,Gene
Gene::4093,SMAD9,Gene
Gene::4094,MAF,Gene
Gene::4097,MAFG,Gene
Gene::4099,MAG,Gene
Gene::41,ASIC1,Gene
Gene::410,ARSA,Gene
Gene::4100,MAGEA1,Gene
Gene::4102,MAGEA3,Gene
Gene::4105,MAGEA6,Gene
Gene::4107,MAGEA8,Gene
Gene::4108,MAGEA9,Gene
Gene::4109,MAGEA10,Gene
Gene::411,ARSB,Gene
Gene::4110,MAGEA11,Gene
Gene::4111,MAGEA12,Gene
Gene::4113,MAGEB2,Gene
Gene::4117,MAK,Gene
Gene::4118,MAL,Gene
Gene::412,STS,Gene
Gene::4121,MAN1A1,Gene
Gene::4123,MAN2C1,Gene
Gene::4124,MAN2A1,Gene
Gene::4125,MAN2B1,Gene
Gene::4126,MANBA,Gene
Gene::4128,MAOA,Gene
Gene::4129,MAOB,Gene
Gene::4130,MAP1A,Gene
Gene::4131,MAP1B,Gene
Gene::4133,MAP2,Gene
Gene::4134,MAP4,Gene
Gene::4135,MAP6,Gene
Gene::4137,MAPT,Gene
Gene::4139,MARK1,Gene
Gene::414,ARSD,Gene
Gene::4140,MARK3,Gene
Gene::414059,TBC1D3B,Gene
Gene::414060,TBC1D3C,Gene
Gene::4141,MARS,Gene
Gene::414152,C10orf105,Gene
Gene::414157,C10orf62,Gene
Gene::4142,MAS1,Gene
Gene::4143,MAT1A,Gene
Gene::414301,DDI1,Gene
Gene::414328,IDNK,Gene
Gene::4144,MAT2A,Gene
Gene::4145,MATK,Gene
Gene::4146,MATN1,Gene
Gene::4147,MATN2,Gene
Gene::4148,MATN3,Gene
Gene::4149,MAX,Gene
Gene::414918,DENND6B,Gene
Gene::414919,C8orf82,Gene
Gene::415,ARSE,Gene
Gene::4151,MB,Gene
Gene::415116,PIM3,Gene
Gene::415117,STX19,Gene
Gene::4152,MBD1,Gene
Gene::4153,MBL2,Gene
Gene::4154,MBNL1,Gene
Gene::4155,MBP,Gene
Gene::4157,MC1R,Gene
Gene::4158,MC2R,Gene
Gene::4159,MC3R,Gene
Gene::416,ARSF,Gene
Gene::4160,MC4R,Gene
Gene::4161,MC5R,Gene
Gene::4162,MCAM,Gene
Gene::4163,MCC,Gene
Gene::4170,MCL1,Gene
Gene::4171,MCM2,Gene
Gene::4172,MCM3,Gene
Gene::4173,MCM4,Gene
Gene::4174,MCM5,Gene
Gene::4175,MCM6,Gene
Gene::4176,MCM7,Gene
Gene::4179,CD46,Gene
Gene::4184,SMCP,Gene
Gene::4185,ADAM11,Gene
Gene::4189,DNAJB9,Gene
Gene::419,ART3,Gene
Gene::4190,MDH1,Gene
Gene::4191,MDH2,Gene
Gene::4192,MDK,Gene
Gene::4193,MDM2,Gene
Gene::4194,MDM4,Gene
Gene::4199,ME1,Gene
Gene::4200,ME2,Gene
Gene::4201,MEA1,Gene
Gene::4204,MECP2,Gene
Gene::4205,MEF2A,Gene
Gene::4208,MEF2C,Gene
Gene::4209,MEF2D,Gene
Gene::4210,MEFV,Gene
Gene::4211,MEIS1,Gene
Gene::4214,MAP3K1,Gene
Gene::4215,MAP3K3,Gene
Gene::4216,MAP3K4,Gene
Gene::4217,MAP3K5,Gene
Gene::4218,RAB8A,Gene
Gene::4221,MEN1,Gene
Gene::4222,MEOX1,Gene
Gene::4223,MEOX2,Gene
Gene::4224,MEP1A,Gene
Gene::4225,MEP1B,Gene
Gene::4232,MEST,Gene
Gene::4233,MET,Gene
Gene::4234,METTL1,Gene
Gene::4236,MFAP1,Gene
Gene::4237,MFAP2,Gene
Gene::4238,MFAP3,Gene
Gene::4240,MFGE8,Gene
Gene::4241,MFI2,Gene
Gene::4245,MGAT1,Gene
Gene::4246,SCGB2A1,Gene
Gene::4247,MGAT2,Gene
Gene::4248,MGAT3,Gene
Gene::4249,MGAT5,Gene
Gene::4250,SCGB2A2,Gene
Gene::4254,KITLG,Gene
Gene::4255,MGMT,Gene
Gene::4257,MGST1,Gene
Gene::4258,MGST2,Gene
Gene::4259,MGST3,Gene
Gene::4261,CIITA,Gene
Gene::4267,CD99,Gene
Gene::427,ASAH1,Gene
Gene::4277,MICB,Gene
Gene::4281,MID1,Gene
Gene::4282,MIF,Gene
Gene::4283,CXCL9,Gene
Gene::4285,MIPEP,Gene
Gene::4286,MITF,Gene
Gene::4287,ATXN3,Gene
Gene::4288,MKI67,Gene
Gene::4289,MKLN1,Gene
Gene::429,ASCL1,Gene
Gene::4291,MLF1,Gene
Gene::4292,MLH1,Gene
Gene::4293,MAP3K9,Gene
Gene::4295,MLN,Gene
Gene::4296,MAP3K11,Gene
Gene::4297,KMT2A,Gene
Gene::4298,MLLT1,Gene
Gene::4299,AFF1,Gene
Gene::43,ACHE,Gene
Gene::4300,MLLT3,Gene
Gene::4303,FOXO4,Gene
Gene::4306,NR3C2,Gene
Gene::4308,TRPM1,Gene
Gene::4311,MME,Gene
Gene::4312,MMP1,Gene
Gene::4313,MMP2,Gene
Gene::4314,MMP3,Gene
Gene::4316,MMP7,Gene
Gene::4317,MMP8,Gene
Gene::4318,MMP9,Gene
Gene::4319,MMP10,Gene
Gene::432,ASGR1,Gene
Gene::4320,MMP11,Gene
Gene::4321,MMP12,Gene
Gene::4322,MMP13,Gene
Gene::4323,MMP14,Gene
Gene::4324,MMP15,Gene
Gene::4325,MMP16,Gene
Gene::4326,MMP17,Gene
Gene::4327,MMP19,Gene
Gene::4329,ALDH6A1,Gene
Gene::4330,MN1,Gene
Gene::4331,MNAT1,Gene
Gene::4332,MNDA,Gene
Gene::4335,MNT,Gene
Gene::4337,MOCS1,Gene
Gene::4338,MOCS2,Gene
Gene::434,ASIP,Gene
Gene::4340,MOG,Gene
Gene::4343,MOV10,Gene
Gene::4345,CD200,Gene
Gene::435,ASL,Gene
Gene::4350,MPG,Gene
Gene::4351,MPI,Gene
Gene::4352,MPL,Gene
Gene::4353,MPO,Gene
Gene::4354,MPP1,Gene
Gene::4357,MPST,Gene
Gene::4358,MPV17,Gene
Gene::4360,MRC1,Gene
Gene::4361,MRE11A,Gene
Gene::4363,ABCC1,Gene
Gene::438,ASMT,Gene
Gene::439,ASNA1,Gene
Gene::439921,MXRA7,Gene
Gene::440,ASNS,Gene
Gene::440026,TMEM41B,Gene
Gene::440068,CARD17,Gene
Gene::440093,H3F3C,Gene
Gene::440097,DBX2,Gene
Gene::440153,OR11H12,Gene
Gene::440193,CCDC88C,Gene
Gene::440270,GOLGA8B,Gene
Gene::440275,EIF2AK4,Gene
Gene::440335,SMIM22,Gene
Gene::440348,NPIPB15,Gene
Gene::440387,CTRB2,Gene
Gene::440435,GPR179,Gene
Gene::440560,PRAMEF11,Gene
Gene::440574,MINOS1,Gene
Gene::440585,FAM183A,Gene
Gene::440712,C1orf186,Gene
Gene::440804,RIMBP3B,Gene
Gene::440836,ODF3B,Gene
Gene::440957,SMIM4,Gene
Gene::441024,MTHFD2L,Gene
Gene::441027,TMEM150C,Gene
Gene::441061,MARCH11,Gene
Gene::441150,C6orf226,Gene
Gene::441151,TMEM151B,Gene
Gene::441161,OOEP,Gene
Gene::441168,FAM26F,Gene
Gene::441250,TYW1B,Gene
Gene::441272,SPDYE3,Gene
Gene::441478,NRARP,Gene
Gene::441518,FAM127C,Gene
Gene::441520,CT45A4,Gene
Gene::441525,SPANXN4,Gene
Gene::441531,PGAM4,Gene
Gene::441549,CDNF,Gene
Gene::441608,OR5B3,Gene
Gene::441670,OR4M1,Gene
Gene::441932,OR2W5,Gene
Gene::442184,OR2B3,Gene
Gene::442213,PTCHD4,Gene
Gene::442425,FOXB2,Gene
Gene::442444,FAM47C,Gene
Gene::442590,SPDYE5,Gene
Gene::443,ASPA,Gene
Gene::4435,CITED1,Gene
Gene::4436,MSH2,Gene
Gene::4437,MSH3,Gene
Gene::4439,MSH5,Gene
Gene::444,ASPH,Gene
Gene::445,ASS1,Gene
Gene::445329,SULT1A4,Gene
Gene::445347,TARP,Gene
Gene::445571,CBWD3,Gene
Gene::445815,PALM2-AKAP2,Gene
Gene::4477,MSMB,Gene
Gene::4478,MSN,Gene
Gene::4481,MSR1,Gene
Gene::4482,MSRA,Gene
Gene::4485,MST1,Gene
Gene::4486,MST1R,Gene
Gene::4487,MSX1,Gene
Gene::4488,MSX2,Gene
Gene::448831,FRG2,Gene
Gene::4489,MT1A,Gene
Gene::4493,MT1E,Gene
Gene::4494,MT1F,Gene
Gene::4495,MT1G,Gene
Gene::4496,MT1H,Gene
Gene::4499,MT1M,Gene
Gene::4501,MT1X,Gene
Gene::4502,MT2A,Gene
Gene::4504,MT3,Gene
Gene::4507,MTAP,Gene
Gene::4513,COX2,Gene
Gene::4514,COX3,Gene
Gene::4519,CYTB,Gene
Gene::4520,MTF1,Gene
Gene::4521,NUDT1,Gene
Gene::4522,MTHFD1,Gene
Gene::4524,MTHFR,Gene
Gene::4528,MTIF2,Gene
Gene::4534,MTM1,Gene
Gene::4535,ND1,Gene
Gene::4536,ND2,Gene
Gene::4537,ND3,Gene
Gene::4538,ND4,Gene
Gene::4539,ND4L,Gene
Gene::4540,ND5,Gene
Gene::4541,ND6,Gene
Gene::4542,MYO1F,Gene
Gene::4543,MTNR1A,Gene
Gene::4544,MTNR1B,Gene
Gene::4547,MTTP,Gene
Gene::4548,MTR,Gene
Gene::4552,MTRR,Gene
Gene::4582,MUC1,Gene
Gene::4583,MUC2,Gene
Gene::4584,MUC3A,Gene
Gene::4585,MUC4,Gene
Gene::4586,MUC5AC,Gene
Gene::4588,MUC6,Gene
Gene::4589,MUC7,Gene
Gene::4591,TRIM37,Gene
Gene::4593,MUSK,Gene
Gene::4594,MUT,Gene
Gene::4595,MUTYH,Gene
Gene::4597,MVD,Gene
Gene::4598,MVK,Gene
Gene::4599,MX1,Gene
Gene::460,ASTN1,Gene
Gene::4600,MX2,Gene
Gene::4601,MXI1,Gene
Gene::4602,MYB,Gene
Gene::4603,MYBL1,Gene
Gene::4605,MYBL2,Gene
Gene::4607,MYBPC3,Gene
Gene::4609,MYC,Gene
Gene::4610,MYCL,Gene
Gene::4613,MYCN,Gene
Gene::4615,MYD88,Gene
Gene::4616,GADD45B,Gene
Gene::4617,MYF5,Gene
Gene::4618,MYF6,Gene
Gene::462,SERPINC1,Gene
Gene::4624,MYH6,Gene
Gene::4625,MYH7,Gene
Gene::4627,MYH9,Gene
Gene::4628,MYH10,Gene
Gene::4629,MYH11,Gene
Gene::463,ZFHX3,Gene
Gene::4633,MYL2,Gene
Gene::4636,MYL5,Gene
Gene::4637,MYL6,Gene
Gene::4638,MYLK,Gene
Gene::4642,MYO1D,Gene
Gene::4643,MYO1E,Gene
Gene::4644,MYO5A,Gene
Gene::4645,MYO5B,Gene
Gene::4646,MYO6,Gene
Gene::4647,MYO7A,Gene
Gene::4648,MYO7B,Gene
Gene::4649,MYO9A,Gene
Gene::4650,MYO9B,Gene
Gene::4651,MYO10,Gene
Gene::4653,MYOC,Gene
Gene::4654,MYOD1,Gene
Gene::4656,MYOG,Gene
Gene::4659,PPP1R12A,Gene
Gene::466,ATF1,Gene
Gene::4661,MYT1,Gene
Gene::4664,NAB1,Gene
Gene::4665,NAB2,Gene
Gene::4666,NACA,Gene
Gene::4668,NAGA,Gene
Gene::4669,NAGLU,Gene
Gene::467,ATF3,Gene
Gene::4670,HNRNPM,Gene
Gene::4671,NAIP,Gene
Gene::4673,NAP1L1,Gene
Gene::4674,NAP1L2,Gene
Gene::4675,NAP1L3,Gene
Gene::4676,NAP1L4,Gene
Gene::4677,NARS,Gene
Gene::468,ATF4,Gene
Gene::4680,CEACAM6,Gene
Gene::4681,NBL1,Gene
Gene::4682,NUBP1,Gene
Gene::4683,NBN,Gene
Gene::4684,NCAM1,Gene
Gene::4685,NCAM2,Gene
Gene::4686,NCBP1,Gene
Gene::4688,NCF2,Gene
Gene::4690,NCK1,Gene
Gene::4691,NCL,Gene
Gene::4692,NDN,Gene
Gene::4694,NDUFA1,Gene
Gene::4695,NDUFA2,Gene
Gene::4696,NDUFA3,Gene
Gene::4697,NDUFA4,Gene
Gene::4698,NDUFA5,Gene
Gene::47,ACLY,Gene
Gene::4700,NDUFA6,Gene
Gene::4701,NDUFA7,Gene
Gene::4702,NDUFA8,Gene
Gene::4703,NEB,Gene
Gene::4704,NDUFA9,Gene
Gene::4705,NDUFA10,Gene
Gene::4706,NDUFAB1,Gene
Gene::4707,NDUFB1,Gene
Gene::4708,NDUFB2,Gene
Gene::4709,NDUFB3,Gene
Gene::471,ATIC,Gene
Gene::4710,NDUFB4,Gene
Gene::4711,NDUFB5,Gene
Gene::4712,NDUFB6,Gene
Gene::4713,NDUFB7,Gene
Gene::4714,NDUFB8,Gene
Gene::4715,NDUFB9,Gene
Gene::4716,NDUFB10,Gene
Gene::4717,NDUFC1,Gene
Gene::4718,NDUFC2,Gene
Gene::4719,NDUFS1,Gene
Gene::472,ATM,Gene
Gene::4720,NDUFS2,Gene
Gene::4722,NDUFS3,Gene
Gene::4723,NDUFV1,Gene
Gene::4724,NDUFS4,Gene
Gene::4725,NDUFS5,Gene
Gene::4726,NDUFS6,Gene
Gene::4728,NDUFS8,Gene
Gene::4729,NDUFV2,Gene
Gene::473,RERE,Gene
Gene::4731,NDUFV3,Gene
Gene::4733,DRG1,Gene
Gene::4734,NEDD4,Gene
Gene::4736,RPL10A,Gene
Gene::4738,NEDD8,Gene
Gene::4739,NEDD9,Gene
Gene::474,ATOH1,Gene
Gene::4741,NEFM,Gene
Gene::474170,LRRC37A2,Gene
Gene::474343,SPIN2B,Gene
Gene::474344,GIMAP6,Gene
Gene::474384,F8A3,Gene
Gene::4744,NEFH,Gene
Gene::4745,NELL1,Gene
Gene::4747,NEFL,Gene
Gene::475,ATOX1,Gene
Gene::4750,NEK1,Gene
Gene::4751,NEK2,Gene
Gene::4753,NELL2,Gene
Gene::4756,NEO1,Gene
Gene::4758,NEU1,Gene
Gene::4759,NEU2,Gene
Gene::476,ATP1A1,Gene
Gene::4760,NEUROD1,Gene
Gene::4763,NF1,Gene
Gene::477,ATP1A2,Gene
Gene::4771,NF2,Gene
Gene::4772,NFATC1,Gene
Gene::4773,NFATC2,Gene
Gene::4774,NFIA,Gene
Gene::4775,NFATC3,Gene
Gene::4776,NFATC4,Gene
Gene::4779,NFE2L1,Gene
Gene::478,ATP1A3,Gene
Gene::4780,NFE2L2,Gene
Gene::4781,NFIB,Gene
Gene::4782,NFIC,Gene
Gene::4783,NFIL3,Gene
Gene::479,ATP12A,Gene
Gene::4790,NFKB1,Gene
Gene::4791,NFKB2,Gene
Gene::4792,NFKBIA,Gene
Gene::4793,NFKBIB,Gene
Gene::4794,NFKBIE,Gene
Gene::4795,NFKBIL1,Gene
Gene::4796,TONSL,Gene
Gene::4799,NFX1,Gene
Gene::48,ACO1,Gene
Gene::480,ATP1A4,Gene
Gene::4801,NFYB,Gene
Gene::4802,NFYC,Gene
Gene::4803,NGF,Gene
Gene::4804,NGFR,Gene
Gene::4807,NHLH1,Gene
Gene::4808,NHLH2,Gene
Gene::4809,NHP2L1,Gene
Gene::481,ATP1B1,Gene
Gene::4810,NHS,Gene
Gene::4811,NID1,Gene
Gene::4814,NINJ1,Gene
Gene::4815,NINJ2,Gene
Gene::4817,NIT1,Gene
Gene::4818,NKG7,Gene
Gene::482,ATP1B2,Gene
Gene::4824,NKX3-1,Gene
Gene::4825,NKX6-1,Gene
Gene::4826,NNAT,Gene
Gene::4828,NMB,Gene
Gene::4829,NMBR,Gene
Gene::483,ATP1B3,Gene
Gene::4830,NME1,Gene
Gene::4831,NME2,Gene
Gene::4832,NME3,Gene
Gene::4833,NME4,Gene
Gene::4835,NQO2,Gene
Gene::4836,NMT1,Gene
Gene::4837,NNMT,Gene
Gene::4838,NODAL,Gene
Gene::4839,NOP2,Gene
Gene::4842,NOS1,Gene
Gene::4843,NOS2,Gene
Gene::4846,NOS3,Gene
Gene::4848,CNOT2,Gene
Gene::4850,CNOT4,Gene
Gene::4851,NOTCH1,Gene
Gene::4852,NPY,Gene
Gene::4853,NOTCH2,Gene
Gene::4854,NOTCH3,Gene
Gene::4855,NOTCH4,Gene
Gene::4856,NOV,Gene
Gene::4857,NOVA1,Gene
Gene::4858,NOVA2,Gene
Gene::486,FXYD2,Gene
Gene::4860,PNP,Gene
Gene::4862,NPAS2,Gene
Gene::4863,NPAT,Gene
Gene::4864,NPC1,Gene
Gene::4867,NPHP1,Gene
Gene::4868,NPHS1,Gene
Gene::4869,NPM1,Gene
Gene::4878,NPPA,Gene
Gene::4879,NPPB,Gene
Gene::488,ATP2A2,Gene
Gene::4880,NPPC,Gene
Gene::4881,NPR1,Gene
Gene::4882,NPR2,Gene
Gene::4883,NPR3,Gene
Gene::4884,NPTX1,Gene
Gene::4885,NPTX2,Gene
Gene::4886,NPY1R,Gene
Gene::4887,NPY2R,Gene
Gene::4889,NPY5R,Gene
Gene::489,ATP2A3,Gene
Gene::4891,SLC11A2,Gene
Gene::4893,NRAS,Gene
Gene::4897,NRCAM,Gene
Gene::4899,NRF1,Gene
Gene::490,ATP2B1,Gene
Gene::4900,NRGN,Gene
Gene::4902,NRTN,Gene
Gene::4904,YBX1,Gene
Gene::4905,NSF,Gene
Gene::4907,NT5E,Gene
Gene::4908,NTF3,Gene
Gene::4909,NTF4,Gene
Gene::4913,NTHL1,Gene
Gene::4914,NTRK1,Gene
Gene::4915,NTRK2,Gene
Gene::4916,NTRK3,Gene
Gene::4919,ROR1,Gene
Gene::492,ATP2B3,Gene
Gene::4921,DDR2,Gene
Gene::4922,NTS,Gene
Gene::492307,C8orf22,Gene
Gene::492311,IGIP,Gene
Gene::4924,NUCB1,Gene
Gene::4925,NUCB2,Gene
Gene::4926,NUMA1,Gene
Gene::4927,NUP88,Gene
Gene::4928,NUP98,Gene
Gene::4929,NR4A2,Gene
Gene::493,ATP2B4,Gene
Gene::4931,NVL,Gene
Gene::493753,COA5,Gene
Gene::4938,OAS1,Gene
Gene::493856,CISD2,Gene
Gene::493861,EID3,Gene
Gene::493869,GPX8,Gene
Gene::4939,OAS2,Gene
Gene::4940,OAS3,Gene
Gene::494119,SPANXN2,Gene
Gene::494188,FBXO47,Gene
Gene::4942,OAT,Gene
Gene::4943,TBC1D25,Gene
Gene::494513,DFNB59,Gene
Gene::494514,TYMSOS,Gene
Gene::494551,WEE2,Gene
Gene::4946,OAZ1,Gene
Gene::4947,OAZ2,Gene
Gene::495,ATP4A,Gene
Gene::4952,OCRL,Gene
Gene::4953,ODC1,Gene
Gene::4956,ODF1,Gene
Gene::4957,ODF2,Gene
Gene::4958,OMD,Gene
Gene::496,ATP4B,Gene
Gene::4967,OGDH,Gene
Gene::4968,OGG1,Gene
Gene::4969,OGN,Gene
Gene::497190,CLEC18B,Gene
Gene::4973,OLR1,Gene
Gene::4976,OPA1,Gene
Gene::497661,C18orf32,Gene
Gene::4978,OPCML,Gene
Gene::498,ATP5A1,Gene
Gene::4982,TNFRSF11B,Gene
Gene::4983,OPHN1,Gene
Gene::4985,OPRD1,Gene
Gene::49854,ZBTB21,Gene
Gene::49855,SCAPER,Gene
Gene::4986,OPRK1,Gene
Gene::4987,OPRL1,Gene
Gene::4988,OPRM1,Gene
Gene::4990,SIX6,Gene
Gene::4998,ORC1,Gene
Gene::4999,ORC2,Gene
Gene::50,ACO2,Gene
Gene::5000,ORC4,Gene
Gene::5001,ORC5,Gene
Gene::5002,SLC22A18,Gene
Gene::5003,SLC22A18AS,Gene
Gene::5004,ORM1,Gene
Gene::5007,OSBP,Gene
Gene::5008,OSM,Gene
Gene::5009,OTC,Gene
Gene::501,ALDH7A1,Gene
Gene::5010,CLDN11,Gene
Gene::5013,OTX1,Gene
Gene::5015,OTX2,Gene
Gene::5016,OVGP1,Gene
Gene::5017,OVOL1,Gene
Gene::5018,OXA1L,Gene
Gene::5019,OXCT1,Gene
Gene::5020,OXT,Gene
Gene::5021,OXTR,Gene
Gene::5024,P2RX3,Gene
Gene::5025,P2RX4,Gene
Gene::5026,P2RX5,Gene
Gene::5027,P2RX7,Gene
Gene::5028,P2RY1,Gene
Gene::5029,P2RY2,Gene
Gene::5032,P2RY11,Gene
Gene::5033,P4HA1,Gene
Gene::5034,P4HB,Gene
Gene::5036,PA2G4,Gene
Gene::5037,PEBP1,Gene
Gene::5042,PABPC3,Gene
Gene::5045,FURIN,Gene
Gene::5046,PCSK6,Gene
Gene::5047,PAEP,Gene
Gene::5048,PAFAH1B1,Gene
Gene::50484,RRM2B,Gene
Gene::50485,SMARCAL1,Gene
Gene::50486,G0S2,Gene
Gene::50487,PLA2G3,Gene
Gene::50488,MINK1,Gene
Gene::50489,CD207,Gene
Gene::5050,PAFAH1B3,Gene
Gene::50506,DUOX2,Gene
Gene::50507,NOX4,Gene
Gene::50509,COL5A3,Gene
Gene::5051,PAFAH2,Gene
Gene::50511,SYCP3,Gene
Gene::50514,DEC1,Gene
Gene::50515,CHST11,Gene
Gene::5052,PRDX1,Gene
Gene::5053,PAH,Gene
Gene::5054,SERPINE1,Gene
Gene::5055,SERPINB2,Gene
Gene::5058,PAK1,Gene
Gene::50604,IL20,Gene
Gene::50613,UBQLN3,Gene
Gene::50615,IL21R,Gene
Gene::50616,IL22,Gene
Gene::50617,ATP6V0A4,Gene
Gene::50618,ITSN2,Gene
Gene::50619,DEF6,Gene
Gene::5062,PAK2,Gene
Gene::50624,CUZD1,Gene
Gene::50626,CYHR1,Gene
Gene::50628,GEMIN4,Gene
Gene::5063,PAK3,Gene
Gene::50632,CALY,Gene
Gene::50640,PNPLA8,Gene
Gene::50649,ARHGEF4,Gene
Gene::5066,PAM,Gene
Gene::5067,CNTN3,Gene
Gene::5068,REG3A,Gene
Gene::5069,PAPPA,Gene
Gene::50700,RDH8,Gene
Gene::5071,PARK2,Gene
Gene::50717,DCAF8,Gene
Gene::5073,PARN,Gene
Gene::5074,PAWR,Gene
Gene::5076,PAX2,Gene
Gene::5077,PAX3,Gene
Gene::5078,PAX4,Gene
Gene::5079,PAX5,Gene
Gene::5080,PAX6,Gene
Gene::50801,KCNK4,Gene
Gene::50802,IGK,Gene
Gene::50805,IRX4,Gene
Gene::50807,ASAP1,Gene
Gene::50808,AK3,Gene
Gene::50809,HP1BP3,Gene
Gene::5081,PAX7,Gene
Gene::50810,HDGFRP3,Gene
Gene::50813,COPS7A,Gene
Gene::50814,NSDHL,Gene
Gene::5082,PDCL,Gene
Gene::5083,PAX9,Gene
Gene::50833,TAS2R16,Gene
Gene::50839,TAS2R10,Gene
Gene::50846,DHH,Gene
Gene::50848,F11R,Gene
Gene::50852,TRAT1,Gene
Gene::50853,VILL,Gene
Gene::50854,C6orf48,Gene
Gene::50855,PARD6A,Gene
Gene::50861,STMN3,Gene
Gene::50862,RNF141,Gene
Gene::50863,NTM,Gene
Gene::50865,HEBP1,Gene
Gene::5087,PBX1,Gene
Gene::5090,PBX3,Gene
Gene::5091,PC,Gene
Gene::5092,PCBD1,Gene
Gene::5093,PCBP1,Gene
Gene::50937,CDON,Gene
Gene::50939,IMPG2,Gene
Gene::5094,PCBP2,Gene
Gene::50940,PDE11A,Gene
Gene::50943,FOXP3,Gene
Gene::50944,SHANK1,Gene
Gene::50945,TBX22,Gene
Gene::5095,PCCA,Gene
Gene::5096,PCCB,Gene
Gene::50964,SOST,Gene
Gene::5099,PCDH7,Gene
Gene::50999,TMED5,Gene
Gene::51,ACOX1,Gene
Gene::5100,PCDH8,Gene
Gene::51001,MTERF3,Gene
Gene::51002,TPRKB,Gene
Gene::51003,MED31,Gene
Gene::51004,COQ6,Gene
Gene::51005,AMDHD2,Gene
Gene::51006,SLC35C2,Gene
Gene::51008,ASCC1,Gene
Gene::51009,DERL2,Gene
Gene::5101,PCDH9,Gene
Gene::51010,EXOSC3,Gene
Gene::51011,FAHD2A,Gene
Gene::51012,SLMO2,Gene
Gene::51014,TMED7,Gene
Gene::51015,ISOC1,Gene
Gene::51016,EMC9,Gene
Gene::51018,RRP15,Gene
Gene::51019,CCDC53,Gene
Gene::51020,HDDC2,Gene
Gene::51021,MRPS16,Gene
Gene::51022,GLRX2,Gene
Gene::51023,MRPS18C,Gene
Gene::51024,FIS1,Gene
Gene::51025,PAM16,Gene
Gene::51026,GOLT1B,Gene
Gene::51027,BOLA1,Gene
Gene::51028,VPS36,Gene
Gene::51029,DESI2,Gene
Gene::51030,TVP23B,Gene
Gene::51031,GLOD4,Gene
Gene::51035,UBXN1,Gene
Gene::5104,SERPINA5,Gene
Gene::51042,ZNF593,Gene
Gene::51043,ZBTB7B,Gene
Gene::5105,PCK1,Gene
Gene::51052,PRLH,Gene
Gene::51053,GMNN,Gene
Gene::51056,LAP3,Gene
Gene::51057,WDPCP,Gene
Gene::51059,FAM135B,Gene
Gene::5106,PCK2,Gene
Gene::51060,TXNDC12,Gene
Gene::51061,TXNDC11,Gene
Gene::51062,ATL1,Gene
Gene::51065,RPS27L,Gene
Gene::51067,YARS2,Gene
Gene::51068,NMD3,Gene
Gene::51069,MRPL2,Gene
Gene::51070,NOSIP,Gene
Gene::51071,DERA,Gene
Gene::51072,MEMO1,Gene
Gene::51073,MRPL4,Gene
Gene::51074,APIP,Gene
Gene::51075,TMX2,Gene
Gene::51076,CUTC,Gene
Gene::51078,THAP4,Gene
Gene::51079,NDUFA13,Gene
Gene::5108,PCM1,Gene
Gene::51081,MRPS7,Gene
Gene::51082,POLR1D,Gene
Gene::51083,GAL,Gene
Gene::51084,CRYL1,Gene
Gene::51085,MLXIPL,Gene
Gene::51088,KLHL5,Gene
Gene::51090,PLLP,Gene
Gene::51091,SEPSECS,Gene
Gene::51092,SIDT2,Gene
Gene::51093,RRNAD1,Gene
Gene::51094,ADIPOR1,Gene
Gene::51095,TRNT1,Gene
Gene::51096,UTP18,Gene
Gene::51097,SCCPDH,Gene
Gene::51099,ABHD5,Gene
Gene::5110,PCMT1,Gene
Gene::51100,SH3GLB1,Gene
Gene::51101,ZC2HC1A,Gene
Gene::51102,MECR,Gene
Gene::51103,NDUFAF1,Gene
Gene::51106,TFB1M,Gene
Gene::51107,APH1A,Gene
Gene::51108,METTL9,Gene
Gene::51109,RDH11,Gene
Gene::5111,PCNA,Gene
Gene::51110,LACTB2,Gene
Gene::51111,SUV420H1,Gene
Gene::51112,TRAPPC12,Gene
Gene::51114,ZDHHC9,Gene
Gene::51115,RMDN1,Gene
Gene::51116,MRPS2,Gene
Gene::51117,COQ4,Gene
Gene::51118,UTP11L,Gene
Gene::51119,SBDS,Gene
Gene::51121,RPL26L1,Gene
Gene::51122,COMMD2,Gene
Gene::51123,ZNF706,Gene
Gene::51124,IER3IP1,Gene
Gene::51125,GOLGA7,Gene
Gene::51126,NAA20,Gene
Gene::51128,SAR1B,Gene
Gene::51129,ANGPTL4,Gene
Gene::51131,PHF11,Gene
Gene::51132,RLIM,Gene
Gene::51133,KCTD3,Gene
Gene::51134,CEP83,Gene
Gene::51135,IRAK4,Gene
Gene::51136,RNFT1,Gene
Gene::51138,COPS4,Gene
Gene::51141,INSIG2,Gene
Gene::51142,CHCHD2,Gene
Gene::51143,DYNC1LI1,Gene
Gene::51144,HSD17B12,Gene
Gene::51146,A4GNT,Gene
Gene::51147,ING4,Gene
Gene::51151,SLC45A2,Gene
Gene::51154,MRTO4,Gene
Gene::51155,HN1,Gene
Gene::51157,ZNF580,Gene
Gene::5116,PCNT,Gene
Gene::51160,VPS28,Gene
Gene::51161,C3orf18,Gene
Gene::51162,EGFL7,Gene
Gene::51163,DBR1,Gene
Gene::51164,DCTN4,Gene
Gene::51166,AADAT,Gene
Gene::51167,CYB5R4,Gene
Gene::51170,HSD17B11,Gene
Gene::51171,HSD17B14,Gene
Gene::51172,NAGPA,Gene
Gene::51174,TUBD1,Gene
Gene::51175,TUBE1,Gene
Gene::51176,LEF1,Gene
Gene::5118,PCOLCE,Gene
Gene::51181,DCXR,Gene
Gene::51182,HSPA14,Gene
Gene::51184,GPN3,Gene
Gene::51185,CRBN,Gene
Gene::51186,WBP5,Gene
Gene::51187,RSL24D1,Gene
Gene::51188,SS18L2,Gene
Gene::5119,CHMP1A,Gene
Gene::51191,HERC5,Gene
Gene::51192,CKLF,Gene
Gene::51193,ZNF639,Gene
Gene::51195,RAPGEFL1,Gene
Gene::51196,PLCE1,Gene
Gene::51199,NIN,Gene
Gene::51200,CPA4,Gene
Gene::51201,ZDHHC2,Gene
Gene::51202,DDX47,Gene
Gene::51203,NUSAP1,Gene
Gene::51204,TACO1,Gene
Gene::51205,ACP6,Gene
Gene::51206,GP6,Gene
Gene::51208,CLDN18,Gene
Gene::51209,RAB9B,Gene
Gene::51218,GLRX5,Gene
Gene::5122,PCSK1,Gene
Gene::51226,COPZ2,Gene
Gene::51227,PIGP,Gene
Gene::51228,GLTP,Gene
Gene::51230,PHF20,Gene
Gene::51231,VRK3,Gene
Gene::51232,CRIM1,Gene
Gene::51233,DRICH1,Gene
Gene::51236,HGH1,Gene
Gene::51237,MZB1,Gene
Gene::51239,ANKRD39,Gene
Gene::51241,COX16,Gene
Gene::51248,PDZD11,Gene
Gene::51249,TMEM69,Gene
Gene::5125,PCSK5,Gene
Gene::51250,C6orf203,Gene
Gene::51251,NT5C3A,Gene
Gene::51252,FAM178B,Gene
Gene::51257,MARCH2,Gene
Gene::51258,MRPL51,Gene
Gene::51259,TMEM216,Gene
Gene::5126,PCSK2,Gene
Gene::51260,PBDC1,Gene
Gene::51265,CDKL3,Gene
Gene::51266,CLEC1B,Gene
Gene::51267,CLEC1A,Gene
Gene::51268,PIPOX,Gene
Gene::5127,CDK16,Gene
Gene::51271,UBAP1,Gene
Gene::51272,BET1L,Gene
Gene::51274,KLF3,Gene
Gene::51277,DNAJC27,Gene
Gene::51278,IER5,Gene
Gene::51279,C1RL,Gene
Gene::5128,CDK17,Gene
Gene::51280,GOLM1,Gene
Gene::51282,SCAND1,Gene
Gene::51283,BFAR,Gene
Gene::51284,TLR7,Gene
Gene::51287,COA4,Gene
Gene::51290,ERGIC2,Gene
Gene::51291,GMIP,Gene
Gene::51292,GMPR2,Gene
Gene::51293,CD320,Gene
Gene::51297,BPIFA1,Gene
Gene::51299,NRN1,Gene
Gene::513,ATP5D,Gene
Gene::5130,PCYT1A,Gene
Gene::51300,TIMMDC1,Gene
Gene::51301,GCNT4,Gene
Gene::51302,CYP39A1,Gene
Gene::51303,FKBP11,Gene
Gene::51304,ZDHHC3,Gene
Gene::51305,KCNK9,Gene
Gene::51306,FAM13B,Gene
Gene::51307,FAM53C,Gene
Gene::51308,REEP2,Gene
Gene::51309,ARMCX1,Gene
Gene::51310,SLC22A17,Gene
Gene::51311,TLR8,Gene
Gene::51312,SLC25A37,Gene
Gene::51313,FAM198B,Gene
Gene::51314,NME8,Gene
Gene::51315,KRCC1,Gene
Gene::51316,PLAC8,Gene
Gene::51317,PHF21A,Gene
Gene::51318,MRPL35,Gene
Gene::51319,RSRC1,Gene
Gene::51320,MEX3C,Gene
Gene::51321,AMZ2,Gene
Gene::51322,WAC,Gene
Gene::51324,SPG21,Gene
Gene::51329,ARL6IP4,Gene
Gene::5133,PDCD1,Gene
Gene::51330,TNFRSF12A,Gene
Gene::51332,SPTBN5,Gene
Gene::51333,ZNF771,Gene
Gene::51335,NGRN,Gene
Gene::51337,THEM6,Gene
Gene::51338,MS4A4A,Gene
Gene::51339,DACT1,Gene
Gene::5134,PDCD2,Gene
Gene::51341,ZBTB7A,Gene
Gene::51343,FZR1,Gene
Gene::51347,TAOK3,Gene
Gene::51351,ZNF117,Gene
Gene::5136,PDE1A,Gene
Gene::51360,MBTPS2,Gene
Gene::51361,HOOK1,Gene
Gene::51362,CDC40,Gene
Gene::51363,CHST15,Gene
Gene::51364,ZMYND10,Gene
Gene::51365,PLA1A,Gene
Gene::51366,UBR5,Gene
Gene::51367,POP5,Gene
Gene::51368,TEX264,Gene
Gene::5137,PDE1C,Gene
Gene::51371,POMP,Gene
Gene::51372,TMA7,Gene
Gene::51374,ATRAID,Gene
Gene::51375,SNX7,Gene
Gene::51377,UCHL5,Gene
Gene::51379,CRLF3,Gene
Gene::5138,PDE2A,Gene
Gene::51380,CSAD,Gene
Gene::51382,ATP6V1D,Gene
Gene::51385,ZNF589,Gene
Gene::51386,EIF3L,Gene
Gene::51388,NIP7,Gene
Gene::51389,RWDD1,Gene
Gene::5139,PDE3A,Gene
Gene::51390,AIG1,Gene
Gene::51397,COMMD10,Gene
Gene::51398,WDR83OS,Gene
Gene::51399,TRAPPC4,Gene
Gene::514,ATP5E,Gene
Gene::5140,PDE3B,Gene
Gene::51400,PPME1,Gene
Gene::51406,NOL7,Gene
Gene::51409,HEMK1,Gene
Gene::5141,PDE4A,Gene
Gene::51411,BIN2,Gene
Gene::5142,PDE4B,Gene
Gene::51422,PRKAG2,Gene
Gene::51428,DDX41,Gene
Gene::51429,SNX9,Gene
Gene::5143,PDE4C,Gene
Gene::51430,SUCO,Gene
Gene::51433,ANAPC5,Gene
Gene::51435,SCARA3,Gene
Gene::51438,MAGEC2,Gene
Gene::51439,FAM8A1,Gene
Gene::5144,PDE4D,Gene
Gene::51441,YTHDF2,Gene
Gene::51442,VGLL1,Gene
Gene::51444,RNF138,Gene
Gene::51447,IP6K2,Gene
Gene::51449,PCYOX1,Gene
Gene::5145,PDE6A,Gene
Gene::51450,PRRX2,Gene
Gene::51451,LCMT1,Gene
Gene::51454,GULP1,Gene
Gene::51455,REV1,Gene
Gene::51458,RHCG,Gene
Gene::5146,PDE6C,Gene
Gene::51460,SFMBT1,Gene
Gene::51463,GPR89B,Gene
Gene::51465,UBE2J1,Gene
Gene::51466,EVL,Gene
Gene::5147,PDE6D,Gene
Gene::51473,DCDC2,Gene
Gene::51474,LIMA1,Gene
Gene::51477,ISYNA1,Gene
Gene::51478,HSD17B7,Gene
Gene::51479,ANKFY1,Gene
Gene::5148,PDE6G,Gene
Gene::5149,PDE6H,Gene
Gene::51490,C9orf114,Gene
Gene::51491,NOP16,Gene
Gene::51493,RTCB,Gene
Gene::51495,HACD3,Gene
Gene::51497,NELFCD,Gene
Gene::51499,TRIAP1,Gene
Gene::515,ATP5F1,Gene
Gene::5150,PDE7A,Gene
Gene::51501,C11orf73,Gene
Gene::51503,CWC15,Gene
Gene::51504,TRMT112,Gene
Gene::51507,RTFDC1,Gene
Gene::5151,PDE8A,Gene
Gene::51510,CHMP5,Gene
Gene::51512,GTSE1,Gene
Gene::51514,DTL,Gene
Gene::5152,PDE9A,Gene
Gene::51520,LARS,Gene
Gene::51522,TMEM14C,Gene
Gene::51523,CXXC5,Gene
Gene::51526,OSER1,Gene
Gene::51528,JKAMP,Gene
Gene::51529,ANAPC11,Gene
Gene::5153,PDE1B,Gene
Gene::51530,ZC3HC1,Gene
Gene::51531,C9orf156,Gene
Gene::51534,VTA1,Gene
Gene::5154,PDGFA,Gene
Gene::51540,SCLY,Gene
Gene::51547,SIRT7,Gene
Gene::51548,SIRT6,Gene
Gene::5155,PDGFB,Gene
Gene::51554,ACKR4,Gene
Gene::51559,NT5DC3,Gene
Gene::5156,PDGFRA,Gene
Gene::51561,IL23A,Gene
Gene::51562,MBIP,Gene
Gene::51566,ARMCX3,Gene
Gene::51567,TDP2,Gene
Gene::51569,UFM1,Gene
Gene::5157,PDGFRL,Gene
Gene::51571,FAM49B,Gene
Gene::51573,GDE1,Gene
Gene::51574,LARP7,Gene
Gene::5158,PDE6B,Gene
Gene::51582,AZIN1,Gene
Gene::51585,PCF11,Gene
Gene::51586,MED15,Gene
Gene::5159,PDGFRB,Gene
Gene::51592,TRIM33,Gene
Gene::51593,SRRT,Gene
Gene::51594,NBAS,Gene
Gene::51596,CUTA,Gene
Gene::51599,LSR,Gene
Gene::516,ATP5G1,Gene
Gene::5160,PDHA1,Gene
Gene::51601,LIPT1,Gene
Gene::51603,METTL13,Gene
Gene::51604,PIGT,Gene
Gene::51605,TRMT6,Gene
Gene::51606,ATP6V1H,Gene
Gene::5161,PDHA2,Gene
Gene::51611,DPH5,Gene
Gene::51614,ERGIC3,Gene
Gene::51616,TAF9B,Gene
Gene::51617,HMP19,Gene
Gene::5162,PDHB,Gene
Gene::51621,KLF13,Gene
Gene::51626,DYNC2LI1,Gene
Gene::51629,SLC25A39,Gene
Gene::5163,PDK1,Gene
Gene::51634,RBMX2,Gene
Gene::51635,DHRS7,Gene
Gene::51637,C14orf166,Gene
Gene::51639,SF3B6,Gene
Gene::5164,PDK2,Gene
Gene::51642,MRPL48,Gene
Gene::51643,TMBIM4,Gene
Gene::51646,YPEL5,Gene
Gene::51647,FAM96B,Gene
Gene::51649,MRPS23,Gene
Gene::5165,PDK3,Gene
Gene::51650,MRPS33,Gene
Gene::51651,PTRH2,Gene
Gene::51652,CHMP3,Gene
Gene::51655,RASD1,Gene
Gene::51657,STYXL1,Gene
Gene::51659,GINS2,Gene
Gene::5166,PDK4,Gene
Gene::51660,MPC1,Gene
Gene::51663,ZFR,Gene
Gene::51668,HSPB11,Gene
Gene::51669,SARAF,Gene
Gene::5167,ENPP1,Gene
Gene::51673,TPPP3,Gene
Gene::51676,ASB2,Gene
Gene::51678,MPP6,Gene
Gene::5168,ENPP2,Gene
Gene::51684,SUFU,Gene
Gene::51686,OAZ3,Gene
Gene::5169,ENPP3,Gene
Gene::51690,LSM7,Gene
Gene::51691,LSM8,Gene
Gene::51693,TRAPPC2L,Gene
Gene::51696,HECA,Gene
Gene::517,ATP5G2,Gene
Gene::5170,PDPK1,Gene
Gene::51700,CYB5R2,Gene
Gene::51701,NLK,Gene
Gene::51702,PADI3,Gene
Gene::51703,ACSL5,Gene
Gene::51704,GPRC5B,Gene
Gene::51705,EMCN,Gene
Gene::51706,CYB5R1,Gene
Gene::51710,ZNF44,Gene
Gene::51714,SELT,Gene
Gene::51719,CAB39,Gene
Gene::5172,SLC26A4,Gene
Gene::51720,UIMC1,Gene
Gene::51725,FBXO40,Gene
Gene::51727,CMPK1,Gene
Gene::51728,POLR3K,Gene
Gene::51729,WBP11,Gene
Gene::5173,PDYN,Gene
Gene::51733,UPB1,Gene
Gene::51734,MSRB1,Gene
Gene::51738,GHRL,Gene
Gene::5174,PDZK1,Gene
Gene::51741,WWOX,Gene
Gene::51742,ARID4B,Gene
Gene::51744,CD244,Gene
Gene::5175,PECAM1,Gene
Gene::51750,RTEL1,Gene
Gene::51752,ERAP1,Gene
Gene::51754,TMEM8B,Gene
Gene::51755,CDK12,Gene
Gene::51759,C9orf78,Gene
Gene::5176,SERPINF1,Gene
Gene::51760,SYT17,Gene
Gene::51761,ATP8A2,Gene
Gene::51762,RAB8B,Gene
Gene::51765,STK26,Gene
Gene::51768,TM7SF3,Gene
Gene::51773,RSF1,Gene
Gene::51776,ZAK,Gene
Gene::5178,PEG3,Gene
Gene::51780,KDM3B,Gene
Gene::5179,PENK,Gene
Gene::518,ATP5G3,Gene
Gene::51802,ASIC5,Gene
Gene::51804,SIX4,Gene
Gene::51805,COQ3,Gene
Gene::51806,CALML5,Gene
Gene::51809,GALNT7,Gene
Gene::51816,CECR1,Gene
Gene::5184,PEPD,Gene
Gene::5187,PER1,Gene
Gene::5188,GATB,Gene
Gene::5191,PEX7,Gene
Gene::5192,PEX10,Gene
Gene::5193,PEX12,Gene
Gene::5194,PEX13,Gene
Gene::5195,PEX14,Gene
Gene::5196,PF4,Gene
Gene::5197,PF4V1,Gene
Gene::5198,PFAS,Gene
Gene::52,ACP1,Gene
Gene::5201,PFDN1,Gene
Gene::5202,PFDN2,Gene
Gene::5204,PFDN5,Gene
Gene::5205,ATP8B1,Gene
Gene::5209,PFKFB3,Gene
Gene::521,ATP5I,Gene
Gene::5211,PFKL,Gene
Gene::5212,VIT,Gene
Gene::5213,PFKM,Gene
Gene::5214,PFKP,Gene
Gene::5216,PFN1,Gene
Gene::5217,PFN2,Gene
Gene::5218,CDK14,Gene
Gene::522,ATP5J,Gene
Gene::5222,PGA5,Gene
Gene::5223,PGAM1,Gene
Gene::5224,PGAM2,Gene
Gene::5226,PGD,Gene
Gene::5228,PGF,Gene
Gene::5229,PGGT1B,Gene
Gene::523,ATP6V1A,Gene
Gene::5230,PGK1,Gene
Gene::5232,PGK2,Gene
Gene::5236,PGM1,Gene
Gene::5238,PGM3,Gene
Gene::5239,PGM5,Gene
Gene::5241,PGR,Gene
Gene::5243,ABCB1,Gene
Gene::5244,ABCB4,Gene
Gene::5245,PHB,Gene
Gene::525,ATP6V1B1,Gene
Gene::5250,SLC25A3,Gene
Gene::5251,PHEX,Gene
Gene::5252,PHF1,Gene
Gene::5255,PHKA1,Gene
Gene::5256,PHKA2,Gene
Gene::5257,PHKB,Gene
Gene::526,ATP6V1B2,Gene
Gene::5260,PHKG1,Gene
Gene::5261,PHKG2,Gene
Gene::5264,PHYH,Gene
Gene::5265,SERPINA1,Gene
Gene::5266,PI3,Gene
Gene::5268,SERPINB5,Gene
Gene::5269,SERPINB6,Gene
Gene::527,ATP6V0C,Gene
Gene::5270,SERPINE2,Gene
Gene::5271,SERPINB8,Gene
Gene::5273,SERPINB10,Gene
Gene::5274,SERPINI1,Gene
Gene::5275,SERPINB13,Gene
Gene::5277,PIGA,Gene
Gene::5279,PIGC,Gene
Gene::528,ATP6V1C1,Gene
Gene::5281,PIGF,Gene
Gene::5283,PIGH,Gene
Gene::5284,PIGR,Gene
Gene::5286,PIK3C2A,Gene
Gene::5287,PIK3C2B,Gene
Gene::5288,PIK3C2G,Gene
Gene::5289,PIK3C3,Gene
Gene::529,ATP6V1E1,Gene
Gene::5290,PIK3CA,Gene
Gene::5291,PIK3CB,Gene
Gene::5292,PIM1,Gene
Gene::5293,PIK3CD,Gene
Gene::5294,PIK3CG,Gene
Gene::5295,PIK3R1,Gene
Gene::5296,PIK3R2,Gene
Gene::5298,PI4KB,Gene
Gene::53,ACP2,Gene
Gene::5300,PIN1,Gene
Gene::5304,PIP,Gene
Gene::5305,PIP4K2A,Gene
Gene::5307,PITX1,Gene
Gene::5308,PITX2,Gene
Gene::5309,PITX3,Gene
Gene::5310,PKD1,Gene
Gene::5311,PKD2,Gene
Gene::5313,PKLR,Gene
Gene::5314,PKHD1,Gene
Gene::5315,PKM,Gene
Gene::5316,PKNOX1,Gene
Gene::5317,PKP1,Gene
Gene::5318,PKP2,Gene
Gene::5319,PLA2G1B,Gene
Gene::5320,PLA2G2A,Gene
Gene::5321,PLA2G4A,Gene
Gene::5324,PLAG1,Gene
Gene::5325,PLAGL1,Gene
Gene::5326,PLAGL2,Gene
Gene::5327,PLAT,Gene
Gene::5328,PLAU,Gene
Gene::5329,PLAUR,Gene
Gene::533,ATP6V0B,Gene
Gene::5330,PLCB2,Gene
Gene::5331,PLCB3,Gene
Gene::5332,PLCB4,Gene
Gene::5333,PLCD1,Gene
Gene::53335,BCL11A,Gene
Gene::53339,BTBD1,Gene
Gene::5334,PLCL1,Gene
Gene::53340,SPA17,Gene
Gene::53343,NUDT9,Gene
Gene::53344,CHIC1,Gene
Gene::53345,TM6SF2,Gene
Gene::53347,UBASH3A,Gene
Gene::5335,PLCG1,Gene
Gene::53353,LRP1B,Gene
Gene::53354,PANK1,Gene
Gene::53358,SHC3,Gene
Gene::5336,PLCG2,Gene
Gene::5337,PLD1,Gene
Gene::53371,NUP54,Gene
Gene::5338,PLD2,Gene
Gene::5339,PLEC,Gene
Gene::5340,PLG,Gene
Gene::53405,CLIC5,Gene
Gene::53407,STX18,Gene
Gene::5341,PLEK,Gene
Gene::5342,PLGLB2,Gene
Gene::5343,PLGLB1,Gene
Gene::5345,SERPINF2,Gene
Gene::5346,PLIN1,Gene
Gene::5347,PLK1,Gene
Gene::5348,FXYD1,Gene
Gene::5349,FXYD3,Gene
Gene::5350,PLN,Gene
Gene::5351,PLOD1,Gene
Gene::5352,PLOD2,Gene
Gene::5354,PLP1,Gene
Gene::5355,PLP2,Gene
Gene::5357,PLS1,Gene
Gene::5358,PLS3,Gene
Gene::5359,PLSCR1,Gene
Gene::5360,PLTP,Gene
Gene::5361,PLXNA1,Gene
Gene::53615,MBD3,Gene
Gene::53616,ADAM22,Gene
Gene::5362,PLXNA2,Gene
Gene::53632,PRKAG3,Gene
Gene::53635,PTOV1,Gene
Gene::53637,S1PR5,Gene
Gene::5364,PLXNB1,Gene
Gene::5366,PMAIP1,Gene
Gene::5367,PMCH,Gene
Gene::537,ATP6AP1,Gene
Gene::5371,PML,Gene
Gene::5372,PMM1,Gene
Gene::5373,PMM2,Gene
Gene::5375,PMP2,Gene
Gene::5376,PMP22,Gene
Gene::5378,PMS1,Gene
Gene::538,ATP7A,Gene
Gene::53826,FXYD6,Gene
Gene::53827,FXYD5,Gene
Gene::53832,IL20RA,Gene
Gene::53834,FGFRL1,Gene
Gene::53836,GPR87,Gene
Gene::53838,C11orf24,Gene
Gene::53840,TRIM34,Gene
Gene::53841,CDHR5,Gene
Gene::539,ATP5O,Gene
Gene::53904,MYO3A,Gene
Gene::53905,DUOX1,Gene
Gene::53916,RAB4B,Gene
Gene::53917,RAB24,Gene
Gene::53918,PELO,Gene
Gene::53919,SLCO1C1,Gene
Gene::5393,EXOSC9,Gene
Gene::53938,PPIL3,Gene
Gene::5394,EXOSC10,Gene
Gene::53940,FTHL17,Gene
Gene::53942,CNTN5,Gene
Gene::53944,CSNK1G1,Gene
Gene::53947,A4GALT,Gene
Gene::5395,PMS2,Gene
Gene::5396,PRRX1,Gene
Gene::53981,CPSF2,Gene
Gene::54,ACP5,Gene
Gene::540,ATP7B,Gene
Gene::54014,BRWD1,Gene
Gene::54020,SLC37A1,Gene
Gene::54033,RBM11,Gene
Gene::5406,PNLIP,Gene
Gene::54065,SMIM11,Gene
Gene::54069,MIS18A,Gene
Gene::5409,PNMT,Gene
Gene::54093,SETD4,Gene
Gene::54097,FAM3B,Gene
Gene::54102,CLIC6,Gene
Gene::54103,GSAP,Gene
Gene::54106,TLR9,Gene
Gene::54107,POLE3,Gene
Gene::54108,CHRAC1,Gene
Gene::5413,SEPT5,Gene
Gene::5414,SEPT4,Gene
Gene::54148,MRPL39,Gene
Gene::54149,C21orf91,Gene
Gene::541578,CXorf40B,Gene
Gene::54165,DCUN1D1,Gene
Gene::54187,NANS,Gene
Gene::5420,PODXL,Gene
Gene::54205,CYCS,Gene
Gene::54206,ERRFI1,Gene
Gene::54207,KCNK10,Gene
Gene::54209,TREM2,Gene
Gene::54210,TREM1,Gene
Gene::5422,POLA1,Gene
Gene::54221,SNTG2,Gene
Gene::5423,POLB,Gene
Gene::5424,POLD1,Gene
Gene::5425,POLD2,Gene
Gene::5426,POLE,Gene
Gene::5427,POLE2,Gene
Gene::5428,POLG,Gene
Gene::5429,POLH,Gene
Gene::5430,POLR2A,Gene
Gene::54328,GPR173,Gene
Gene::5433,POLR2D,Gene
Gene::54331,GNG2,Gene
Gene::5434,POLR2E,Gene
Gene::54344,DPM3,Gene
Gene::54346,UNC93A,Gene
Gene::5435,POLR2F,Gene
Gene::5436,POLR2G,Gene
Gene::54360,CYTL1,Gene
Gene::54361,WNT4,Gene
Gene::54363,HAO1,Gene
Gene::5437,POLR2H,Gene
Gene::5438,POLR2I,Gene
Gene::54386,TERF2IP,Gene
Gene::5439,POLR2J,Gene
Gene::5440,POLR2K,Gene
Gene::54407,SLC38A2,Gene
Gene::5441,POLR2L,Gene
Gene::54413,NLGN3,Gene
Gene::5442,POLRMT,Gene
Gene::5443,POMC,Gene
Gene::54431,DNAJC10,Gene
Gene::54432,YIPF1,Gene
Gene::54433,GAR1,Gene
Gene::54434,SSH1,Gene
Gene::54436,SH3TC1,Gene
Gene::54437,SEMA5B,Gene
Gene::54438,GFOD1,Gene
Gene::54439,RBM27,Gene
Gene::5444,PON1,Gene
Gene::54442,KCTD5,Gene
Gene::54443,ANLN,Gene
Gene::5445,PON2,Gene
Gene::54453,RIN2,Gene
Gene::54454,ATAD2B,Gene
Gene::54455,FBXO42,Gene
Gene::54457,TAF7L,Gene
Gene::54458,PRR13,Gene
Gene::5446,PON3,Gene
Gene::54460,MRPS21,Gene
Gene::54462,CCSER2,Gene
Gene::54463,FAM134B,Gene
Gene::54464,XRN1,Gene
Gene::54468,MIOS,Gene
Gene::54469,ZFAND6,Gene
Gene::5447,POR,Gene
Gene::54470,ARMCX6,Gene
Gene::54471,MIEF1,Gene
Gene::54472,TOLLIP,Gene
Gene::54474,KRT20,Gene
Gene::54475,NLE1,Gene
Gene::54477,PLEKHA5,Gene
Gene::54478,FAM64A,Gene
Gene::54480,CHPF2,Gene
Gene::54482,TRMT13,Gene
Gene::54487,DGCR8,Gene
Gene::5449,POU1F1,Gene
Gene::54490,UGT2B28,Gene
Gene::54491,FAM105A,Gene
Gene::54492,NEURL1B,Gene
Gene::54494,C11orf71,Gene
Gene::54496,PRMT7,Gene
Gene::54498,SMOX,Gene
Gene::54499,TMCO1,Gene
Gene::545,ATR,Gene
Gene::5450,POU2AF1,Gene
Gene::54502,RBM47,Gene
Gene::54503,ZDHHC13,Gene
Gene::54504,CPVL,Gene
Gene::54505,DHX29,Gene
Gene::54509,RHOF,Gene
Gene::5451,POU2F1,Gene
Gene::54510,PCDH18,Gene
Gene::54512,EXOSC4,Gene
Gene::54516,MTRF1L,Gene
Gene::54517,PUS7,Gene
Gene::54518,APBB1IP,Gene
Gene::5452,POU2F2,Gene
Gene::54521,WDR44,Gene
Gene::54529,ASNSD1,Gene
Gene::5453,POU3F1,Gene
Gene::54531,MIER2,Gene
Gene::54532,USP53,Gene
Gene::54534,MRPL50,Gene
Gene::54535,CCHCR1,Gene
Gene::54536,EXOC6,Gene
Gene::54537,FAM35A,Gene
Gene::54538,ROBO4,Gene
Gene::54539,NDUFB11,Gene
Gene::5454,POU3F2,Gene
Gene::54541,DDIT4,Gene
Gene::54543,TOMM7,Gene
Gene::54546,RNF186,Gene
Gene::54550,NECAB2,Gene
Gene::54551,MAGEL2,Gene
Gene::54552,GNL3L,Gene
Gene::54554,WDR5B,Gene
Gene::54555,DDX49,Gene
Gene::54556,ING3,Gene
Gene::54557,SGTB,Gene
Gene::54558,SPATA6,Gene
Gene::5456,POU3F4,Gene
Gene::54566,EPB41L4B,Gene
Gene::54567,DLL4,Gene
Gene::5457,POU4F1,Gene
Gene::54575,UGT1A10,Gene
Gene::54576,UGT1A8,Gene
Gene::54577,UGT1A7,Gene
Gene::54578,UGT1A6,Gene
Gene::54579,UGT1A5,Gene
Gene::5458,POU4F2,Gene
Gene::54583,EGLN1,Gene
Gene::54584,GNB1L,Gene
Gene::54585,LZTFL1,Gene
Gene::54587,MXRA8,Gene
Gene::546,ATRX,Gene
Gene::5460,POU5F1,Gene
Gene::54600,UGT1A9,Gene
Gene::54602,NDFIP2,Gene
Gene::54606,DDX56,Gene
Gene::54617,INO80,Gene
Gene::5462,POU5F1B,Gene
Gene::54620,FBXL19,Gene
Gene::54621,VSIG10,Gene
Gene::54622,ARL15,Gene
Gene::54623,PAF1,Gene
Gene::54625,PARP14,Gene
Gene::54629,FAM63B,Gene
Gene::5463,POU6F1,Gene
Gene::5464,PPA1,Gene
Gene::5465,PPARA,Gene
Gene::54657,UGT1A4,Gene
Gene::54658,UGT1A1,Gene
Gene::54659,UGT1A3,Gene
Gene::54663,WDR74,Gene
Gene::54664,TMEM106B,Gene
Gene::54665,RSBN1,Gene
Gene::5467,PPARD,Gene
Gene::54674,LRRN3,Gene
Gene::54675,CRLS1,Gene
Gene::54676,GTPBP2,Gene
Gene::54677,CROT,Gene
Gene::5468,PPARG,Gene
Gene::54680,ZNHIT6,Gene
Gene::54681,P4HTM,Gene
Gene::54682,MANSC1,Gene
Gene::5469,MED1,Gene
Gene::547,KIF1A,Gene
Gene::54700,RRN3,Gene
Gene::54704,PDP1,Gene
Gene::54707,GPN2,Gene
Gene::54708,MARCH5,Gene
Gene::5471,PPAT,Gene
Gene::54714,CNGB3,Gene
Gene::54715,RBFOX1,Gene
Gene::54716,SLC6A20,Gene
Gene::54726,OTUD4,Gene
Gene::54729,NKX1-1,Gene
Gene::5473,PPBP,Gene
Gene::54732,TMED9,Gene
Gene::54733,SLC35F2,Gene
Gene::54738,FEV,Gene
Gene::54739,XAF1,Gene
Gene::54741,LEPROT,Gene
Gene::54749,EPDR1,Gene
Gene::5475,PPEF1,Gene
Gene::54753,ZNF853,Gene
Gene::54754,NUTM2F,Gene
Gene::54756,IL17RD,Gene
Gene::54758,KLHDC4,Gene
Gene::5476,CTSA,Gene
Gene::54760,PCSK4,Gene
Gene::54765,TRIM44,Gene
Gene::54766,BTG4,Gene
Gene::54776,PPP1R12C,Gene
Gene::54777,CFAP46,Gene
Gene::54778,RNF111,Gene
Gene::5478,PPIA,Gene
Gene::54780,NSMCE4A,Gene
Gene::54784,ALKBH4,Gene
Gene::54785,C17orf59,Gene
Gene::5479,PPIB,Gene
Gene::54790,TET2,Gene
Gene::54793,KCTD9,Gene
Gene::54795,TRPM4,Gene
Gene::54796,BNC2,Gene
Gene::5480,PPIC,Gene
Gene::54800,KLHL24,Gene
Gene::54801,HAUS6,Gene
Gene::54802,TRIT1,Gene
Gene::54805,CNNM2,Gene
Gene::54806,AHI1,Gene
Gene::54807,ZNF586,Gene
Gene::54808,DYM,Gene
Gene::54809,SAMD9,Gene
Gene::5481,PPID,Gene
Gene::54811,ZNF562,Gene
Gene::54813,KLHL28,Gene
Gene::54815,GATAD2A,Gene
Gene::54816,ZNF280D,Gene
Gene::54820,NDE1,Gene
Gene::54821,ERCC6L,Gene
Gene::54822,TRPM7,Gene
Gene::54823,SWT1,Gene
Gene::54826,GIN1,Gene
Gene::54828,BCAS3,Gene
Gene::54829,ASPN,Gene
Gene::54832,VPS13C,Gene
Gene::54836,BSPRY,Gene
Gene::54838,WBP1L,Gene
Gene::54839,LRRC49,Gene
Gene::54841,BIVM,Gene
Gene::54842,MFSD6,Gene
Gene::54843,SYTL2,Gene
Gene::54845,ESRP1,Gene
Gene::54847,SIDT1,Gene
Gene::54849,DEF8,Gene
Gene::54850,FBXL12,Gene
Gene::54851,ANKRD49,Gene
Gene::54852,PAQR5,Gene
Gene::54853,WDR55,Gene
Gene::54854,FAM83E,Gene
Gene::54855,FAM46C,Gene
Gene::54858,PGPEP1,Gene
Gene::54859,ELP6,Gene
Gene::548593,SLX1A,Gene
Gene::548596,CKMT1A,Gene
Gene::54861,SNRK,Gene
Gene::54863,TOR4A,Gene
Gene::548644,POLR2J3,Gene
Gene::548645,DNAJC25,Gene
Gene::54865,GPATCH4,Gene
Gene::54867,TMEM214,Gene
Gene::54869,EPS8L1,Gene
Gene::54872,PIGG,Gene
Gene::54873,PALMD,Gene
Gene::54874,FNBP1L,Gene
Gene::54875,CNTLN,Gene
Gene::54877,ZCCHC2,Gene
Gene::54878,DPP8,Gene
Gene::54880,BCOR,Gene
Gene::54881,TEX10,Gene
Gene::54882,ANKHD1,Gene
Gene::54883,CWC25,Gene
Gene::54884,RETSAT,Gene
Gene::54885,TBC1D8B,Gene
Gene::54886,LPPR1,Gene
Gene::54887,UHRF1BP1,Gene
Gene::54891,INO80D,Gene
Gene::54892,NCAPG2,Gene
Gene::54894,RNF43,Gene
Gene::54897,CASZ1,Gene
Gene::54899,PXK,Gene
Gene::549,AUH,Gene
Gene::54900,LAX1,Gene
Gene::54901,CDKAL1,Gene
Gene::54902,TTC19,Gene
Gene::54903,MKS1,Gene
Gene::54904,WHSC1L1,Gene
Gene::54906,FAM208B,Gene
Gene::54908,SPDL1,Gene
Gene::54910,SEMA4C,Gene
Gene::54913,RPP25,Gene
Gene::54914,FOCAD,Gene
Gene::54915,YTHDF1,Gene
Gene::54918,CMTM6,Gene
Gene::54919,DNAAF5,Gene
Gene::54920,DUS2,Gene
Gene::54922,RASIP1,Gene
Gene::54923,LIME1,Gene
Gene::54925,ZSCAN32,Gene
Gene::54926,UBE2R2,Gene
Gene::54927,CHCHD3,Gene
Gene::54928,IMPAD1,Gene
Gene::54929,TMEM161A,Gene
Gene::5493,PPL,Gene
Gene::54930,HAUS4,Gene
Gene::54931,TRMT10C,Gene
Gene::54933,RHBDL2,Gene
Gene::54934,KANSL2,Gene
Gene::54935,DUSP23,Gene
Gene::54936,ADPRHL2,Gene
Gene::54939,COMMD4,Gene
Gene::5494,PPM1A,Gene
Gene::54947,LPCAT2,Gene
Gene::54948,MRPL16,Gene
Gene::5495,PPM1B,Gene
Gene::54951,COMMD8,Gene
Gene::54953,C1orf27,Gene
Gene::54955,C1orf109,Gene
Gene::54956,PARP16,Gene
Gene::54957,TXNL4B,Gene
Gene::54958,TMEM160,Gene
Gene::54959,ODAM,Gene
Gene::5496,PPM1G,Gene
Gene::54961,SSH3,Gene
Gene::54962,TIPIN,Gene
Gene::54963,UCKL1,Gene
Gene::54964,C1orf56,Gene
Gene::54969,C4orf27,Gene
Gene::54970,TTC12,Gene
Gene::54971,BANP,Gene
Gene::54972,TMEM132A,Gene
Gene::54973,CPSF3L,Gene
Gene::54974,THG1L,Gene
Gene::54976,C20orf27,Gene
Gene::54977,SLC25A38,Gene
Gene::54978,SLC35F6,Gene
Gene::54979,HRASLS2,Gene
Gene::5498,PPOX,Gene
Gene::54980,C2orf42,Gene
Gene::54981,NMRK1,Gene
Gene::54982,CLN6,Gene
Gene::54984,PINX1,Gene
Gene::54985,HCFC1R1,Gene
Gene::54986,ULK4,Gene
Gene::54987,C1orf123,Gene
Gene::54988,ACSM5,Gene
Gene::5499,PPP1CA,Gene
Gene::54994,GID8,Gene
Gene::54995,OXSM,Gene
Gene::54996,MARC2,Gene
Gene::54998,AURKAIP1,Gene
Gene::55,ACPP,Gene
Gene::5500,PPP1CB,Gene
Gene::55002,TMCO3,Gene
Gene::55003,PAK1IP1,Gene
Gene::55004,LAMTOR1,Gene
Gene::55005,RMND1,Gene
Gene::55007,FAM118A,Gene
Gene::55008,HERC6,Gene
Gene::55009,C19orf24,Gene
Gene::5501,PPP1CC,Gene
Gene::55010,PARPBP,Gene
Gene::55011,PIH1D1,Gene
Gene::55012,PPP2R3C,Gene
Gene::55013,CCDC109B,Gene
Gene::55014,STX17,Gene
Gene::55020,TTC38,Gene
Gene::55022,PID1,Gene
Gene::55023,PHIP,Gene
Gene::55024,BANK1,Gene
Gene::55025,FLJ20712,Gene
Gene::55026,TMEM255A,Gene
Gene::55027,HEATR3,Gene
Gene::55028,C17orf80,Gene
Gene::55031,USP47,Gene
Gene::55032,SLC35A5,Gene
Gene::55033,FKBP14,Gene
Gene::55034,MOCOS,Gene
Gene::55035,NOL8,Gene
Gene::55036,CCDC40,Gene
Gene::55037,PTCD3,Gene
Gene::55038,CDCA4,Gene
Gene::55039,TRMT12,Gene
Gene::5504,PPP1R2,Gene
Gene::55041,PLEKHB2,Gene
Gene::55049,C19orf60,Gene
Gene::55051,NRDE2,Gene
Gene::55052,MRPL20,Gene
Gene::55054,ATG16L1,Gene
Gene::55055,ZWILCH,Gene
Gene::55057,AIM1L,Gene
Gene::5506,PPP1R3A,Gene
Gene::55061,SUSD4,Gene
Gene::55062,WIPI1,Gene
Gene::55063,ZCWPW1,Gene
Gene::55064,SPATA6L,Gene
Gene::55066,PDPR,Gene
Gene::55068,ENOX1,Gene
Gene::55069,TMEM248,Gene
Gene::5507,PPP1R3C,Gene
Gene::55070,DET1,Gene
Gene::55071,C9orf40,Gene
Gene::55072,RNF31,Gene
Gene::55074,OXR1,Gene
Gene::55075,UACA,Gene
Gene::55076,TMEM45A,Gene
Gene::55080,TAPBPL,Gene
Gene::55081,IFT57,Gene
Gene::55082,ARGLU1,Gene
Gene::55084,SOBP,Gene
Gene::55086,CXorf57,Gene
Gene::5509,PPP1R3D,Gene
Gene::55092,TMEM51,Gene
Gene::55096,EBLN2,Gene
Gene::551,AVP,Gene
Gene::5510,PPP1R7,Gene
Gene::55101,ATP5SL,Gene
Gene::55103,RALGPS2,Gene
Gene::55105,GPATCH2,Gene
Gene::55107,ANO1,Gene
Gene::55108,BSDC1,Gene
Gene::55109,AGGF1,Gene
Gene::5511,PPP1R8,Gene
Gene::55111,PLEKHJ1,Gene
Gene::55112,WDR60,Gene
Gene::55113,XKR8,Gene
Gene::55114,ARHGAP17,Gene
Gene::55117,SLC6A15,Gene
Gene::55118,CRTAC1,Gene
Gene::55119,PRPF38B,Gene
Gene::55120,FANCL,Gene
Gene::55122,AKIRIN2,Gene
Gene::55125,CEP192,Gene
Gene::55127,HEATR1,Gene
Gene::55128,TRIM68,Gene
Gene::55129,ANO10,Gene
Gene::55130,ARMC4,Gene
Gene::55131,RBM28,Gene
Gene::55133,SRBD1,Gene
Gene::55135,WRAP53,Gene
Gene::55139,ANKZF1,Gene
Gene::5514,PPP1R10,Gene
Gene::55143,CDCA8,Gene
Gene::55144,LRRC8D,Gene
Gene::55146,ZDHHC4,Gene
Gene::55147,RBM23,Gene
Gene::55148,UBR7,Gene
Gene::55149,MTPAP,Gene
Gene::5515,PPP2CA,Gene
Gene::55151,TMEM38B,Gene
Gene::55152,DALRD3,Gene
Gene::55153,SDAD1,Gene
Gene::55156,ARMC1,Gene
Gene::55157,DARS2,Gene
Gene::55159,RFWD3,Gene
Gene::5516,PPP2CB,Gene
Gene::55161,TMEM33,Gene
Gene::55163,PNPO,Gene
Gene::55164,SHQ1,Gene
Gene::55165,CEP55,Gene
Gene::55168,MRPS18A,Gene
Gene::55170,PRMT6,Gene
Gene::55171,TBCCD1,Gene
Gene::55172,DNAAF2,Gene
Gene::55173,MRPS10,Gene
Gene::55174,INTS10,Gene
Gene::55176,SEC61A2,Gene
Gene::55177,RMDN3,Gene
Gene::55178,RNMTL1,Gene
Gene::55179,FAIM,Gene
Gene::5518,PPP2R1A,Gene
Gene::55180,LINS,Gene
Gene::55181,SMG8,Gene
Gene::55182,RNF220,Gene
Gene::55183,RIF1,Gene
Gene::55186,SLC25A36,Gene
Gene::55187,VPS13D,Gene
Gene::55188,RIC8B,Gene
Gene::5519,PPP2R1B,Gene
Gene::55191,NADSYN1,Gene
Gene::55192,DNAJC17,Gene
Gene::55193,PBRM1,Gene
Gene::55195,C14orf105,Gene
Gene::55196,KIAA1551,Gene
Gene::55197,RPRD1A,Gene
Gene::55198,APPL2,Gene
Gene::552,AVPR1A,Gene
Gene::5520,PPP2R2A,Gene
Gene::55201,MAP1S,Gene
Gene::55203,LGI2,Gene
Gene::55204,GOLPH3L,Gene
Gene::55205,ZNF532,Gene
Gene::55206,SBNO1,Gene
Gene::55207,ARL8B,Gene
Gene::55209,SETD5,Gene
Gene::5521,PPP2R2B,Gene
Gene::55210,ATAD3A,Gene
Gene::55211,DPPA4,Gene
Gene::55212,BBS7,Gene
Gene::55214,P3H2,Gene
Gene::55215,FANCI,Gene
Gene::55216,C11orf57,Gene
Gene::55217,TMLHE,Gene
Gene::55219,TMEM57,Gene
Gene::55220,KLHDC8A,Gene
Gene::55222,LRRC20,Gene
Gene::55224,ETNK2,Gene
Gene::55225,RAVER2,Gene
Gene::55226,NAT10,Gene
Gene::55227,LRRC1,Gene
Gene::55228,PNMAL1,Gene
Gene::55229,PANK4,Gene
Gene::5523,PPP2R3A,Gene
Gene::55233,MOB1A,Gene
Gene::55234,SMU1,Gene
Gene::55236,UBA6,Gene
Gene::55238,SLC38A7,Gene
Gene::55239,OGFOD1,Gene
Gene::5524,PPP2R4,Gene
Gene::55240,STEAP3,Gene
Gene::55244,SLC47A1,Gene
Gene::55245,UQCC1,Gene
Gene::55246,CCDC25,Gene
Gene::55247,NEIL3,Gene
Gene::55249,YY1AP1,Gene
Gene::5525,PPP2R5A,Gene
Gene::55251,PCMTD2,Gene
Gene::55252,ASXL2,Gene
Gene::55254,TMEM39A,Gene
Gene::55255,WDR41,Gene
Gene::55256,ADI1,Gene
Gene::55257,MRGBP,Gene
Gene::55258,THNSL2,Gene
Gene::55259,CASC1,Gene
Gene::5526,PPP2R5B,Gene
Gene::55266,TMEM19,Gene
Gene::55268,ECHDC2,Gene
Gene::55269,PSPC1,Gene
Gene::5527,PPP2R5C,Gene
Gene::55270,NUDT15,Gene
Gene::55272,IMP3,Gene
Gene::55273,TMEM100,Gene
Gene::55274,PHF10,Gene
Gene::55275,VPS53,Gene
Gene::55276,PGM2,Gene
Gene::55277,FGGY,Gene
Gene::55279,ZNF654,Gene
Gene::5528,PPP2R5D,Gene
Gene::55281,TMEM140,Gene
Gene::55282,LRRC36,Gene
Gene::55286,C4orf19,Gene
Gene::55288,RHOT1,Gene
Gene::552889,ATXN7L3B,Gene
Gene::55289,ACOXL,Gene
Gene::5529,PPP2R5E,Gene
Gene::55290,BRF2,Gene
Gene::552900,BOLA2,Gene
Gene::55291,PPP6R3,Gene
Gene::55294,FBXW7,Gene
Gene::55296,TBC1D19,Gene
Gene::55297,CCDC91,Gene
Gene::55298,RNF121,Gene
Gene::55299,BRIX1,Gene
Gene::553,AVPR1B,Gene
Gene::5530,PPP3CA,Gene
Gene::55303,GIMAP4,Gene
Gene::55304,SPTLC3,Gene
Gene::55308,DDX19A,Gene
Gene::5531,PPP4C,Gene
Gene::55311,ZNF444,Gene
Gene::553115,PEF1,Gene
Gene::55312,RFK,Gene
Gene::55314,TMEM144,Gene
Gene::55315,SLC29A3,Gene
Gene::55316,RSAD1,Gene
Gene::55317,AP5S1,Gene
Gene::55321,TMEM74B,Gene
Gene::55322,C5orf22,Gene
Gene::55323,LARP6,Gene
Gene::55324,ABCF3,Gene
Gene::55325,UFSP2,Gene
Gene::55326,AGPAT5,Gene
Gene::55327,LIN7C,Gene
Gene::55328,RNLS,Gene
Gene::55329,MNS1,Gene
Gene::5533,PPP3CC,Gene
Gene::55331,ACER3,Gene
Gene::55332,DRAM1,Gene
Gene::55333,SYNJ2BP,Gene
Gene::55336,FBXL8,Gene
Gene::55337,C19orf66,Gene
Gene::5534,PPP3R1,Gene
Gene::55340,GIMAP5,Gene
Gene::55341,LSG1,Gene
Gene::55342,STRBP,Gene
Gene::55344,PLCXD1,Gene
Gene::55347,ABHD10,Gene
Gene::55349,CHDH,Gene
Gene::5535,PPP3R2,Gene
Gene::55350,VNN3,Gene
Gene::55351,STK32B,Gene
Gene::55353,LAPTM4B,Gene
Gene::55355,HJURP,Gene
Gene::55357,TBC1D2,Gene
Gene::5536,PPP5C,Gene
Gene::55361,PI4K2A,Gene
Gene::55364,IMPACT,Gene
Gene::55366,LGR4,Gene
Gene::55367,PIDD1,Gene
Gene::5537,PPP6C,Gene
Gene::55374,TMCO6,Gene
Gene::55379,LRRC59,Gene
Gene::5538,PPT1,Gene
Gene::55388,MCM10,Gene
Gene::5539,PPY,Gene
Gene::554,AVPR2,Gene
Gene::55422,ZNF331,Gene
Gene::55423,SIRPG,Gene
Gene::55425,GPALPP1,Gene
Gene::55435,AP1AR,Gene
Gene::55437,STRADB,Gene
Gene::5545,PRB4,Gene
Gene::55450,CAMK2N1,Gene
Gene::55454,CSGALNACT2,Gene
Gene::5546,PRCC,Gene
Gene::55466,DNAJA4,Gene
Gene::5547,PRCP,Gene
Gene::55486,PARL,Gene
Gene::5549,PRELP,Gene
Gene::5550,PREP,Gene
Gene::55500,ETNK1,Gene
Gene::55501,CHST12,Gene
Gene::55502,HES6,Gene
Gene::55503,TRPV6,Gene
Gene::55504,TNFRSF19,Gene
Gene::55506,H2AFY2,Gene
Gene::55507,GPRC5D,Gene
Gene::55508,SLC35E3,Gene
Gene::5551,PRF1,Gene
Gene::55511,SAGE1,Gene
Gene::55512,SMPD3,Gene
Gene::5552,SRGN,Gene
Gene::55521,TRIM36,Gene
Gene::55526,DHTKD1,Gene
Gene::55529,TMEM55A,Gene
Gene::55531,ELMOD1,Gene
Gene::55532,SLC30A10,Gene
Gene::55534,MAML3,Gene
Gene::55536,CDCA7L,Gene
Gene::55540,IL17RB,Gene
Gene::55544,RBM38,Gene
Gene::55552,ZNF823,Gene
Gene::55558,PLXNA3,Gene
Gene::55559,HAUS7,Gene
Gene::55561,CDC42BPG,Gene
Gene::55568,GALNT10,Gene
Gene::5557,PRIM1,Gene
Gene::55572,FOXRED1,Gene
Gene::55573,CDV3,Gene
Gene::55577,NAGK,Gene
Gene::55578,SUPT20H,Gene
Gene::55582,KIF27,Gene
Gene::55584,CHRNA9,Gene
Gene::55585,UBE2Q1,Gene
Gene::55589,BMP2K,Gene
Gene::55596,ZCCHC8,Gene
Gene::55599,RNPC3,Gene
Gene::55600,ITLN1,Gene
Gene::55601,DDX60,Gene
Gene::55602,CDKN2AIP,Gene
Gene::55603,FAM46A,Gene
Gene::55604,LRRC16A,Gene
Gene::55605,KIF21A,Gene
Gene::55608,ANKRD10,Gene
Gene::55611,OTUB1,Gene
Gene::55612,FERMT1,Gene
Gene::55614,KIF16B,Gene
Gene::55616,ASAP3,Gene
Gene::55619,DOCK10,Gene
Gene::5562,PRKAA1,Gene
Gene::55620,STAP2,Gene
Gene::55621,TRMT1,Gene
Gene::55622,TTC27,Gene
Gene::55624,POMGNT1,Gene
Gene::55625,ZDHHC7,Gene
Gene::55626,AMBRA1,Gene
Gene::55627,SMPD4,Gene
Gene::55629,PNRC2,Gene
Gene::5563,PRKAA2,Gene
Gene::55630,SLC39A4,Gene
Gene::55631,LRRC40,Gene
Gene::55633,TBC1D22B,Gene
Gene::55634,KRBOX4,Gene
Gene::55635,DEPDC1,Gene
Gene::55636,CHD7,Gene
Gene::55638,SYBU,Gene
Gene::5564,PRKAB1,Gene
Gene::55640,FLVCR2,Gene
Gene::55643,BTBD2,Gene
Gene::55644,OSGEP,Gene
Gene::55647,RAB20,Gene
Gene::5565,PRKAB2,Gene
Gene::55650,PIGV,Gene
Gene::55651,NHP2,Gene
Gene::55652,SLC48A1,Gene
Gene::55654,TMEM127,Gene
Gene::55655,NLRP2,Gene
Gene::55656,INTS8,Gene
Gene::55657,ZNF692,Gene
Gene::55658,RNF126,Gene
Gene::5566,PRKACA,Gene
Gene::55660,PRPF40A,Gene
Gene::55664,CDC37L1,Gene
Gene::55666,NPLOC4,Gene
Gene::55667,DENND4C,Gene
Gene::5567,PRKACB,Gene
Gene::55670,PEX26,Gene
Gene::55671,SMEK1,Gene
Gene::55676,SLC30A6,Gene
Gene::5568,PRKACG,Gene
Gene::55686,MREG,Gene
Gene::55687,TRMU,Gene
Gene::55689,YEATS2,Gene
Gene::5569,PKIA,Gene
Gene::55690,PACS1,Gene
Gene::55691,FRMD4A,Gene
Gene::55692,LUC7L,Gene
Gene::55695,NSUN5,Gene
Gene::55696,RBM22,Gene
Gene::55698,RADIL,Gene
Gene::55699,IARS2,Gene
Gene::5570,PKIB,Gene
Gene::55700,MAP7D1,Gene
Gene::55701,ARHGEF40,Gene
Gene::55702,CCDC94,Gene
Gene::55703,POLR3B,Gene
Gene::55704,CCDC88A,Gene
Gene::55705,IPO9,Gene
Gene::55706,NDC1,Gene
Gene::55707,NECAP2,Gene
Gene::55709,KBTBD4,Gene
Gene::5571,PRKAG1,Gene
Gene::55711,FAR2,Gene
Gene::55713,ZNF334,Gene
Gene::55715,DOK4,Gene
Gene::55717,WDR11,Gene
Gene::55718,POLR3E,Gene
Gene::55719,FAM178A,Gene
Gene::55720,TSR1,Gene
Gene::55721,IQCC,Gene
Gene::55722,CEP72,Gene
Gene::55723,ASF1B,Gene
Gene::55726,ASUN,Gene
Gene::55729,ATF7IP,Gene
Gene::5573,PRKAR1A,Gene
Gene::55731,FAM222B,Gene
Gene::55732,C1orf112,Gene
Gene::55733,HHAT,Gene
Gene::55734,ZFP64,Gene
Gene::55735,DNAJC11,Gene
Gene::55737,VPS35,Gene
Gene::55738,ARFGAP1,Gene
Gene::55739,CARKD,Gene
Gene::55740,ENAH,Gene
Gene::55741,EDEM2,Gene
Gene::55742,PARVA,Gene
Gene::55743,CHFR,Gene
Gene::55744,COA1,Gene
Gene::55745,AP5M1,Gene
Gene::55746,NUP133,Gene
Gene::55748,CNDP2,Gene
Gene::55749,CCAR1,Gene
Gene::55750,AGK,Gene
Gene::55751,TMEM184C,Gene
Gene::55753,OGDHL,Gene
Gene::55754,TMEM30A,Gene
Gene::55755,CDK5RAP2,Gene
Gene::55756,INTS9,Gene
Gene::55757,UGGT2,Gene
Gene::55758,RCOR3,Gene
Gene::55759,WDR12,Gene
Gene::5576,PRKAR2A,Gene
Gene::55760,DHX32,Gene
Gene::55761,TTC17,Gene
Gene::55763,EXOC1,Gene
Gene::55764,IFT122,Gene
Gene::55765,C1orf106,Gene
Gene::55766,H2AFJ,Gene
Gene::55768,NGLY1,Gene
Gene::5577,PRKAR2B,Gene
Gene::55770,EXOC2,Gene
Gene::55771,PRR11,Gene
Gene::55775,TDP1,Gene
Gene::55779,CFAP44,Gene
Gene::5578,PRKCA,Gene
Gene::55781,RIOK2,Gene
Gene::55783,CMTR2,Gene
Gene::55786,ZNF415,Gene
Gene::55788,LMBRD1,Gene
Gene::55789,DEPDC1B,Gene
Gene::5579,PRKCB,Gene
Gene::55791,LRIF1,Gene
Gene::55793,FAM63A,Gene
Gene::55794,DDX28,Gene
Gene::55795,PCID2,Gene
Gene::55796,MBNL3,Gene
Gene::55799,CACNA2D3,Gene
Gene::558,AXL,Gene
Gene::5580,PRKCD,Gene
Gene::55800,SCN3B,Gene
Gene::55802,DCP1A,Gene
Gene::55803,ADAP2,Gene
Gene::55805,LRP2BP,Gene
Gene::55806,HR,Gene
Gene::55809,TRERF1,Gene
Gene::5581,PRKCE,Gene
Gene::55811,ADCY10,Gene
Gene::55812,SPATA7,Gene
Gene::55813,UTP6,Gene
Gene::55815,TSNAXIP1,Gene
Gene::55816,DOK5,Gene
Gene::55818,KDM3A,Gene
Gene::55819,RNF130,Gene
Gene::5582,PRKCG,Gene
Gene::55821,ALLC,Gene
Gene::55823,VPS11,Gene
Gene::55824,PAG1,Gene
Gene::55825,PECR,Gene
Gene::55827,DCAF6,Gene
Gene::55829,VIMP,Gene
Gene::5583,PRKCH,Gene
Gene::55830,GLT8D1,Gene
Gene::55831,EMC3,Gene
Gene::55832,CAND1,Gene
Gene::55833,UBAP2,Gene
Gene::55835,CENPJ,Gene
Gene::55837,EAPP,Gene
Gene::55839,CENPN,Gene
Gene::55840,EAF2,Gene
Gene::55841,WWC3,Gene
Gene::55843,ARHGAP15,Gene
Gene::55845,BRK1,Gene
Gene::55847,CISD1,Gene
Gene::55848,PLGRKT,Gene
Gene::5585,PKN1,Gene
Gene::55850,USE1,Gene
Gene::55851,PSENEN,Gene
Gene::55852,TEX2,Gene
Gene::55854,ZC3H15,Gene
Gene::55856,ACOT13,Gene
Gene::55857,KIZ,Gene
Gene::55858,TMEM165,Gene
Gene::5586,PKN2,Gene
Gene::55860,ACTR10,Gene
Gene::55862,ECHDC1,Gene
Gene::55867,SLC22A11,Gene
Gene::55869,HDAC8,Gene
Gene::5587,PRKD1,Gene
Gene::55872,PBK,Gene
Gene::55876,GSDMB,Gene
Gene::55879,GABRQ,Gene
Gene::5588,PRKCQ,Gene
Gene::55884,WSB2,Gene
Gene::55885,LMO3,Gene
Gene::55890,GPRC5C,Gene
Gene::55892,MYNN,Gene
Gene::55893,ZNF395,Gene
Gene::55898,UNC45A,Gene
Gene::5590,PRKCZ,Gene
Gene::55900,ZNF302,Gene
Gene::55902,ACSS2,Gene
Gene::55904,KMT2E,Gene
Gene::55905,RNF114,Gene
Gene::55906,ZC4H2,Gene
Gene::55907,CMAS,Gene
Gene::55909,BIN3,Gene
Gene::5591,PRKDC,Gene
Gene::55914,ERBB2IP,Gene
Gene::55915,LANCL2,Gene
Gene::55916,NXT2,Gene
Gene::5592,PRKG1,Gene
Gene::55922,NKRF,Gene
Gene::5593,PRKG2,Gene
Gene::55930,MYO5C,Gene
Gene::55937,APOM,Gene
Gene::5594,MAPK1,Gene
Gene::5595,MAPK3,Gene
Gene::55957,LIN37,Gene
Gene::55958,KLHL9,Gene
Gene::55959,SULF2,Gene
Gene::55966,AJAP1,Gene
Gene::55967,NDUFA12,Gene
Gene::55968,NSFL1C,Gene
Gene::55969,C20orf24,Gene
Gene::5597,MAPK6,Gene
Gene::55970,GNG12,Gene
Gene::55971,BAIAP2L1,Gene
Gene::55973,BCAP29,Gene
Gene::55974,SLC50A1,Gene
Gene::55975,KLHL7,Gene
Gene::5598,MAPK7,Gene
Gene::5599,MAPK8,Gene
Gene::55997,CFC1,Gene
Gene::56,ACRV1,Gene
Gene::5600,MAPK11,Gene
Gene::56005,MYDGF,Gene
Gene::56006,SMG9,Gene
Gene::5601,MAPK9,Gene
Gene::5602,MAPK10,Gene
Gene::5603,MAPK13,Gene
Gene::56033,BARX1,Gene
Gene::5604,MAP2K1,Gene
Gene::5605,MAP2K2,Gene
Gene::5606,MAP2K3,Gene
Gene::56061,UBFD1,Gene
Gene::5607,MAP2K5,Gene
Gene::5608,MAP2K6,Gene
Gene::5609,MAP2K7,Gene
Gene::56099,PCDHGB7,Gene
Gene::5610,EIF2AK2,Gene
Gene::56100,PCDHGB6,Gene
Gene::56107,PCDHGA9,Gene
Gene::56109,PCDHGA6,Gene
Gene::5611,DNAJC3,Gene
Gene::5612,PRKRIR,Gene
Gene::56124,PCDHB12,Gene
Gene::56126,PCDHB10,Gene
Gene::56127,PCDHB9,Gene
Gene::56128,PCDHB8,Gene
Gene::56129,PCDHB7,Gene
Gene::5613,PRKX,Gene
Gene::56131,PCDHB4,Gene
Gene::56155,TEX14,Gene
Gene::56158,TEX12,Gene
Gene::56169,GSDMC,Gene
Gene::5617,PRL,Gene
Gene::56172,ANKH,Gene
Gene::5618,PRLR,Gene
Gene::56181,MTFR1L,Gene
Gene::5619,PRM1,Gene
Gene::5620,PRM2,Gene
Gene::56204,FAM214A,Gene
Gene::5621,PRNP,Gene
Gene::5623,PSPN,Gene
Gene::5624,PROC,Gene
Gene::56241,SUSD2,Gene
Gene::56243,KIAA1217,Gene
Gene::56244,BTNL2,Gene
Gene::56245,C21orf62,Gene
Gene::56246,MRAP,Gene
Gene::5625,PRODH,Gene
Gene::56252,YLPM1,Gene
Gene::56255,TMX4,Gene
Gene::56257,MEPCE,Gene
Gene::56259,CTNNBL1,Gene
Gene::56260,C8orf44,Gene
Gene::56262,LRRC8A,Gene
Gene::56267,CCBL2,Gene
Gene::5627,PROS1,Gene
Gene::56270,WDR45B,Gene
Gene::56271,BEX4,Gene
Gene::56287,GKN1,Gene
Gene::56288,PARD3,Gene
Gene::5629,PROX1,Gene
Gene::563,AZGP1,Gene
Gene::5630,PRPH,Gene
Gene::56300,IL36G,Gene
Gene::56301,SLC7A10,Gene
Gene::5631,PRPS1,Gene
Gene::56339,METTL3,Gene
Gene::5634,PRPS2,Gene
Gene::56342,PPAN,Gene
Gene::5635,PRPSAP1,Gene
Gene::5636,PRPSAP2,Gene
Gene::5638,PRRG1,Gene
Gene::5641,LGMN,Gene
Gene::56413,LTB4R2,Gene
Gene::5644,PRSS1,Gene
Gene::5645,PRSS2,Gene
Gene::5646,PRSS3,Gene
Gene::56474,CTPS2,Gene
Gene::56475,RPRM,Gene
Gene::56477,CCL28,Gene
Gene::56478,EIF4ENIF1,Gene
Gene::56479,KCNQ5,Gene
Gene::5649,RELN,Gene
Gene::5650,KLK7,Gene
Gene::5651,TMPRSS15,Gene
Gene::5652,PRSS8,Gene
Gene::56521,DNAJC12,Gene
Gene::5653,KLK6,Gene
Gene::5654,HTRA1,Gene
Gene::56547,MMP26,Gene
Gene::56548,CHST7,Gene
Gene::5655,KLK10,Gene
Gene::5657,PRTN3,Gene
Gene::566,AZU1,Gene
Gene::5660,PSAP,Gene
Gene::56603,CYP26B1,Gene
Gene::56605,ERO1LB,Gene
Gene::56606,SLC2A9,Gene
Gene::56616,DIABLO,Gene
Gene::5662,PSD,Gene
Gene::56623,INPP5E,Gene
Gene::56624,ASAH2,Gene
Gene::5663,PSEN1,Gene
Gene::5664,PSEN2,Gene
Gene::56647,BCCIP,Gene
Gene::56648,EIF5A2,Gene
Gene::56649,TMPRSS4,Gene
Gene::56650,CLDND1,Gene
Gene::56652,C10orf2,Gene
Gene::56654,NPDC1,Gene
Gene::56655,POLE4,Gene
Gene::56658,TRIM39,Gene
Gene::56659,KCNK13,Gene
Gene::56666,PANX2,Gene
Gene::56667,MUC13,Gene
Gene::56670,SUCNR1,Gene
Gene::56672,AKIP1,Gene
Gene::56673,C11orf16,Gene
Gene::56675,NRIP3,Gene
Gene::56676,ASCL3,Gene
Gene::56681,SAR1A,Gene
Gene::5669,PSG1,Gene
Gene::567,B2M,Gene
Gene::56704,JPH1,Gene
Gene::5671,PSG3,Gene
Gene::5672,PSG4,Gene
Gene::56729,RETN,Gene
Gene::56731,SLC2A4RG,Gene
Gene::56751,BARHL1,Gene
Gene::5676,PSG7,Gene
Gene::56776,FMN2,Gene
Gene::5682,PSMA1,Gene
Gene::56829,ZC3HAV1,Gene
Gene::5683,PSMA2,Gene
Gene::56832,IFNK,Gene
Gene::56833,SLAMF8,Gene
Gene::5684,PSMA3,Gene
Gene::56848,SPHK2,Gene
Gene::56849,TCEAL7,Gene
Gene::5685,PSMA4,Gene
Gene::56851,EMC7,Gene
Gene::56852,RAD18,Gene
Gene::5686,PSMA5,Gene
Gene::5687,PSMA6,Gene
Gene::5688,PSMA7,Gene
Gene::56882,CDC42SE1,Gene
Gene::56886,UGGT1,Gene
Gene::56888,KCMF1,Gene
Gene::56889,TM9SF3,Gene
Gene::5689,PSMB1,Gene
Gene::56890,MDM1,Gene
Gene::56892,C8orf4,Gene
Gene::56893,UBQLN4,Gene
Gene::56894,AGPAT3,Gene
Gene::56895,AGPAT4,Gene
Gene::56896,DPYSL5,Gene
Gene::56897,WRNIP1,Gene
Gene::56898,BDH2,Gene
Gene::5690,PSMB2,Gene
Gene::56900,TMEM167B,Gene
Gene::56901,NDUFA4L2,Gene
Gene::56904,SH3GLB2,Gene
Gene::56905,C15orf39,Gene
Gene::56906,THAP10,Gene
Gene::56907,SPIRE1,Gene
Gene::56910,STARD7,Gene
Gene::56911,MAP3K7CL,Gene
Gene::56913,C1GALT1,Gene
Gene::56915,EXOSC5,Gene
Gene::5692,PSMB4,Gene
Gene::56920,SEMA3G,Gene
Gene::56922,MCCC1,Gene
Gene::56923,NMUR2,Gene
Gene::56924,PAK6,Gene
Gene::56925,LXN,Gene
Gene::56926,NCLN,Gene
Gene::56929,FEM1C,Gene
Gene::5693,PSMB5,Gene
Gene::56934,CA10,Gene
Gene::56935,SMCO4,Gene
Gene::56937,PMEPA1,Gene
Gene::56938,ARNTL2,Gene
Gene::5694,PSMB6,Gene
Gene::56940,DUSP22,Gene
Gene::56941,HMCES,Gene
Gene::56942,CMC2,Gene
Gene::56943,ENY2,Gene
Gene::56944,OLFML3,Gene
Gene::56945,MRPS22,Gene
Gene::56946,C11orf30,Gene
Gene::56947,MFF,Gene
Gene::56948,SDR39U1,Gene
Gene::56949,XAB2,Gene
Gene::5695,PSMB7,Gene
Gene::56950,SMYD2,Gene
Gene::56951,C5orf15,Gene
Gene::56952,PRTFDC1,Gene
Gene::56953,NT5M,Gene
Gene::56954,NIT2,Gene
Gene::5696,PSMB8,Gene
Gene::56963,RGMA,Gene
Gene::56964,WDR93,Gene
Gene::56965,PARP6,Gene
Gene::56967,C14orf132,Gene
Gene::5697,PYY,Gene
Gene::56971,CEACAM19,Gene
Gene::56978,PRDM8,Gene
Gene::56979,PRDM9,Gene
Gene::5698,PSMB9,Gene
Gene::56980,PRDM10,Gene
Gene::56983,POGLUT1,Gene
Gene::56984,PSMG2,Gene
Gene::56985,ADPRM,Gene
Gene::56987,BBX,Gene
Gene::5699,PSMB10,Gene
Gene::56990,CDC42SE2,Gene
Gene::56992,KIF15,Gene
Gene::56993,TOMM22,Gene
Gene::56994,CHPT1,Gene
Gene::56995,TULP4,Gene
Gene::56996,SLC12A9,Gene
Gene::56997,ADCK3,Gene
Gene::56998,CTNNBIP1,Gene
Gene::56999,ADAMTS9,Gene
Gene::570,BAAT,Gene
Gene::5700,PSMC1,Gene
Gene::57001,SDHAF3,Gene
Gene::57003,CCDC47,Gene
Gene::57007,ACKR3,Gene
Gene::5701,PSMC2,Gene
Gene::57016,AKR1B10,Gene
Gene::57017,COQ9,Gene
Gene::57018,CCNL1,Gene
Gene::57019,CIAPIN1,Gene
Gene::5702,PSMC3,Gene
Gene::57020,C16orf62,Gene
Gene::57026,PDXP,Gene
Gene::57030,SLC17A7,Gene
Gene::57035,RSRP1,Gene
Gene::57037,ANKMY2,Gene
Gene::5704,PSMC4,Gene
Gene::57045,TWSG1,Gene
Gene::57048,PLSCR3,Gene
Gene::5705,PSMC5,Gene
Gene::57050,UTP3,Gene
Gene::57053,CHRNA10,Gene
Gene::57054,DAZ3,Gene
Gene::57055,DAZ2,Gene
Gene::5706,PSMC6,Gene
Gene::57062,DDX24,Gene
Gene::5707,PSMD1,Gene
Gene::5708,PSMD2,Gene
Gene::57085,AGTRAP,Gene
Gene::57088,PLSCR4,Gene
Gene::57089,ENTPD7,Gene
Gene::5709,PSMD3,Gene
Gene::57091,CASS4,Gene
Gene::57094,CPA6,Gene
Gene::57096,RPGRIP1,Gene
Gene::57099,AVEN,Gene
Gene::571,BACH1,Gene
Gene::5710,PSMD4,Gene
Gene::57102,C12orf4,Gene
Gene::57103,TIGAR,Gene
Gene::57104,PNPLA2,Gene
Gene::57105,CYSLTR2,Gene
Gene::57106,NAT14,Gene
Gene::57107,PDSS2,Gene
Gene::57109,REXO4,Gene
Gene::57111,RAB25,Gene
Gene::57117,INTS12,Gene
Gene::57118,CAMK1D,Gene
Gene::57120,GOPC,Gene
Gene::57121,LPAR5,Gene
Gene::57122,NUP107,Gene
Gene::57126,CD177,Gene
Gene::57128,LYRM4,Gene
Gene::57129,MRPL47,Gene
Gene::5713,PSMD7,Gene
Gene::57130,ATP13A1,Gene
Gene::57132,CHMP1B,Gene
Gene::57134,MAN1C1,Gene
Gene::5714,PSMD8,Gene
Gene::57140,RNPEPL1,Gene
Gene::57142,RTN4,Gene
Gene::57143,ADCK1,Gene
Gene::57144,PAK7,Gene
Gene::57147,SCYL3,Gene
Gene::57149,LYRM1,Gene
Gene::5715,PSMD9,Gene
Gene::57152,SLURP1,Gene
Gene::57153,SLC44A2,Gene
Gene::57154,SMURF1,Gene
Gene::57157,PHTF2,Gene
Gene::57158,JPH2,Gene
Gene::5716,PSMD10,Gene
Gene::57161,PELI2,Gene
Gene::57162,PELI1,Gene
Gene::57165,GJC2,Gene
Gene::57167,SALL4,Gene
Gene::57168,ASPHD2,Gene
Gene::57169,ZNFX1,Gene
Gene::5717,PSMD11,Gene
Gene::57171,DOLPP1,Gene
Gene::57172,CAMK1G,Gene
Gene::57175,CORO1B,Gene
Gene::57178,ZMIZ1,Gene
Gene::57179,KIAA1191,Gene
Gene::5718,PSMD12,Gene
Gene::57182,ANKRD50,Gene
Gene::57185,NIPAL3,Gene
Gene::57187,THOC2,Gene
Gene::57188,ADAMTSL3,Gene
Gene::57189,KIAA1147,Gene
Gene::57190,SEPN1,Gene
Gene::57192,MCOLN1,Gene
Gene::57194,ATP10A,Gene
Gene::572,BAD,Gene
Gene::5720,PSME1,Gene
Gene::57205,ATP10D,Gene
Gene::57209,ZNF248,Gene
Gene::5721,PSME2,Gene
Gene::57211,ADGRG6,Gene
Gene::57215,THAP11,Gene
Gene::57216,VANGL2,Gene
Gene::57221,ARFGEF3,Gene
Gene::57222,ERGIC1,Gene
Gene::57223,SMEK2,Gene
Gene::57226,LYRM2,Gene
Gene::57228,SMAGP,Gene
Gene::5723,PSPH,Gene
Gene::57232,ZNF630,Gene
Gene::5724,PTAFR,Gene
Gene::5725,PTBP1,Gene
Gene::5727,PTCH1,Gene
Gene::5728,PTEN,Gene
Gene::57282,SLC4A10,Gene
Gene::5729,PTGDR,Gene
Gene::573,BAG1,Gene
Gene::5730,PTGDS,Gene
Gene::5731,PTGER1,Gene
Gene::5732,PTGER2,Gene
Gene::57325,CSRP2BP,Gene
Gene::57326,PBXIP1,Gene
Gene::5733,PTGER3,Gene
Gene::57332,CBX8,Gene
Gene::57335,ZNF286A,Gene
Gene::5734,PTGER4,Gene
Gene::57343,ZNF304,Gene
Gene::57369,GJD2,Gene
Gene::5737,PTGFR,Gene
Gene::57379,AICDA,Gene
Gene::5738,PTGFRN,Gene
Gene::57381,RHOJ,Gene
Gene::5739,PTGIR,Gene
Gene::57393,TMEM27,Gene
Gene::57396,CLK4,Gene
Gene::5740,PTGIS,Gene
Gene::57402,S100A14,Gene
Gene::57404,CYP20A1,Gene
Gene::57405,SPC25,Gene
Gene::57406,ABHD6,Gene
Gene::57408,LRTM1,Gene
Gene::5741,PTH,Gene
Gene::57410,SCYL1,Gene
Gene::57412,AS3MT,Gene
Gene::57415,C3orf14,Gene
Gene::57418,WDR18,Gene
Gene::57419,SLC24A3,Gene
Gene::5742,PTGS1,Gene
Gene::5743,PTGS2,Gene
Gene::5744,PTHLH,Gene
Gene::574414,PRR9,Gene
Gene::574431,C1orf147,Gene
Gene::57447,NDRG2,Gene
Gene::57448,BIRC6,Gene
Gene::57449,PLEKHG5,Gene
Gene::5745,PTH1R,Gene
Gene::57453,DSCAML1,Gene
Gene::574537,UGT2A2,Gene
Gene::57455,REXO1,Gene
Gene::57458,TMCC3,Gene
Gene::57459,GATAD2B,Gene
Gene::57460,PPM1H,Gene
Gene::57462,KIAA1161,Gene
Gene::57465,TBC1D24,Gene
Gene::57466,SCAF4,Gene
Gene::57467,HHATL,Gene
Gene::57468,SLC12A5,Gene
Gene::57469,PNMAL2,Gene
Gene::5747,PTK2,Gene
Gene::57470,LRRC47,Gene
Gene::57472,CNOT6,Gene
Gene::57473,ZNF512B,Gene
Gene::57476,GRAMD1B,Gene
Gene::57484,RNF150,Gene
Gene::57486,NLN,Gene
Gene::57488,ESYT2,Gene
Gene::57491,AHRR,Gene
Gene::57492,ARID1B,Gene
Gene::57493,HEG1,Gene
Gene::57494,RIMKLB,Gene
Gene::57496,MKL2,Gene
Gene::57497,LRFN2,Gene
Gene::57498,KIDINS220,Gene
Gene::57502,NLGN4X,Gene
Gene::57505,AARS2,Gene
Gene::57509,MTUS1,Gene
Gene::57511,COG6,Gene
Gene::57513,CASKIN2,Gene
Gene::57514,ARHGAP31,Gene
Gene::57515,SERINC1,Gene
Gene::57520,HECW2,Gene
Gene::57521,RPTOR,Gene
Gene::57523,NYNRIN,Gene
Gene::57524,CASKIN1,Gene
Gene::57526,PCDH19,Gene
Gene::57529,RGAG1,Gene
Gene::5753,PTK6,Gene
Gene::57530,CGN,Gene
Gene::57531,HACE1,Gene
Gene::57532,NUFIP2,Gene
Gene::57535,KIAA1324,Gene
Gene::5754,PTK7,Gene
Gene::57542,KLHL42,Gene
Gene::57544,TXNDC16,Gene
Gene::57545,CC2D2A,Gene
Gene::57551,TAOK1,Gene
Gene::57553,MICAL3,Gene
Gene::57554,LRRC7,Gene
Gene::57555,NLGN2,Gene
Gene::57556,SEMA6A,Gene
Gene::57559,STAMBPL1,Gene
Gene::5756,TWF1,Gene
Gene::57560,IFT80,Gene
Gene::57561,ARRDC3,Gene
Gene::57563,KLHL8,Gene
Gene::57567,ZNF319,Gene
Gene::57568,SIPA1L2,Gene
Gene::57569,ARHGAP20,Gene
Gene::5757,PTMA,Gene
Gene::57570,TRMT5,Gene
Gene::57571,CARNS1,Gene
Gene::57572,DOCK6,Gene
Gene::57574,MARCH4,Gene
Gene::57575,PCDH10,Gene
Gene::57576,KIF17,Gene
Gene::57580,PREX1,Gene
Gene::57582,KCNT1,Gene
Gene::57589,RIC1,Gene
Gene::57591,MKL1,Gene
Gene::57594,HOMEZ,Gene
Gene::57595,PDZD4,Gene
Gene::57596,BEGAIN,Gene
Gene::57599,WDR48,Gene
Gene::57600,FNIP2,Gene
Gene::57602,USP36,Gene
Gene::57604,KIAA1456,Gene
Gene::57606,SLAIN2,Gene
Gene::57608,KIAA1462,Gene
Gene::57609,DIP2B,Gene
Gene::57610,RANBP10,Gene
Gene::57611,ISLR2,Gene
Gene::57613,KIAA1467,Gene
Gene::57615,ZNF492,Gene
Gene::57619,SHROOM3,Gene
Gene::57621,ZBTB2,Gene
Gene::57622,LRFN1,Gene
Gene::57623,ZFAT,Gene
Gene::57628,DPP10,Gene
Gene::57630,SH3RF1,Gene
Gene::57633,LRRN1,Gene
Gene::57634,EP400,Gene
Gene::57636,ARHGAP23,Gene
Gene::5764,PTN,Gene
Gene::57643,ZSWIM5,Gene
Gene::57644,MYH7B,Gene
Gene::57645,POGK,Gene
Gene::57654,UVSSA,Gene
Gene::57655,GRAMD1A,Gene
Gene::57657,HCN3,Gene
Gene::57658,CALCOCO1,Gene
Gene::57659,ZBTB4,Gene
Gene::57661,PHRF1,Gene
Gene::57664,PLEKHA4,Gene
Gene::57665,RDH14,Gene
Gene::57666,FBRSL1,Gene
Gene::57669,EPB41L5,Gene
Gene::57670,KIAA1549,Gene
Gene::57674,RNF213,Gene
Gene::57678,GPAM,Gene
Gene::57679,ALS2,Gene
Gene::5768,QSOX1,Gene
Gene::57683,ZDBF2,Gene
Gene::57685,CACHD1,Gene
Gene::57688,ZSWIM6,Gene
Gene::57690,TNRC6C,Gene
Gene::57691,KIAA1586,Gene
Gene::57696,DDX55,Gene
Gene::57697,FANCM,Gene
Gene::57698,SHTN1,Gene
Gene::577,ADGRB3,Gene
Gene::5770,PTPN1,Gene
Gene::57700,FAM160B1,Gene
Gene::57703,CWC22,Gene
Gene::57704,GBA2,Gene
Gene::57705,WDFY4,Gene
Gene::57706,DENND1A,Gene
Gene::57707,TLDC1,Gene
Gene::57708,MIER1,Gene
Gene::5771,PTPN2,Gene
Gene::57711,ZNF529,Gene
Gene::57719,ANO8,Gene
Gene::57721,METTL14,Gene
Gene::57722,IGDCC4,Gene
Gene::57724,EPG5,Gene
Gene::57728,WDR19,Gene
Gene::57731,SPTBN4,Gene
Gene::57733,GBA3,Gene
Gene::5774,PTPN3,Gene
Gene::5775,PTPN4,Gene
Gene::57758,SCUBE2,Gene
Gene::57761,TRIB3,Gene
Gene::57763,ANKRA2,Gene
Gene::5777,PTPN6,Gene
Gene::5778,PTPN7,Gene
Gene::57787,MARK4,Gene
Gene::57795,BRINP2,Gene
Gene::57798,GATAD1,Gene
Gene::578,BAK1,Gene
Gene::57801,HES4,Gene
Gene::57804,POLD4,Gene
Gene::57805,CCAR2,Gene
Gene::5781,PTPN11,Gene
Gene::57817,HAMP,Gene
Gene::57818,G6PC2,Gene
Gene::57819,LSM2,Gene
Gene::5782,PTPN12,Gene
Gene::57820,CCNB1IP1,Gene
Gene::57822,GRHL3,Gene
Gene::57823,SLAMF7,Gene
Gene::57826,RAP2C,Gene
Gene::57827,C6orf47,Gene
Gene::57829,ZP4,Gene
Gene::57830,KRTAP5-8,Gene
Gene::57834,CYP4F11,Gene
Gene::57835,SLC4A5,Gene
Gene::5784,PTPN14,Gene
Gene::5786,PTPRA,Gene
Gene::57862,ZNF410,Gene
Gene::57864,SLC46A2,Gene
Gene::5787,PTPRB,Gene
Gene::57876,MUC3B,Gene
Gene::5788,PTPRC,Gene
Gene::5789,PTPRD,Gene
Gene::5790,PTPRCAP,Gene
Gene::5791,PTPRE,Gene
Gene::5792,PTPRF,Gene
Gene::5793,PTPRG,Gene
Gene::5795,PTPRJ,Gene
Gene::5796,PTPRK,Gene
Gene::5798,PTPRN,Gene
Gene::5799,PTPRN2,Gene
Gene::58,ACTA1,Gene
Gene::580,BARD1,Gene
Gene::5800,PTPRO,Gene
Gene::5801,PTPRR,Gene
Gene::5802,PTPRS,Gene
Gene::5803,PTPRZ1,Gene
Gene::5805,PTS,Gene
Gene::5806,PTX3,Gene
Gene::581,BAX,Gene
Gene::5810,RAD1,Gene
Gene::58155,PTBP2,Gene
Gene::5816,PVALB,Gene
Gene::5818,PVRL1,Gene
Gene::58189,WFDC1,Gene
Gene::5819,PVRL2,Gene
Gene::58190,CTDSP1,Gene
Gene::582,BBS1,Gene
Gene::5822,PWP2,Gene
Gene::5824,PEX19,Gene
Gene::5825,ABCD3,Gene
Gene::5827,PXMP2,Gene
Gene::5828,PEX2,Gene
Gene::5829,PXN,Gene
Gene::583,BBS2,Gene
Gene::5830,PEX5,Gene
Gene::5831,PYCR1,Gene
Gene::5832,ALDH18A1,Gene
Gene::5833,PCYT2,Gene
Gene::5834,PYGB,Gene
Gene::5836,PYGL,Gene
Gene::5837,PYGM,Gene
Gene::58472,SQRDL,Gene
Gene::58473,PLEKHB1,Gene
Gene::58476,TP53INP2,Gene
Gene::58477,SRPRB,Gene
Gene::58478,ENOPH1,Gene
Gene::58480,RHOU,Gene
Gene::58484,NLRC4,Gene
Gene::58485,TRAPPC1,Gene
Gene::58486,ZBED5,Gene
Gene::58488,PCTP,Gene
Gene::58489,ABHD17C,Gene
Gene::58490,RPRD1B,Gene
Gene::58492,ZNF77,Gene
Gene::58497,PRUNE,Gene
Gene::58498,MYL7,Gene
Gene::58499,ZNF462,Gene
Gene::585,BBS4,Gene
Gene::58500,ZNF250,Gene
Gene::58503,PROL1,Gene
Gene::58504,ARHGAP22,Gene
Gene::58505,OSTC,Gene
Gene::58508,KMT2C,Gene
Gene::58515,SELK,Gene
Gene::58516,FAM60A,Gene
Gene::58517,RBM25,Gene
Gene::58524,DMRT3,Gene
Gene::58528,RRAGD,Gene
Gene::58530,LY6G6D,Gene
Gene::58531,PRM3,Gene
Gene::58533,SNX6,Gene
Gene::5859,QARS,Gene
Gene::586,BCAT1,Gene
Gene::5860,QDPR,Gene
Gene::5861,RAB1A,Gene
Gene::5862,RAB2A,Gene
Gene::5863,RGL2,Gene
Gene::5865,RAB3B,Gene
Gene::5867,RAB4A,Gene
Gene::5868,RAB5A,Gene
Gene::5869,RAB5B,Gene
Gene::587,BCAT2,Gene
Gene::5870,RAB6A,Gene
Gene::5871,MAP4K2,Gene
Gene::5873,RAB27A,Gene
Gene::5874,RAB27B,Gene
Gene::5875,RABGGTA,Gene
Gene::5876,RABGGTB,Gene
Gene::5877,RABIF,Gene
Gene::5878,RAB5C,Gene
Gene::5879,RAC1,Gene
Gene::5880,RAC2,Gene
Gene::5881,RAC3,Gene
Gene::5883,RAD9A,Gene
Gene::5884,RAD17,Gene
Gene::5885,RAD21,Gene
Gene::5886,RAD23A,Gene
Gene::5887,RAD23B,Gene
Gene::5888,RAD51,Gene
Gene::5889,RAD51C,Gene
Gene::5890,RAD51B,Gene
Gene::5891,MOK,Gene
Gene::5892,RAD51D,Gene
Gene::5894,RAF1,Gene
Gene::5898,RALA,Gene
Gene::58986,TMEM8A,Gene
Gene::5899,RALB,Gene
Gene::59,ACTA2,Gene
Gene::590,BCHE,Gene
Gene::5900,RALGDS,Gene
Gene::5901,RAN,Gene
Gene::5902,RANBP1,Gene
Gene::5905,RANGAP1,Gene
Gene::5906,RAP1A,Gene
Gene::59067,IL21,Gene
Gene::59084,ENPP5,Gene
Gene::5909,RAP1GAP,Gene
Gene::5910,RAP1GDS1,Gene
Gene::5911,RAP2A,Gene
Gene::5912,RAP2B,Gene
Gene::5914,RARA,Gene
Gene::5915,RARB,Gene
Gene::5916,RARG,Gene
Gene::5917,RARS,Gene
Gene::5918,RARRES1,Gene
Gene::5919,RARRES2,Gene
Gene::5920,RARRES3,Gene
Gene::5921,RASA1,Gene
Gene::5922,RASA2,Gene
Gene::5923,RASGRF1,Gene
Gene::5925,RB1,Gene
Gene::5926,ARID4A,Gene
Gene::59269,HIVEP3,Gene
Gene::5927,KDM5A,Gene
Gene::59272,ACE2,Gene
Gene::59277,NTN4,Gene
Gene::5928,RBBP4,Gene
Gene::59286,UBL5,Gene
Gene::593,BCKDHA,Gene
Gene::5930,RBBP6,Gene
Gene::5931,RBBP7,Gene
Gene::5932,RBBP8,Gene
Gene::5933,RBL1,Gene
Gene::59335,PRDM12,Gene
Gene::59336,PRDM13,Gene
Gene::59338,PLEKHA1,Gene
Gene::5934,RBL2,Gene
Gene::59340,HRH4,Gene
Gene::59341,TRPV4,Gene
Gene::59342,SCPEP1,Gene
Gene::59343,SENP2,Gene
Gene::59344,ALOXE3,Gene
Gene::59345,GNB4,Gene
Gene::59348,ZNF350,Gene
Gene::5935,RBM3,Gene
Gene::59351,PBOV1,Gene
Gene::59352,LGR6,Gene
Gene::59353,TMEM35,Gene
Gene::5936,RBM4,Gene
Gene::5937,RBMS1,Gene
Gene::5939,RBMS2,Gene
Gene::594,BCKDHB,Gene
Gene::5940,RBMY1A1,Gene
Gene::5947,RBP1,Gene
Gene::5948,RBP2,Gene
Gene::594857,NPS,Gene
Gene::5949,RBP3,Gene
Gene::595,CCND1,Gene
Gene::5950,RBP4,Gene
Gene::5954,RCN1,Gene
Gene::5955,RCN2,Gene
Gene::5959,RDH5,Gene
Gene::596,BCL2,Gene
Gene::5962,RDX,Gene
Gene::5965,RECQL,Gene
Gene::5966,REL,Gene
Gene::5967,REG1A,Gene
Gene::5968,REG1B,Gene
Gene::597,BCL2A1,Gene
Gene::5970,RELA,Gene
Gene::5971,RELB,Gene
Gene::5972,REN,Gene
Gene::5973,RENBP,Gene
Gene::5976,UPF1,Gene
Gene::5977,DPF2,Gene
Gene::5978,REST,Gene
Gene::5979,RET,Gene
Gene::598,BCL2L1,Gene
Gene::5980,REV3L,Gene
Gene::5981,RFC1,Gene
Gene::5982,RFC2,Gene
Gene::5983,RFC3,Gene
Gene::5984,RFC4,Gene
Gene::5985,RFC5,Gene
Gene::5986,RFNG,Gene
Gene::599,BCL2L2,Gene
Gene::5991,RFX3,Gene
Gene::5993,RFX5,Gene
Gene::5996,RGS1,Gene
Gene::5997,RGS2,Gene
Gene::5998,RGS3,Gene
Gene::5999,RGS4,Gene
Gene::60,ACTB,Gene
Gene::6000,RGS7,Gene
Gene::6001,RGS10,Gene
Gene::6002,RGS12,Gene
Gene::6003,RGS13,Gene
Gene::6005,RHAG,Gene
Gene::6006,RHCE,Gene
Gene::6007,RHD,Gene
Gene::6009,RHEB,Gene
Gene::6010,RHO,Gene
Gene::6011,GRK1,Gene
Gene::6014,RIT2,Gene
Gene::6015,RING1,Gene
Gene::6016,RIT1,Gene
Gene::6017,RLBP1,Gene
Gene::6018,RLF,Gene
Gene::6019,RLN2,Gene
Gene::602,BCL3,Gene
Gene::60312,AFAP1,Gene
Gene::60313,GPBP1L1,Gene
Gene::60314,C12orf10,Gene
Gene::60343,FAM3A,Gene
Gene::6035,RNASE1,Gene
Gene::6036,RNASE2,Gene
Gene::6037,RNASE3,Gene
Gene::60370,AVPI1,Gene
Gene::6038,RNASE4,Gene
Gene::60386,SLC25A19,Gene
Gene::6039,RNASE6,Gene
Gene::604,BCL6,Gene
Gene::60401,EDA2R,Gene
Gene::6041,RNASEL,Gene
Gene::60412,EXOC4,Gene
Gene::60436,TGIF2,Gene
Gene::60437,CDH26,Gene
Gene::6046,BRD2,Gene
Gene::60468,BACH2,Gene
Gene::6047,RNF4,Gene
Gene::6048,RNF5,Gene
Gene::60481,ELOVL5,Gene
Gene::60482,SLC5A7,Gene
Gene::60485,SAV1,Gene
Gene::60487,TRMT11,Gene
Gene::60488,MRPS35,Gene
Gene::60489,APOBEC3G,Gene
Gene::6049,RNF6,Gene
Gene::60490,PPCDC,Gene
Gene::60491,NIF3L1,Gene
Gene::60492,CCDC90B,Gene
Gene::60493,FASTKD5,Gene
Gene::60494,CCDC81,Gene
Gene::60495,HPSE2,Gene
Gene::60496,AASDHPPT,Gene
Gene::605,BCL7A,Gene
Gene::6050,RNH1,Gene
Gene::60506,NYX,Gene
Gene::60509,AGBL5,Gene
Gene::6051,RNPEP,Gene
Gene::60526,LDAH,Gene
Gene::60528,ELAC2,Gene
Gene::60558,GUF1,Gene
Gene::60559,SPCS3,Gene
Gene::60561,RINT1,Gene
Gene::6059,ABCE1,Gene
Gene::60598,KCNK15,Gene
Gene::60625,DHX35,Gene
Gene::60673,ATG101,Gene
Gene::60675,PROK2,Gene
Gene::60676,PAPPA2,Gene
Gene::60677,CELF6,Gene
Gene::60678,EEFSEC,Gene
Gene::60681,FKBP10,Gene
Gene::60682,SMAP1,Gene
Gene::60684,TRAPPC11,Gene
Gene::60685,ZFAND3,Gene
Gene::60686,C14orf93,Gene
Gene::607,BCL9,Gene
Gene::608,TNFRSF17,Gene
Gene::6091,ROBO1,Gene
Gene::6092,ROBO2,Gene
Gene::6093,ROCK1,Gene
Gene::6094,ROM1,Gene
Gene::6095,RORA,Gene
Gene::6096,RORB,Gene
Gene::6097,RORC,Gene
Gene::6098,ROS1,Gene
Gene::610,HCN2,Gene
Gene::6102,RP2,Gene
Gene::6103,RPGR,Gene
Gene::6117,RPA1,Gene
Gene::6118,RPA2,Gene
Gene::6119,RPA3,Gene
Gene::6120,RPE,Gene
Gene::6121,RPE65,Gene
Gene::6122,RPL3,Gene
Gene::6124,RPL4,Gene
Gene::6125,RPL5,Gene
Gene::6128,RPL6,Gene
Gene::613,BCR,Gene
Gene::6130,RPL7A,Gene
Gene::6132,RPL8,Gene
Gene::613212,CTXN3,Gene
Gene::6133,RPL9,Gene
Gene::6134,RPL10,Gene
Gene::6135,RPL11,Gene
Gene::6136,RPL12,Gene
Gene::6137,RPL13,Gene
Gene::6138,RPL15,Gene
Gene::6139,RPL17,Gene
Gene::6141,RPL18,Gene
Gene::6143,RPL19,Gene
Gene::6146,RPL22,Gene
Gene::6147,RPL23A,Gene
Gene::6150,MRPL23,Gene
Gene::6152,RPL24,Gene
Gene::6154,RPL26,Gene
Gene::6156,RPL30,Gene
Gene::6157,RPL27A,Gene
Gene::6158,RPL28,Gene
Gene::6159,RPL29,Gene
Gene::6160,RPL31,Gene
Gene::6161,RPL32,Gene
Gene::6164,RPL34,Gene
Gene::6165,RPL35A,Gene
Gene::6166,RPL36AL,Gene
Gene::6168,RPL37A,Gene
Gene::617,BCS1L,Gene
Gene::6170,RPL39,Gene
Gene::6171,RPL41,Gene
Gene::6173,RPL36A,Gene
Gene::6176,RPLP1,Gene
Gene::6181,RPLP2,Gene
Gene::6182,MRPL12,Gene
Gene::6183,MRPS12,Gene
Gene::6184,RPN1,Gene
Gene::6185,RPN2,Gene
Gene::6188,RPS3,Gene
Gene::6189,RPS3A,Gene
Gene::6191,RPS4X,Gene
Gene::6192,RPS4Y1,Gene
Gene::619279,ZNF704,Gene
Gene::6193,RPS5,Gene
Gene::619373,MBOAT4,Gene
Gene::6194,RPS6,Gene
Gene::6195,RPS6KA1,Gene
Gene::6196,RPS6KA2,Gene
Gene::6197,RPS6KA3,Gene
Gene::6198,RPS6KB1,Gene
Gene::6199,RPS6KB2,Gene
Gene::6201,RPS7,Gene
Gene::6202,RPS8,Gene
Gene::6203,RPS9,Gene
Gene::6204,RPS10,Gene
Gene::6205,RPS11,Gene
Gene::6206,RPS12,Gene
Gene::6207,RPS13,Gene
Gene::6208,RPS14,Gene
Gene::6209,RPS15,Gene
Gene::6210,RPS15A,Gene
Gene::6217,RPS16,Gene
Gene::6218,RPS17,Gene
Gene::622,BDH1,Gene
Gene::6223,RPS19,Gene
Gene::6224,RPS20,Gene
Gene::6227,RPS21,Gene
Gene::6228,RPS23,Gene
Gene::6229,RPS24,Gene
Gene::623,BDKRB1,Gene
Gene::6231,RPS26,Gene
Gene::6232,RPS27,Gene
Gene::6233,RPS27A,Gene
Gene::6234,RPS28,Gene
Gene::6235,RPS29,Gene
Gene::6236,RRAD,Gene
Gene::6237,RRAS,Gene
Gene::6238,RRBP1,Gene
Gene::6239,RREB1,Gene
Gene::624,BDKRB2,Gene
Gene::6240,RRM1,Gene
Gene::6241,RRM2,Gene
Gene::6248,RSC1A1,Gene
Gene::6249,CLIP1,Gene
Gene::6251,RSU1,Gene
Gene::6252,RTN1,Gene
Gene::6253,RTN2,Gene
Gene::6256,RXRA,Gene
Gene::6257,RXRB,Gene
Gene::6258,RXRG,Gene
Gene::6259,RYK,Gene
Gene::6261,RYR1,Gene
Gene::6262,RYR2,Gene
Gene::6263,RYR3,Gene
Gene::627,BDNF,Gene
Gene::6271,S100A1,Gene
Gene::6272,SORT1,Gene
Gene::6273,S100A2,Gene
Gene::6274,S100A3,Gene
Gene::6275,S100A4,Gene
Gene::6277,S100A6,Gene
Gene::6278,S100A7,Gene
Gene::6279,S100A8,Gene
Gene::6280,S100A9,Gene
Gene::6281,S100A10,Gene
Gene::6282,S100A11,Gene
Gene::6283,S100A12,Gene
Gene::6284,S100A13,Gene
Gene::6285,S100B,Gene
Gene::6286,S100P,Gene
Gene::6288,SAA1,Gene
Gene::6289,SAA2,Gene
Gene::629,CFB,Gene
Gene::6291,SAA4,Gene
Gene::6293,VPS52,Gene
Gene::6295,SAG,Gene
Gene::6296,ACSM3,Gene
Gene::6297,SALL2,Gene
Gene::6299,SALL1,Gene
Gene::6300,MAPK12,Gene
Gene::6301,SARS,Gene
Gene::6302,TSPAN31,Gene
Gene::63027,SLC22A23,Gene
Gene::6303,SAT1,Gene
Gene::63035,BCORL1,Gene
Gene::63036,CELA2A,Gene
Gene::6304,SATB1,Gene
Gene::6307,MSMO1,Gene
Gene::6309,SC5D,Gene
Gene::631,BFSP1,Gene
Gene::6311,ATXN2,Gene
Gene::6314,ATXN7,Gene
Gene::6317,SERPINB3,Gene
Gene::6318,SERPINB4,Gene
Gene::6319,SCD,Gene
Gene::632,BGLAP,Gene
Gene::6320,CLEC11A,Gene
Gene::6322,SCML1,Gene
Gene::6323,SCN1A,Gene
Gene::6324,SCN1B,Gene
Gene::6326,SCN2A,Gene
Gene::6327,SCN2B,Gene
Gene::6328,SCN3A,Gene
Gene::6329,SCN4A,Gene
Gene::633,BGN,Gene
Gene::6330,SCN4B,Gene
Gene::6331,SCN5A,Gene
Gene::6332,SCN7A,Gene
Gene::6334,SCN8A,Gene
Gene::6335,SCN9A,Gene
Gene::6336,SCN10A,Gene
Gene::6337,SCNN1A,Gene
Gene::6338,SCNN1B,Gene
Gene::6339,SCNN1D,Gene
Gene::634,CEACAM1,Gene
Gene::6340,SCNN1G,Gene
Gene::6342,SCP2,Gene
Gene::6343,SCT,Gene
Gene::6346,CCL1,Gene
Gene::6347,CCL2,Gene
Gene::6348,CCL3,Gene
Gene::6349,CCL3L1,Gene
Gene::635,BHMT,Gene
Gene::6351,CCL4,Gene
Gene::6352,CCL5,Gene
Gene::6354,CCL7,Gene
Gene::6355,CCL8,Gene
Gene::6356,CCL11,Gene
Gene::6357,CCL13,Gene
Gene::636,BICD1,Gene
Gene::6360,CCL16,Gene
Gene::6361,CCL17,Gene
Gene::6362,CCL18,Gene
Gene::6364,CCL20,Gene
Gene::6366,CCL21,Gene
Gene::6367,CCL22,Gene
Gene::6369,CCL24,Gene
Gene::637,BID,Gene
Gene::6372,CXCL6,Gene
Gene::6373,CXCL11,Gene
Gene::6374,CXCL5,Gene
Gene::6375,XCL1,Gene
Gene::6376,CX3CL1,Gene
Gene::638,BIK,Gene
Gene::6382,SDC1,Gene
Gene::63826,SRR,Gene
Gene::63827,BCAN,Gene
Gene::6383,SDC2,Gene
Gene::6385,SDC4,Gene
Gene::6386,SDCBP,Gene
Gene::6387,CXCL12,Gene
Gene::63874,ABHD4,Gene
Gene::63875,MRPL17,Gene
Gene::63877,FAM204A,Gene
Gene::6388,SDF2,Gene
Gene::6389,SDHA,Gene
Gene::63891,RNF123,Gene
Gene::63892,THADA,Gene
Gene::63894,VIPAS39,Gene
Gene::63897,HEATR6,Gene
Gene::63898,SH2D4A,Gene
Gene::63899,NSUN3,Gene
Gene::639,PRDM1,Gene
Gene::6390,SDHB,Gene
Gene::63901,FAM111A,Gene
Gene::63905,MANBAL,Gene
Gene::63906,GPATCH3,Gene
Gene::63908,NAPB,Gene
Gene::6391,SDHC,Gene
Gene::63910,SLC17A9,Gene
Gene::63915,BLOC1S5,Gene
Gene::63916,ELMO2,Gene
Gene::6392,SDHD,Gene
Gene::63920,ZBED8,Gene
Gene::63923,TNN,Gene
Gene::63924,CIDEC,Gene
Gene::63925,ZNF335,Gene
Gene::63928,CHP2,Gene
Gene::63931,MRPS14,Gene
Gene::63933,MCUR1,Gene
Gene::63934,ZNF667,Gene
Gene::63935,PCIF1,Gene
Gene::63939,FAM217B,Gene
Gene::63940,GPSM3,Gene
Gene::63941,NECAB3,Gene
Gene::63943,FKBPL,Gene
Gene::63951,DMRTA1,Gene
Gene::6396,SEC13,Gene
Gene::63967,CLSPN,Gene
Gene::6397,SEC14L1,Gene
Gene::63971,KIF13A,Gene
Gene::63976,PRDM16,Gene
Gene::63978,PRDM14,Gene
Gene::63979,FIGNL1,Gene
Gene::640,BLK,Gene
Gene::6400,SEL1L,Gene
Gene::64005,MYO1G,Gene
Gene::6401,SELE,Gene
Gene::6402,SELL,Gene
Gene::6403,SELP,Gene
Gene::6404,SELPLG,Gene
Gene::6405,SEMA3F,Gene
Gene::64061,TSPYL2,Gene
Gene::64062,RBM26,Gene
Gene::64064,OXCT2,Gene
Gene::64065,PERP,Gene
Gene::64066,MMP27,Gene
Gene::64067,NPAS3,Gene
Gene::64077,LHPP,Gene
Gene::64078,SLC28A3,Gene
Gene::64080,RBKS,Gene
Gene::64081,PBLD,Gene
Gene::64083,GOLPH3,Gene
Gene::64084,CLSTN2,Gene
Gene::64087,MCCC2,Gene
Gene::64090,GAL3ST2,Gene
Gene::64091,POPDC2,Gene
Gene::64092,SAMSN1,Gene
Gene::64093,SMOC1,Gene
Gene::64094,SMOC2,Gene
Gene::641,BLM,Gene
Gene::64101,LRRC4,Gene
Gene::64102,TNMD,Gene
Gene::64105,CENPK,Gene
Gene::64109,CRLF2,Gene
Gene::64110,MAGEF1,Gene
Gene::64114,TMBIM1,Gene
Gene::64115,C10orf54,Gene
Gene::64116,SLC39A8,Gene
Gene::64118,DUS1L,Gene
Gene::64121,RRAGC,Gene
Gene::64123,ADGRL4,Gene
Gene::64127,NOD2,Gene
Gene::64129,TINAGL1,Gene
Gene::64131,XYLT1,Gene
Gene::64132,XYLT2,Gene
Gene::64135,IFIH1,Gene
Gene::64137,ABCG4,Gene
Gene::641371,ACOT1,Gene
Gene::6414,SEPP1,Gene
Gene::64145,RBSN,Gene
Gene::641455,POTEM,Gene
Gene::64147,KIF9,Gene
Gene::64149,C17orf75,Gene
Gene::6415,SEPW1,Gene
Gene::64151,NCAPG,Gene
Gene::6416,MAP2K4,Gene
Gene::641649,TMEM91,Gene
Gene::64167,ERAP2,Gene
Gene::64168,NECAB1,Gene
Gene::64170,CARD9,Gene
Gene::64172,OSGEPL1,Gene
Gene::64174,DPEP2,Gene
Gene::64175,P3H1,Gene
Gene::6418,SET,Gene
Gene::64184,EDDM3B,Gene
Gene::6419,SETMAR,Gene
Gene::642,BLMH,Gene
Gene::64207,IRF2BPL,Gene
Gene::64208,POPDC3,Gene
Gene::6421,SFPQ,Gene
Gene::64215,DNAJC1,Gene
Gene::64216,TFB2M,Gene
Gene::64218,SEMA4A,Gene
Gene::64219,PJA1,Gene
Gene::6422,SFRP1,Gene
Gene::64221,ROBO3,Gene
Gene::64222,TOR3A,Gene
Gene::64223,MLST8,Gene
Gene::64225,ATL2,Gene
Gene::642273,FAM110C,Gene
Gene::6423,SFRP2,Gene
Gene::64231,MS4A6A,Gene
Gene::64232,MS4A5,Gene
Gene::6424,SFRP4,Gene
Gene::64240,ABCG5,Gene
Gene::64241,ABCG8,Gene
Gene::6425,SFRP5,Gene
Gene::642587,MIR205HG,Gene
Gene::642597,C18orf42,Gene
Gene::6426,SRSF1,Gene
Gene::6427,SRSF2,Gene
Gene::6428,SRSF3,Gene
Gene::64282,PAPD5,Gene
Gene::64283,ARHGEF28,Gene
Gene::64285,RHBDF1,Gene
Gene::64288,ZSCAN31,Gene
Gene::642891,CHL1-AS2,Gene
Gene::6429,SRSF4,Gene
Gene::642987,TMEM232,Gene
Gene::643,CXCR5,Gene
Gene::6430,SRSF5,Gene
Gene::643008,SMIM5,Gene
Gene::6431,SRSF6,Gene
Gene::64318,NOC3L,Gene
Gene::64319,FBRS,Gene
Gene::6432,SRSF7,Gene
Gene::64320,RNF25,Gene
Gene::64321,SOX17,Gene
Gene::643236,TMEM72,Gene
Gene::64324,NSD1,Gene
Gene::64326,RFWD2,Gene
Gene::64328,XPO4,Gene
Gene::6433,SFSWAP,Gene
Gene::64332,NFKBIZ,Gene
Gene::64333,ARHGAP9,Gene
Gene::643355,LOC643355,Gene
Gene::6434,TRA2B,Gene
Gene::64342,HS1BP3,Gene
Gene::64343,AZI2,Gene
Gene::64344,HIF3A,Gene
Gene::64359,NXN,Gene
Gene::643641,ZNF862,Gene
Gene::643669,CCER2,Gene
Gene::64374,SIL1,Gene
Gene::64375,IKZF4,Gene
Gene::64376,IKZF5,Gene
Gene::64377,CHST8,Gene
Gene::643802,LOC643802,Gene
Gene::643834,PGA3,Gene
Gene::643847,PGA4,Gene
Gene::643854,CTAGE9,Gene
Gene::64386,MMP25,Gene
Gene::64388,GREM2,Gene
Gene::6439,SFTPB,Gene
Gene::643904,RNF222,Gene
Gene::64393,ZMAT3,Gene
Gene::64395,GMCL1,Gene
Gene::64397,ZNF106,Gene
Gene::64398,MPP5,Gene
Gene::64399,HHIP,Gene
Gene::644,BLVRA,Gene
Gene::6440,SFTPC,Gene
Gene::64400,AKTIP,Gene
Gene::644019,CBWD6,Gene
Gene::64405,CDH22,Gene
Gene::64407,RGS18,Gene
Gene::64409,WBSCR17,Gene
Gene::6441,SFTPD,Gene
Gene::644139,PIRT,Gene
Gene::64417,C5orf28,Gene
Gene::64418,TMEM168,Gene
Gene::64419,MTMR14,Gene
Gene::6442,SGCA,Gene
Gene::64421,DCLRE1C,Gene
Gene::64422,ATG3,Gene
Gene::64423,INF2,Gene
Gene::64425,POLR1E,Gene
Gene::64427,TTC31,Gene
Gene::64428,NARFL,Gene
Gene::64429,ZDHHC6,Gene
Gene::6443,SGCB,Gene
Gene::64431,ACTR6,Gene
Gene::64432,MRPS25,Gene
Gene::64434,NOM1,Gene
Gene::644353,ZCCHC18,Gene
Gene::6444,SGCD,Gene
Gene::64446,DNAI2,Gene
Gene::644538,SMIM10,Gene
Gene::644591,PPIAL4G,Gene
Gene::6446,SGK1,Gene
Gene::6447,SCG5,Gene
Gene::64478,CSMD1,Gene
Gene::6449,SGTA,Gene
Gene::64499,TPSB2,Gene
Gene::644994,SMIM23,Gene
Gene::645,BLVRB,Gene
Gene::6450,SH3BGR,Gene
Gene::64506,CPEB1,Gene
Gene::6451,SH3BGRL,Gene
Gene::64518,TEKT3,Gene
Gene::645191,LINGO3,Gene
Gene::6452,SH3BP2,Gene
Gene::645202,LOC645202,Gene
Gene::6453,ITSN1,Gene
Gene::645369,TMEM200C,Gene
Gene::645432,ARRDC5,Gene
Gene::6455,SH3GL1,Gene
Gene::645745,MT1HL1,Gene
Gene::64581,CLEC7A,Gene
Gene::645832,SEBOX,Gene
Gene::645843,TMEM14E,Gene
Gene::645961,SPATA31C2,Gene
Gene::645974,PABPC1L2B,Gene
Gene::64601,VPS16,Gene
Gene::646019,CBY3,Gene
Gene::6461,SHB,Gene
Gene::646174,C16orf90,Gene
Gene::6462,SHBG,Gene
Gene::6464,SHC1,Gene
Gene::64641,EBF2,Gene
Gene::646424,SPINK8,Gene
Gene::646480,FABP9,Gene
Gene::64651,CSRNP1,Gene
Gene::646643,SBK2,Gene
Gene::6468,FBXW4,Gene
Gene::64682,ANAPC1,Gene
Gene::646862,RNF225,Gene
Gene::646865,LOC646865,Gene
Gene::64689,GORASP1,Gene
Gene::6469,SHH,Gene
Gene::64693,CTAGE1,Gene
Gene::646960,PRSS56,Gene
Gene::64699,TMPRSS3,Gene
Gene::6470,SHMT1,Gene
Gene::647024,C6orf132,Gene
Gene::647042,GOLGA6L10,Gene
Gene::64708,COPS7B,Gene
Gene::647087,C7orf73,Gene
Gene::64710,NUCKS1,Gene
Gene::64711,HS3ST6,Gene
Gene::64714,PDIA2,Gene
Gene::647174,SERPINE3,Gene
Gene::64718,UNKL,Gene
Gene::6472,SHMT2,Gene
Gene::647309,GMNC,Gene
Gene::64743,WDR13,Gene
Gene::64744,SMAP2,Gene
Gene::64745,METTL17,Gene
Gene::64746,ACBD3,Gene
Gene::64747,MFSD1,Gene
Gene::64748,LPPR2,Gene
Gene::64750,SMURF2,Gene
Gene::64753,CCDC136,Gene
Gene::64754,SMYD3,Gene
Gene::64755,C16orf58,Gene
Gene::64756,ATPAF1,Gene
Gene::64757,MARC1,Gene
Gene::647589,ANHX,Gene
Gene::64759,TNS3,Gene
Gene::6476,SI,Gene
Gene::64760,FAM160B2,Gene
Gene::64761,PARP12,Gene
Gene::64762,GAREM,Gene
Gene::64763,ZNF574,Gene
Gene::64764,CREB3L2,Gene
Gene::64766,S100PBP,Gene
Gene::64768,IPPK,Gene
Gene::64769,MEAF6,Gene
Gene::6477,SIAH1,Gene
Gene::64770,CCDC14,Gene
Gene::64771,C6orf106,Gene
Gene::64772,ENGASE,Gene
Gene::64777,RMND5B,Gene
Gene::64778,FNDC3B,Gene
Gene::64780,MICAL1,Gene
Gene::64781,CERK,Gene
Gene::64782,AEN,Gene
Gene::64783,RBM15,Gene
Gene::64784,CRTC3,Gene
Gene::64785,GINS3,Gene
Gene::64786,TBC1D15,Gene
Gene::64787,EPS8L2,Gene
Gene::64788,LMF1,Gene
Gene::64792,IFT22,Gene
Gene::64793,CEP85,Gene
Gene::64794,DDX31,Gene
Gene::64795,RMND5A,Gene
Gene::64798,DEPTOR,Gene
Gene::64799,IQCH,Gene
Gene::648,BMI1,Gene
Gene::6480,ST6GAL1,Gene
Gene::64802,NMNAT1,Gene
Gene::64805,P2RY12,Gene
Gene::64806,IL25,Gene
Gene::64816,CYP3A43,Gene
Gene::6482,ST3GAL1,Gene
Gene::6483,ST3GAL2,Gene
Gene::64834,ELOVL1,Gene
Gene::64837,KLC2,Gene
Gene::64838,FNDC4,Gene
Gene::6484,ST3GAL4,Gene
Gene::64844,MARCH7,Gene
Gene::64847,SPATA20,Gene
Gene::64848,YTHDC2,Gene
Gene::64849,SLC13A3,Gene
Gene::64853,AIDA,Gene
Gene::64854,USP46,Gene
Gene::64857,PLEKHG2,Gene
Gene::64858,DCLRE1B,Gene
Gene::64859,NABP1,Gene
Gene::64860,ARMCX5,Gene
Gene::64863,METTL4,Gene
Gene::64864,RFX7,Gene
Gene::64866,CDCP1,Gene
Gene::6487,ST3GAL3,Gene
Gene::64897,C12orf43,Gene
Gene::649,BMP1,Gene
Gene::6490,PMEL,Gene
Gene::64900,LPIN3,Gene
Gene::64901,RANBP17,Gene
Gene::64902,AGXT2,Gene
Gene::6491,STIL,Gene
Gene::64919,BCL11B,Gene
Gene::6492,SIM1,Gene
Gene::64921,CASD1,Gene
Gene::64922,LRRC19,Gene
Gene::64924,SLC30A5,Gene
Gene::64925,CCDC71,Gene
Gene::649330,HNRNPCL3,Gene
Gene::6494,SIPA1,Gene
Gene::64943,NT5DC2,Gene
Gene::64949,MRPS26,Gene
Gene::6495,SIX1,Gene
Gene::6496,SIX3,Gene
Gene::64963,MRPS11,Gene
Gene::64965,MRPS9,Gene
Gene::64968,MRPS6,Gene
Gene::6497,SKI,Gene
Gene::64975,MRPL41,Gene
Gene::64981,MRPL34,Gene
Gene::6499,SKIV2L,Gene
Gene::650,BMP2,Gene
Gene::6500,SKP1,Gene
Gene::65003,MRPL11,Gene
Gene::65005,MRPL9,Gene
Gene::65010,SLC26A6,Gene
Gene::65018,PINK1,Gene
Gene::6502,SKP2,Gene
Gene::650293,LOC650293,Gene
Gene::6503,SLA,Gene
Gene::6504,SLAMF1,Gene
Gene::6505,SLC1A1,Gene
Gene::65055,REEP1,Gene
Gene::65056,GPBP1,Gene
Gene::65057,ACD,Gene
Gene::65059,RAPH1,Gene
Gene::6506,SLC1A2,Gene
Gene::65061,CDK15,Gene
Gene::65062,TMEM237,Gene
Gene::6507,SLC1A3,Gene
Gene::65078,RTN4R,Gene
Gene::6508,SLC4A3,Gene
Gene::65080,MRPL44,Gene
Gene::65082,VPS33A,Gene
Gene::65083,NOL6,Gene
Gene::65084,TMEM135,Gene
Gene::6509,SLC1A4,Gene
Gene::65095,KRI1,Gene
Gene::6510,SLC1A5,Gene
Gene::65108,MARCKSL1,Gene
Gene::65109,UPF3B,Gene
Gene::6511,SLC1A6,Gene
Gene::65110,UPF3A,Gene
Gene::65117,RSRC2,Gene
Gene::65123,INTS3,Gene
Gene::65124,SOWAHC,Gene
Gene::65125,WNK1,Gene
Gene::6513,SLC2A1,Gene
Gene::6514,SLC2A2,Gene
Gene::6515,SLC2A3,Gene
Gene::6517,SLC2A4,Gene
Gene::651746,ANKRD33B,Gene
Gene::6518,SLC2A5,Gene
Gene::6519,SLC3A1,Gene
Gene::652,BMP4,Gene
Gene::6520,SLC3A2,Gene
Gene::6521,SLC4A1,Gene
Gene::6522,SLC4A2,Gene
Gene::65220,NADK,Gene
Gene::6523,SLC5A1,Gene
Gene::6524,SLC5A2,Gene
Gene::65244,SPATS2,Gene
Gene::65249,ZSWIM4,Gene
Gene::6525,SMTN,Gene
Gene::65251,ZNF649,Gene
Gene::65258,MPPE1,Gene
Gene::6526,SLC5A3,Gene
Gene::65260,COA7,Gene
Gene::65263,PYCRL,Gene
Gene::65264,UBE2Z,Gene
Gene::65266,WNK4,Gene
Gene::65268,WNK2,Gene
Gene::6527,SLC5A4,Gene
Gene::6528,SLC5A5,Gene
Gene::6529,SLC6A1,Gene
Gene::652968,GATSL3,Gene
Gene::653,BMP5,Gene
Gene::6530,SLC6A2,Gene
Gene::6531,SLC6A3,Gene
Gene::653192,TRIM43B,Gene
Gene::6532,SLC6A4,Gene
Gene::653220,XAGE1B,Gene
Gene::653275,CFC1B,Gene
Gene::6533,SLC6A6,Gene
Gene::653308,ASAH2B,Gene
Gene::653319,KIAA0895L,Gene
Gene::653333,FAM86B2,Gene
Gene::653361,NCF1,Gene
Gene::6534,SLC6A7,Gene
Gene::653404,FOXD4L6,Gene
Gene::653427,FOXD4L5,Gene
Gene::653464,SRGAP2C,Gene
Gene::653486,SCGB1C2,Gene
Gene::6535,SLC6A8,Gene
Gene::653505,PPIAL4A,Gene
Gene::653509,SFTPA1,Gene
Gene::653519,GPR89A,Gene
Gene::653598,PPIAL4C,Gene
Gene::6536,SLC6A9,Gene
Gene::653604,HIST2H3D,Gene
Gene::653606,PRAMEF22,Gene
Gene::653641,GOLGA6C,Gene
Gene::653643,GOLGA6D,Gene
Gene::653689,GSTT2B,Gene
Gene::6538,SLC6A11,Gene
Gene::653820,FAM72B,Gene
Gene::6539,SLC6A12,Gene
Gene::654,BMP6,Gene
Gene::6540,SLC6A13,Gene
Gene::6541,SLC7A1,Gene
Gene::6542,SLC7A2,Gene
Gene::654231,OCM,Gene
Gene::6543,SLC8A2,Gene
Gene::654364,NME1-NME2,Gene
Gene::654429,LRTM2,Gene
Gene::654463,FER1L6,Gene
Gene::654483,BOLA2B,Gene
Gene::6545,SLC7A4,Gene
Gene::6546,SLC8A1,Gene
Gene::6547,SLC8A3,Gene
Gene::6548,SLC9A1,Gene
Gene::655,BMP7,Gene
Gene::6550,SLC9A3,Gene
Gene::6554,SLC10A1,Gene
Gene::6555,SLC10A2,Gene
Gene::6556,SLC11A1,Gene
Gene::6557,SLC12A1,Gene
Gene::6558,SLC12A2,Gene
Gene::6559,SLC12A3,Gene
Gene::6560,SLC12A4,Gene
Gene::6561,SLC13A1,Gene
Gene::6564,SLC15A1,Gene
Gene::6565,SLC15A2,Gene
Gene::6566,SLC16A1,Gene
Gene::6567,SLC16A2,Gene
Gene::6568,SLC17A1,Gene
Gene::6569,SLC34A1,Gene
Gene::657,BMPR1A,Gene
Gene::6570,SLC18A1,Gene
Gene::6571,SLC18A2,Gene
Gene::6572,SLC18A3,Gene
Gene::6573,SLC19A1,Gene
Gene::6574,SLC20A1,Gene
Gene::6576,SLC25A1,Gene
Gene::6578,SLCO2A1,Gene
Gene::6579,SLCO1A2,Gene
Gene::658,BMPR1B,Gene
Gene::6580,SLC22A1,Gene
Gene::6581,SLC22A3,Gene
Gene::6582,SLC22A2,Gene
Gene::6583,SLC22A4,Gene
Gene::6584,SLC22A5,Gene
Gene::6585,SLIT1,Gene
Gene::6588,SLN,Gene
Gene::659,BMPR2,Gene
Gene::6590,SLPI,Gene
Gene::6591,SNAI2,Gene
Gene::6594,SMARCA1,Gene
Gene::6595,SMARCA2,Gene
Gene::6596,HLTF,Gene
Gene::6597,SMARCA4,Gene
Gene::65975,STK33,Gene
Gene::65979,PHACTR4,Gene
Gene::6598,SMARCB1,Gene
Gene::65980,BRD9,Gene
Gene::65982,ZSCAN18,Gene
Gene::65983,GRAMD3,Gene
Gene::65985,AACS,Gene
Gene::65986,ZBTB10,Gene
Gene::65987,KCTD14,Gene
Gene::6599,SMARCC1,Gene
Gene::65991,FUNDC2,Gene
Gene::65992,DDRGK1,Gene
Gene::65993,MRPS34,Gene
Gene::65998,C11orf95,Gene
Gene::660,BMX,Gene
Gene::66002,CYP4F12,Gene
Gene::66004,LYNX1,Gene
Gene::66005,CHID1,Gene
Gene::66008,TRAK2,Gene
Gene::6601,SMARCC2,Gene
Gene::6603,SMARCD2,Gene
Gene::66036,MTMR9,Gene
Gene::66037,BOLL,Gene
Gene::6604,SMARCD3,Gene
Gene::6605,SMARCE1,Gene
Gene::6606,SMN1,Gene
Gene::6607,SMN2,Gene
Gene::6608,SMO,Gene
Gene::6609,SMPD1,Gene
Gene::661,POLR3D,Gene
Gene::6610,SMPD2,Gene
Gene::6611,SMS,Gene
Gene::6612,SUMO3,Gene
Gene::6613,SUMO2,Gene
Gene::6615,SNAI1,Gene
Gene::6616,SNAP25,Gene
Gene::6617,SNAPC1,Gene
Gene::6618,SNAPC2,Gene
Gene::6619,SNAPC3,Gene
Gene::662,BNIP1,Gene
Gene::6620,SNCB,Gene
Gene::6622,SNCA,Gene
Gene::6623,SNCG,Gene
Gene::6624,FSCN1,Gene
Gene::6626,SNRPA,Gene
Gene::6627,SNRPA1,Gene
Gene::6628,SNRPB,Gene
Gene::6629,SNRPB2,Gene
Gene::663,BNIP2,Gene
Gene::6631,SNRPC,Gene
Gene::6632,SNRPD1,Gene
Gene::6633,SNRPD2,Gene
Gene::6634,SNRPD3,Gene
Gene::6635,SNRPE,Gene
Gene::6636,SNRPF,Gene
Gene::6638,SNRPN,Gene
Gene::664,BNIP3,Gene
Gene::6640,SNTA1,Gene
Gene::6641,SNTB1,Gene
Gene::6642,SNX1,Gene
Gene::6643,SNX2,Gene
Gene::6645,SNTB2,Gene
Gene::6646,SOAT1,Gene
Gene::6647,SOD1,Gene
Gene::6648,SOD2,Gene
Gene::6649,SOD3,Gene
Gene::665,BNIP3L,Gene
Gene::6650,CAPN15,Gene
Gene::6651,SON,Gene
Gene::6652,SORD,Gene
Gene::6653,SORL1,Gene
Gene::6654,SOS1,Gene
Gene::6655,SOS2,Gene
Gene::6657,SOX2,Gene
Gene::6659,SOX4,Gene
Gene::666,BOK,Gene
Gene::6660,SOX5,Gene
Gene::6662,SOX9,Gene
Gene::6663,SOX10,Gene
Gene::6664,SOX11,Gene
Gene::6665,SOX15,Gene
Gene::6666,SOX12,Gene
Gene::6667,SP1,Gene
Gene::6668,SP2,Gene
Gene::667,DST,Gene
Gene::6670,SP3,Gene
Gene::6671,SP4,Gene
Gene::6672,SP100,Gene
Gene::6675,UAP1,Gene
Gene::6676,SPAG4,Gene
Gene::6678,SPARC,Gene
Gene::668,FOXL2,Gene
Gene::6683,SPAST,Gene
Gene::6687,SPG7,Gene
Gene::6688,SPI1,Gene
Gene::6689,SPIB,Gene
Gene::669,BPGM,Gene
Gene::6690,SPINK1,Gene
Gene::6691,SPINK2,Gene
Gene::6692,SPINT1,Gene
Gene::6693,SPN,Gene
Gene::6695,SPOCK1,Gene
Gene::6696,SPP1,Gene
Gene::6697,SPR,Gene
Gene::6698,SPRR1A,Gene
Gene::6699,SPRR1B,Gene
Gene::670,BPHL,Gene
Gene::6700,SPRR2A,Gene
Gene::6701,SPRR2B,Gene
Gene::6707,SPRR3,Gene
Gene::6708,SPTA1,Gene
Gene::6709,SPTAN1,Gene
Gene::671,BPI,Gene
Gene::6710,SPTB,Gene
Gene::6711,SPTBN1,Gene
Gene::6712,SPTBN2,Gene
Gene::6713,SQLE,Gene
Gene::6714,SRC,Gene
Gene::6715,SRD5A1,Gene
Gene::6716,SRD5A2,Gene
Gene::6717,SRI,Gene
Gene::6718,AKR1D1,Gene
Gene::672,BRCA1,Gene
Gene::6720,SREBF1,Gene
Gene::6721,SREBF2,Gene
Gene::6722,SRF,Gene
Gene::6723,SRM,Gene
Gene::6725,SRMS,Gene
Gene::6726,SRP9,Gene
Gene::6727,SRP14,Gene
Gene::6728,SRP19,Gene
Gene::6729,SRP54,Gene
Gene::673,BRAF,Gene
Gene::6730,SRP68,Gene
Gene::6731,SRP72,Gene
Gene::6732,SRPK1,Gene
Gene::6733,SRPK2,Gene
Gene::6734,SRPR,Gene
Gene::6737,TRIM21,Gene
Gene::6738,TROVE2,Gene
Gene::6741,SSB,Gene
Gene::6742,SSBP1,Gene
Gene::6744,SSFA2,Gene
Gene::6745,SSR1,Gene
Gene::6746,SSR2,Gene
Gene::6747,SSR3,Gene
Gene::6748,SSR4,Gene
Gene::6749,SSRP1,Gene
Gene::675,BRCA2,Gene
Gene::6750,SST,Gene
Gene::6751,SSTR1,Gene
Gene::6752,SSTR2,Gene
Gene::6753,SSTR3,Gene
Gene::6754,SSTR4,Gene
Gene::6755,SSTR5,Gene
Gene::6756,SSX1,Gene
Gene::6757,SSX2,Gene
Gene::6760,SS18,Gene
Gene::6764,ST5,Gene
Gene::6767,ST13,Gene
Gene::6768,ST14,Gene
Gene::677,ZFP36L1,Gene
Gene::6770,STAR,Gene
Gene::6772,STAT1,Gene
Gene::6773,STAT2,Gene
Gene::6774,STAT3,Gene
Gene::6775,STAT4,Gene
Gene::6776,STAT5A,Gene
Gene::6777,STAT5B,Gene
Gene::6778,STAT6,Gene
Gene::6779,STATH,Gene
Gene::678,ZFP36L2,Gene
Gene::6780,STAU1,Gene
Gene::6781,STC1,Gene
Gene::6782,HSPA13,Gene
Gene::6783,SULT1E1,Gene
Gene::6785,ELOVL4,Gene
Gene::6786,STIM1,Gene
Gene::6787,NEK4,Gene
Gene::6788,STK3,Gene
Gene::6789,STK4,Gene
Gene::6790,AURKA,Gene
Gene::6792,CDKL5,Gene
Gene::6793,STK10,Gene
Gene::6794,STK11,Gene
Gene::6795,AURKC,Gene
Gene::6799,SULT1A2,Gene
Gene::680,BRS3,Gene
Gene::6804,STX1A,Gene
Gene::6810,STX4,Gene
Gene::6811,STX5,Gene
Gene::6812,STXBP1,Gene
Gene::6813,STXBP2,Gene
Gene::6814,STXBP3,Gene
Gene::6817,SULT1A1,Gene
Gene::6818,SULT1A3,Gene
Gene::6819,SULT1C2,Gene
Gene::682,BSG,Gene
Gene::6820,SULT2B1,Gene
Gene::6821,SUOX,Gene
Gene::6822,SULT2A1,Gene
Gene::6827,SUPT4H1,Gene
Gene::683,BST1,Gene
Gene::6830,SUPT6H,Gene
Gene::6832,SUPV3L1,Gene
Gene::6833,ABCC8,Gene
Gene::6834,SURF1,Gene
Gene::6835,SURF2,Gene
Gene::6836,SURF4,Gene
Gene::6839,SUV39H1,Gene
Gene::684,BST2,Gene
Gene::6840,SVIL,Gene
Gene::6845,VAMP7,Gene
Gene::6846,XCL2,Gene
Gene::6847,SYCP1,Gene
Gene::685,BTC,Gene
Gene::6850,SYK,Gene
Gene::6853,SYN1,Gene
Gene::6854,SYN2,Gene
Gene::6855,SYP,Gene
Gene::6856,SYPL1,Gene
Gene::686,BTD,Gene
Gene::6860,SYT4,Gene
Gene::6862,T,Gene
Gene::6863,TAC1,Gene
Gene::6865,TACR2,Gene
Gene::6866,TAC3,Gene
Gene::6867,TACC1,Gene
Gene::6868,ADAM17,Gene
Gene::6869,TACR1,Gene
Gene::687,KLF9,Gene
Gene::6870,TACR3,Gene
Gene::6871,TADA2A,Gene
Gene::6872,TAF1,Gene
Gene::6873,TAF2,Gene
Gene::6874,TAF4,Gene
Gene::6876,TAGLN,Gene
Gene::6877,TAF5,Gene
Gene::6878,TAF6,Gene
Gene::6879,TAF7,Gene
Gene::688,KLF5,Gene
Gene::6880,TAF9,Gene
Gene::6881,TAF10,Gene
Gene::6882,TAF11,Gene
Gene::6885,MAP3K7,Gene
Gene::6886,TAL1,Gene
Gene::6888,TALDO1,Gene
Gene::689,BTF3,Gene
Gene::6890,TAP1,Gene
Gene::6891,TAP2,Gene
Gene::6892,TAPBP,Gene
Gene::6894,TARBP1,Gene
Gene::6895,TARBP2,Gene
Gene::6897,TARS,Gene
Gene::6898,TAT,Gene
Gene::6899,TBX1,Gene
Gene::6900,CNTN2,Gene
Gene::6901,TAZ,Gene
Gene::6902,TBCA,Gene
Gene::6904,TBCD,Gene
Gene::6905,TBCE,Gene
Gene::6906,SERPINA7,Gene
Gene::6907,TBL1X,Gene
Gene::6908,TBP,Gene
Gene::6909,TBX2,Gene
Gene::6910,TBX5,Gene
Gene::6913,TBX15,Gene
Gene::6915,TBXA2R,Gene
Gene::6916,TBXAS1,Gene
Gene::6917,TCEA1,Gene
Gene::6919,TCEA2,Gene
Gene::6920,TCEA3,Gene
Gene::6921,TCEB1,Gene
Gene::6923,TCEB2,Gene
Gene::6924,TCEB3,Gene
Gene::6925,TCF4,Gene
Gene::6926,TBX3,Gene
Gene::6927,HNF1A,Gene
Gene::6928,HNF1B,Gene
Gene::6929,TCF3,Gene
Gene::6932,TCF7,Gene
Gene::6934,TCF7L2,Gene
Gene::6935,ZEB1,Gene
Gene::6936,GCFC2,Gene
Gene::6938,TCF12,Gene
Gene::6939,TCF15,Gene
Gene::694,BTG1,Gene
Gene::6940,ZNF354A,Gene
Gene::6941,TCF19,Gene
Gene::6943,TCF21,Gene
Gene::6944,VPS72,Gene
Gene::6945,MLX,Gene
Gene::6947,TCN1,Gene
Gene::6948,TCN2,Gene
Gene::6949,TCOF1,Gene
Gene::695,BTK,Gene
Gene::6950,TCP1,Gene
Gene::6955,TRA,Gene
Gene::6957,TRB,Gene
Gene::6964,TRD,Gene
Gene::6988,TCTA,Gene
Gene::699,BUB1,Gene
Gene::6990,DYNLT3,Gene
Gene::6992,PPP1R11,Gene
Gene::6993,DYNLT1,Gene
Gene::6996,TDG,Gene
Gene::6997,TDGF1,Gene
Gene::6999,TDO2,Gene
Gene::70,ACTC1,Gene
Gene::7001,PRDX2,Gene
Gene::7006,TEC,Gene
Gene::7009,TMBIM6,Gene
Gene::701,BUB1B,Gene
Gene::7010,TEK,Gene
Gene::7011,TEP1,Gene
Gene::7013,TERF1,Gene
Gene::7014,TERF2,Gene
Gene::7015,TERT,Gene
Gene::7016,TESK1,Gene
Gene::7018,TF,Gene
Gene::7019,TFAM,Gene
Gene::7020,TFAP2A,Gene
Gene::7021,TFAP2B,Gene
Gene::7022,TFAP2C,Gene
Gene::7024,TFCP2,Gene
Gene::7025,NR2F1,Gene
Gene::7027,TFDP1,Gene
Gene::7029,TFDP2,Gene
Gene::7030,TFE3,Gene
Gene::7031,TFF1,Gene
Gene::7032,TFF2,Gene
Gene::7033,TFF3,Gene
Gene::7035,TFPI,Gene
Gene::7036,TFR2,Gene
Gene::7037,TFRC,Gene
Gene::7038,TG,Gene
Gene::7039,TGFA,Gene
Gene::7040,TGFB1,Gene
Gene::7041,TGFB1I1,Gene
Gene::7042,TGFB2,Gene
Gene::7043,TGFB3,Gene
Gene::7044,LEFTY2,Gene
Gene::7045,TGFBI,Gene
Gene::7046,TGFBR1,Gene
Gene::7047,TGM4,Gene
Gene::7048,TGFBR2,Gene
Gene::7049,TGFBR3,Gene
Gene::705,BYSL,Gene
Gene::7050,TGIF1,Gene
Gene::7051,TGM1,Gene
Gene::7052,TGM2,Gene
Gene::7053,TGM3,Gene
Gene::7054,TH,Gene
Gene::7056,THBD,Gene
Gene::7057,THBS1,Gene
Gene::7058,THBS2,Gene
Gene::7059,THBS3,Gene
Gene::706,TSPO,Gene
Gene::7062,TCHH,Gene
Gene::7066,THPO,Gene
Gene::7067,THRA,Gene
Gene::7068,THRB,Gene
Gene::7070,THY1,Gene
Gene::7071,KLF10,Gene
Gene::7072,TIA1,Gene
Gene::7074,TIAM1,Gene
Gene::7075,TIE1,Gene
Gene::7076,TIMP1,Gene
Gene::7077,TIMP2,Gene
Gene::7078,TIMP3,Gene
Gene::7079,TIMP4,Gene
Gene::708,C1QBP,Gene
Gene::7080,NKX2-1,Gene
Gene::7082,TJP1,Gene
Gene::7083,TK1,Gene
Gene::7084,TK2,Gene
Gene::7086,TKT,Gene
Gene::7087,ICAM5,Gene
Gene::7088,TLE1,Gene
Gene::7089,TLE2,Gene
Gene::7090,TLE3,Gene
Gene::7091,TLE4,Gene
Gene::7092,TLL1,Gene
Gene::7094,TLN1,Gene
Gene::7095,SEC62,Gene
Gene::7096,TLR1,Gene
Gene::7097,TLR2,Gene
Gene::7098,TLR3,Gene
Gene::7099,TLR4,Gene
Gene::71,ACTG1,Gene
Gene::710,SERPING1,Gene
Gene::7100,TLR5,Gene
Gene::7102,TSPAN7,Gene
Gene::7103,TSPAN8,Gene
Gene::7105,TSPAN6,Gene
Gene::7106,TSPAN4,Gene
Gene::7107,GPR137B,Gene
Gene::7108,TM7SF2,Gene
Gene::7109,TRAPPC10,Gene
Gene::7110,TMF1,Gene
Gene::7111,TMOD1,Gene
Gene::7112,TMPO,Gene
Gene::7113,TMPRSS2,Gene
Gene::7114,TMSB4X,Gene
Gene::712,C1QA,Gene
Gene::7122,CLDN5,Gene
Gene::7123,CLEC3B,Gene
Gene::7124,TNF,Gene
Gene::7125,TNNC2,Gene
Gene::7127,TNFAIP2,Gene
Gene::7128,TNFAIP3,Gene
Gene::713,C1QB,Gene
Gene::7130,TNFAIP6,Gene
Gene::7132,TNFRSF1A,Gene
Gene::7133,TNFRSF1B,Gene
Gene::7134,TNNC1,Gene
Gene::7136,TNNI2,Gene
Gene::7137,TNNI3,Gene
Gene::7138,TNNT1,Gene
Gene::7139,TNNT2,Gene
Gene::714,C1QC,Gene
Gene::7140,TNNT3,Gene
Gene::7142,TNP2,Gene
Gene::7145,TNS1,Gene
Gene::7148,TNXB,Gene
Gene::715,C1R,Gene
Gene::7150,TOP1,Gene
Gene::7153,TOP2A,Gene
Gene::7155,TOP2B,Gene
Gene::7157,TP53,Gene
Gene::7158,TP53BP1,Gene
Gene::7159,TP53BP2,Gene
Gene::716,C1S,Gene
Gene::7161,TP73,Gene
Gene::7162,TPBG,Gene
Gene::7163,TPD52,Gene
Gene::7164,TPD52L1,Gene
Gene::7165,TPD52L2,Gene
Gene::7166,TPH1,Gene
Gene::7167,TPI1,Gene
Gene::7168,TPM1,Gene
Gene::7169,TPM2,Gene
Gene::717,C2,Gene
Gene::7170,TPM3,Gene
Gene::7171,TPM4,Gene
Gene::7172,TPMT,Gene
Gene::7173,TPO,Gene
Gene::7175,TPR,Gene
Gene::7177,TPSAB1,Gene
Gene::7178,TPT1,Gene
Gene::718,C3,Gene
Gene::7182,NR2C2,Gene
Gene::7184,HSP90B1,Gene
Gene::7185,TRAF1,Gene
Gene::7186,TRAF2,Gene
Gene::7187,TRAF3,Gene
Gene::7188,TRAF5,Gene
Gene::7189,TRAF6,Gene
Gene::719,C3AR1,Gene
Gene::72,ACTG2,Gene
Gene::720,C4A,Gene
Gene::7200,TRH,Gene
Gene::7201,TRHR,Gene
Gene::7203,CCT3,Gene
Gene::7204,TRIO,Gene
Gene::7205,TRIP6,Gene
Gene::721,C4B,Gene
Gene::7220,TRPC1,Gene
Gene::7222,TRPC3,Gene
Gene::7224,TRPC5,Gene
Gene::7225,TRPC6,Gene
Gene::7226,TRPM2,Gene
Gene::723790,HIST2H2AA4,Gene
Gene::723961,INS-IGF2,Gene
Gene::7247,TSN,Gene
Gene::7248,TSC1,Gene
Gene::7249,TSC2,Gene
Gene::725,C4BPB,Gene
Gene::7251,TSG101,Gene
Gene::7252,TSHB,Gene
Gene::7253,TSHR,Gene
Gene::7257,TSNAX,Gene
Gene::7259,TSPYL1,Gene
Gene::726,CAPN5,Gene
Gene::7262,PHLDA2,Gene
Gene::7263,TST,Gene
Gene::7264,TSTA3,Gene
Gene::7265,TTC1,Gene
Gene::7267,TTC3,Gene
Gene::7268,TTC4,Gene
Gene::727,C5,Gene
Gene::7270,TTF1,Gene
Gene::7272,TTK,Gene
Gene::7273,TTN,Gene
Gene::7274,TTPA,Gene
Gene::7275,TUB,Gene
Gene::7276,TTR,Gene
Gene::7277,TUBA4A,Gene
Gene::727830,SPATA31A3,Gene
Gene::727832,GOLGA6L6,Gene
Gene::727866,FAM156B,Gene
Gene::727897,MUC5B,Gene
Gene::727910,TLCD2,Gene
Gene::727940,RHOXF2B,Gene
Gene::727957,MROH1,Gene
Gene::728,C5AR1,Gene
Gene::7280,TUBB2A,Gene
Gene::728026,LOC728026,Gene
Gene::728118,NUTM2A,Gene
Gene::728224,KRTAP4-8,Gene
Gene::728239,MAGED4,Gene
Gene::728269,MAGEA9B,Gene
Gene::7283,TUBG1,Gene
Gene::728343,NXF2B,Gene
Gene::728378,POTEF,Gene
Gene::728392,LOC728392,Gene
Gene::7284,TUFM,Gene
Gene::728403,TSPY8,Gene
Gene::728441,GGT2,Gene
Gene::728489,DNLZ,Gene
Gene::728492,SERF1B,Gene
Gene::7286,TUFT1,Gene
Gene::728642,CDK11A,Gene
Gene::728661,SLC35E2B,Gene
Gene::728689,EIF3CL,Gene
Gene::7287,TULP1,Gene
Gene::728712,SPANXA2,Gene
Gene::728734,NPIPB8,Gene
Gene::728747,ANKRD20A4,Gene
Gene::7288,TULP2,Gene
Gene::728819,C1GALT1C1L,Gene
Gene::728841,NBPF8,Gene
Gene::7289,TULP3,Gene
Gene::728911,CT45A2,Gene
Gene::728929,TCEB3CL,Gene
Gene::729,C6,Gene
Gene::729092,AGAP5,Gene
Gene::7291,TWIST1,Gene
Gene::7292,TNFSF4,Gene
Gene::729230,CCR2,Gene
Gene::729238,SFTPA2,Gene
Gene::729288,ZNF286B,Gene
Gene::7293,TNFRSF4,Gene
Gene::7294,TXK,Gene
Gene::7295,TXN,Gene
Gene::729515,TMEM242,Gene
Gene::729533,FAM72A,Gene
Gene::729540,RGPD6,Gene
Gene::729597,SPDYE6,Gene
Gene::7296,TXNRD1,Gene
Gene::7297,TYK2,Gene
Gene::7298,TYMS,Gene
Gene::729857,RGPD2,Gene
Gene::729877,TBC1D3H,Gene
Gene::7299,TYR,Gene
Gene::729920,ISPD,Gene
Gene::730,C7,Gene
Gene::730094,C16orf52,Gene
Gene::7301,TYRO3,Gene
Gene::730130,TMEM229A,Gene
Gene::730249,IRG1,Gene
Gene::730394,GTF2H2C_2,Gene
Gene::7305,TYROBP,Gene
Gene::7306,TYRP1,Gene
Gene::7307,U2AF1,Gene
Gene::731,C8A,Gene
Gene::7311,UBA52,Gene
Gene::7314,UBB,Gene
Gene::7316,UBC,Gene
Gene::7318,UBA7,Gene
Gene::7319,UBE2A,Gene
Gene::732,C8B,Gene
Gene::7320,UBE2B,Gene
Gene::7321,UBE2D1,Gene
Gene::7323,UBE2D3,Gene
Gene::7324,UBE2E1,Gene
Gene::7325,UBE2E2,Gene
Gene::7326,UBE2G1,Gene
Gene::7327,UBE2G2,Gene
Gene::7328,UBE2H,Gene
Gene::7329,UBE2I,Gene
Gene::7332,UBE2L3,Gene
Gene::7334,UBE2N,Gene
Gene::7336,UBE2V2,Gene
Gene::7337,UBE3A,Gene
Gene::7341,SUMO1,Gene
Gene::7342,UBP1,Gene
Gene::7343,UBTF,Gene
Gene::7345,UCHL1,Gene
Gene::7347,UCHL3,Gene
Gene::7348,UPK1B,Gene
Gene::7349,UCN,Gene
Gene::735,C9,Gene
Gene::7350,UCP1,Gene
Gene::7351,UCP2,Gene
Gene::7352,UCP3,Gene
Gene::7353,UFD1L,Gene
Gene::7355,SLC35A2,Gene
Gene::7356,SCGB1A1,Gene
Gene::7357,UGCG,Gene
Gene::7358,UGDH,Gene
Gene::7360,UGP2,Gene
Gene::7363,UGT2B4,Gene
Gene::7364,UGT2B7,Gene
Gene::7365,UGT2B10,Gene
Gene::7366,UGT2B15,Gene
Gene::7367,UGT2B17,Gene
Gene::7368,UGT8,Gene
Gene::7369,UMOD,Gene
Gene::7371,UCK2,Gene
Gene::7372,UMPS,Gene
Gene::7373,COL14A1,Gene
Gene::7374,UNG,Gene
Gene::7375,USP4,Gene
Gene::7376,NR1H2,Gene
Gene::7378,UPP1,Gene
Gene::7379,UPK2,Gene
Gene::738,VPS51,Gene
Gene::7380,UPK3A,Gene
Gene::7381,UQCRB,Gene
Gene::7384,UQCRC1,Gene
Gene::7385,UQCRC2,Gene
Gene::7386,UQCRFS1,Gene
Gene::7389,UROD,Gene
Gene::7390,UROS,Gene
Gene::7391,USF1,Gene
Gene::7392,USF2,Gene
Gene::7398,USP1,Gene
Gene::740,MRPL49,Gene
Gene::7402,UTRN,Gene
Gene::7403,KDM6A,Gene
Gene::7405,UVRAG,Gene
Gene::7407,VARS,Gene
Gene::7408,VASP,Gene
Gene::7409,VAV1,Gene
Gene::741,ZNHIT2,Gene
Gene::7410,VAV2,Gene
Gene::7412,VCAM1,Gene
Gene::7414,VCL,Gene
Gene::7415,VCP,Gene
Gene::7416,VDAC1,Gene
Gene::7417,VDAC2,Gene
Gene::7419,VDAC3,Gene
Gene::7421,VDR,Gene
Gene::7422,VEGFA,Gene
Gene::7423,VEGFB,Gene
Gene::7424,VEGFC,Gene
Gene::7425,VGF,Gene
Gene::7428,VHL,Gene
Gene::7429,VIL1,Gene
Gene::7430,EZR,Gene
Gene::7431,VIM,Gene
Gene::7432,VIP,Gene
Gene::7433,VIPR1,Gene
Gene::7434,VIPR2,Gene
Gene::7436,VLDLR,Gene
Gene::7439,BEST1,Gene
Gene::744,MPPED2,Gene
Gene::7441,VPREB1,Gene
Gene::7442,TRPV1,Gene
Gene::7443,VRK1,Gene
Gene::7444,VRK2,Gene
Gene::7447,VSNL1,Gene
Gene::745,MYRF,Gene
Gene::7450,VWF,Gene
Gene::7453,WARS,Gene
Gene::7456,WIPF1,Gene
Gene::7458,EIF4H,Gene
Gene::746,TMEM258,Gene
Gene::7461,CLIP2,Gene
Gene::7462,LAT2,Gene
Gene::7464,CORO2A,Gene
Gene::7465,WEE1,Gene
Gene::7466,WFS1,Gene
Gene::7468,WHSC1,Gene
Gene::7469,NELFA,Gene
Gene::747,DAGLA,Gene
Gene::7471,WNT1,Gene
Gene::7472,WNT2,Gene
Gene::7473,WNT3,Gene
Gene::7474,WNT5A,Gene
Gene::7476,WNT7A,Gene
Gene::7480,WNT10B,Gene
Gene::7481,WNT11,Gene
Gene::7484,WNT9B,Gene
Gene::7485,WRB,Gene
Gene::7486,WRN,Gene
Gene::7490,WT1,Gene
Gene::7494,XBP1,Gene
Gene::7498,XDH,Gene
Gene::7499,XG,Gene
Gene::7507,XPA,Gene
Gene::7508,XPC,Gene
Gene::751071,METTL12,Gene
Gene::7511,XPNPEP1,Gene
Gene::7514,XPO1,Gene
Gene::7515,XRCC1,Gene
Gene::7516,XRCC2,Gene
Gene::7517,XRCC3,Gene
Gene::7518,XRCC4,Gene
Gene::752,FMNL1,Gene
Gene::7520,XRCC5,Gene
Gene::752014,CEMP1,Gene
Gene::7525,YES1,Gene
Gene::7528,YY1,Gene
Gene::7529,YWHAB,Gene
Gene::753,LDLRAD4,Gene
Gene::7531,YWHAE,Gene
Gene::7532,YWHAG,Gene
Gene::7533,YWHAH,Gene
Gene::7534,YWHAZ,Gene
Gene::7535,ZAP70,Gene
Gene::7536,SF1,Gene
Gene::7538,ZFP36,Gene
Gene::7539,ZFP37,Gene
Gene::754,PTTG1IP,Gene
Gene::7541,ZBTB14,Gene
Gene::7542,ZFPL1,Gene
Gene::7543,ZFX,Gene
Gene::7544,ZFY,Gene
Gene::7546,ZIC2,Gene
Gene::7547,ZIC3,Gene
Gene::7549,ZNF2,Gene
Gene::755,C21orf2,Gene
Gene::7551,ZNF3,Gene
Gene::7554,ZNF8,Gene
Gene::7555,CNBP,Gene
Gene::7559,ZNF12,Gene
Gene::7568,ZNF20,Gene
Gene::7569,ZNF182,Gene
Gene::7570,ZNF22,Gene
Gene::7571,ZNF23,Gene
Gene::7572,ZNF24,Gene
Gene::7580,ZNF32,Gene
Gene::7581,ZNF33A,Gene
Gene::7582,ZNF33B,Gene
Gene::7584,ZNF35,Gene
Gene::7586,ZKSCAN1,Gene
Gene::759,CA1,Gene
Gene::7592,ZNF41,Gene
Gene::7593,MZF1,Gene
Gene::7594,ZNF43,Gene
Gene::7596,ZNF45,Gene
Gene::760,CA2,Gene
Gene::761,CA3,Gene
Gene::762,CA4,Gene
Gene::7626,ZNF75D,Gene
Gene::763,CA5A,Gene
Gene::7637,ZNF84,Gene
Gene::7638,ZNF221,Gene
Gene::7639,ZNF85,Gene
Gene::7643,ZNF90,Gene
Gene::7644,ZNF91,Gene
Gene::765,CA6,Gene
Gene::766,CA7,Gene
Gene::767,CA8,Gene
Gene::7673,ZNF222,Gene
Gene::7678,ZNF124,Gene
Gene::768,CA9,Gene
Gene::768206,PRCD,Gene
Gene::768211,RELL1,Gene
Gene::7690,ZNF131,Gene
Gene::7693,ZNF134,Gene
Gene::7699,ZNF140,Gene
Gene::770,CA11,Gene
Gene::7700,ZNF141,Gene
Gene::7702,ZNF143,Gene
Gene::7703,PCGF2,Gene
Gene::7704,ZBTB16,Gene
Gene::7705,ZNF146,Gene
Gene::7706,TRIM25,Gene
Gene::7707,ZNF148,Gene
Gene::7709,ZBTB17,Gene
Gene::771,CA12,Gene
Gene::7711,ZNF155,Gene
Gene::7716,VEZF1,Gene
Gene::7718,ZNF165,Gene
Gene::7726,TRIM26,Gene
Gene::7728,ZNF175,Gene
Gene::773,CACNA1A,Gene
Gene::7730,ZNF177,Gene
Gene::7733,ZNF180,Gene
Gene::7737,RNF113A,Gene
Gene::7738,ZNF184,Gene
Gene::7739,ZNF185,Gene
Gene::774,CACNA1B,Gene
Gene::7741,ZSCAN26,Gene
Gene::7743,ZNF189,Gene
Gene::7746,ZSCAN9,Gene
Gene::7748,ZNF195,Gene
Gene::775,CACNA1C,Gene
Gene::7750,ZMYM2,Gene
Gene::7752,ZNF200,Gene
Gene::7753,ZNF202,Gene
Gene::7755,ZNF205,Gene
Gene::7756,ZNF207,Gene
Gene::776,CACNA1D,Gene
Gene::7762,ZNF215,Gene
Gene::7763,ZFAND5,Gene
Gene::7764,ZNF217,Gene
Gene::7767,ZNF224,Gene
Gene::7768,ZNF225,Gene
Gene::7769,ZNF226,Gene
Gene::777,CACNA1E,Gene
Gene::7775,ZNF232,Gene
Gene::7779,SLC30A1,Gene
Gene::778,CACNA1F,Gene
Gene::7780,SLC30A2,Gene
Gene::7782,SLC30A4,Gene
Gene::7784,ZP3,Gene
Gene::7786,MAP3K12,Gene
Gene::779,CACNA1S,Gene
Gene::7791,ZYX,Gene
Gene::7798,LUZP1,Gene
Gene::7799,PRDM2,Gene
Gene::780,DDR1,Gene
Gene::7802,DNALI1,Gene
Gene::7803,PTP4A1,Gene
Gene::7804,LRP8,Gene
Gene::7805,LAPTM5,Gene
Gene::7809,BSND,Gene
Gene::781,CACNA2D1,Gene
Gene::7812,CSDE1,Gene
Gene::7813,EVI5,Gene
Gene::7818,DAP3,Gene
Gene::782,CACNB1,Gene
Gene::7827,NPHS2,Gene
Gene::783,CACNB2,Gene
Gene::7832,BTG2,Gene
Gene::7837,PXDN,Gene
Gene::784,CACNB3,Gene
Gene::7840,ALMS1,Gene
Gene::7841,MOGS,Gene
Gene::7844,RNF103,Gene
Gene::7846,TUBA1A,Gene
Gene::7849,PAX8,Gene
Gene::785,CACNB4,Gene
Gene::7850,IL1R2,Gene
Gene::7851,MALL,Gene
Gene::7852,CXCR4,Gene
Gene::7855,FZD5,Gene
Gene::7857,SCG2,Gene
Gene::786,CACNG1,Gene
Gene::7862,BRPF1,Gene
Gene::7866,IFRD2,Gene
Gene::7867,MAPKAPK3,Gene
Gene::7869,SEMA3B,Gene
Gene::7873,MANF,Gene
Gene::7874,USP7,Gene
Gene::7879,RAB7A,Gene
Gene::788,SLC25A20,Gene
Gene::7881,KCNAB1,Gene
Gene::7884,SLBP,Gene
Gene::78986,DUSP26,Gene
Gene::78987,CRELD1,Gene
Gene::78988,MRPL57,Gene
Gene::78991,PCYOX1L,Gene
Gene::78994,PRR14,Gene
Gene::78996,C7orf49,Gene
Gene::790,CAD,Gene
Gene::79000,AUNIP,Gene
Gene::79001,VKORC1,Gene
Gene::79003,MIS12,Gene
Gene::79004,CUEDC2,Gene
Gene::79006,METRN,Gene
Gene::79007,DBNDD1,Gene
Gene::79008,SLX1B,Gene
Gene::79009,DDX50,Gene
Gene::79012,CAMKV,Gene
Gene::79016,DDA1,Gene
Gene::79017,GGCT,Gene
Gene::79019,CENPM,Gene
Gene::79020,C7orf25,Gene
Gene::79022,TMEM106C,Gene
Gene::79023,NUP37,Gene
Gene::79026,AHNAK,Gene
Gene::79027,ZNF655,Gene
Gene::79029,SPATA5L1,Gene
Gene::7903,ST8SIA4,Gene
Gene::79033,ERI3,Gene
Gene::79035,NABP2,Gene
Gene::79038,ZFYVE21,Gene
Gene::79039,DDX54,Gene
Gene::79042,TSEN34,Gene
Gene::79047,KCTD15,Gene
Gene::79048,SECISBP2,Gene
Gene::7905,REEP5,Gene
Gene::79050,NOC4L,Gene
Gene::79053,ALG8,Gene
Gene::79054,TRPM8,Gene
Gene::79056,PRRG4,Gene
Gene::79057,PRRG3,Gene
Gene::79058,ASPSCR1,Gene
Gene::79064,TMEM223,Gene
Gene::79065,ATG9A,Gene
Gene::79068,FTO,Gene
Gene::79071,ELOVL6,Gene
Gene::79072,FASTKD3,Gene
Gene::79073,TMEM109,Gene
Gene::79074,C2orf49,Gene
Gene::79075,DSCC1,Gene
Gene::79077,DCTPP1,Gene
Gene::79078,C1orf50,Gene
Gene::79080,CCDC86,Gene
Gene::79081,LBHD1,Gene
Gene::79083,MLPH,Gene
Gene::79084,WDR77,Gene
Gene::79085,SLC25A23,Gene
Gene::79086,SMIM7,Gene
Gene::79089,TMUB2,Gene
Gene::79090,TRAPPC6A,Gene
Gene::79091,METTL22,Gene
Gene::79092,CARD14,Gene
Gene::79094,CHAC1,Gene
Gene::79095,C9orf16,Gene
Gene::79096,C11orf49,Gene
Gene::79098,C1orf116,Gene
Gene::79101,TAF1D,Gene
Gene::79109,MAPKAP1,Gene
Gene::7913,DEK,Gene
Gene::79132,DHX58,Gene
Gene::79134,TMEM185B,Gene
Gene::79135,APOO,Gene
Gene::79139,DERL1,Gene
Gene::79140,CCDC28B,Gene
Gene::79143,MBOAT7,Gene
Gene::79144,PPDPF,Gene
Gene::79145,CHCHD7,Gene
Gene::79148,MMP28,Gene
Gene::7915,ALDH5A1,Gene
Gene::79152,FA2H,Gene
Gene::79153,GDPD3,Gene
Gene::79154,DHRS11,Gene
Gene::79155,TNIP2,Gene
Gene::79156,PLEKHF1,Gene
Gene::79157,MFSD11,Gene
Gene::79158,GNPTAB,Gene
Gene::79159,NOL12,Gene
Gene::79161,TMEM243,Gene
Gene::79168,LILRA6,Gene
Gene::79169,C1orf35,Gene
Gene::7917,BAG6,Gene
Gene::79170,PRR15L,Gene
Gene::79173,C19orf57,Gene
Gene::79174,CRELD2,Gene
Gene::79175,ZNF343,Gene
Gene::79176,FBXL15,Gene
Gene::79177,ZNF576,Gene
Gene::79178,THTPA,Gene
Gene::79180,EFHD2,Gene
Gene::79184,BRCC3,Gene
Gene::79187,FSD1,Gene
Gene::79188,TMEM43,Gene
Gene::7919,DDX39B,Gene
Gene::79190,IRX6,Gene
Gene::79191,IRX3,Gene
Gene::79192,IRX1,Gene
Gene::7920,ABHD16A,Gene
Gene::7922,SLC39A7,Gene
Gene::79228,THOC6,Gene
Gene::7923,HSD17B8,Gene
Gene::79258,MMEL1,Gene
Gene::793,CALB1,Gene
Gene::79345,OR51B2,Gene
Gene::7936,NELFE,Gene
Gene::79364,ZXDC,Gene
Gene::79365,BHLHE41,Gene
Gene::79366,HMGN5,Gene
Gene::794,CALB2,Gene
Gene::7940,LST1,Gene
Gene::7941,PLA2G7,Gene
Gene::79411,GLB1L,Gene
Gene::79412,KREMEN2,Gene
Gene::79413,ZBED2,Gene
Gene::79414,LRFN3,Gene
Gene::79415,C17orf62,Gene
Gene::7942,TFEB,Gene
Gene::79441,HAUS3,Gene
Gene::79443,FYCO1,Gene
Gene::79444,BIRC7,Gene
Gene::79447,PAGR1,Gene
Gene::79465,ULBP3,Gene
Gene::79544,OR4K1,Gene
Gene::79567,FAM65A,Gene
Gene::79568,C2orf47,Gene
Gene::7957,EPM2A,Gene
Gene::79571,GCC1,Gene
Gene::79572,ATP13A3,Gene
Gene::79573,TTC13,Gene
Gene::79574,EPS8L3,Gene
Gene::79577,CDC73,Gene
Gene::79581,SLC52A2,Gene
Gene::79582,SPAG16,Gene
Gene::79583,TMEM231,Gene
Gene::79585,CORO7,Gene
Gene::79586,CHPF,Gene
Gene::79587,CARS2,Gene
Gene::79589,RNF128,Gene
Gene::79590,MRPL24,Gene
Gene::79591,C10orf76,Gene
Gene::79595,SAP130,Gene
Gene::796,CALCA,Gene
Gene::79600,TCTN1,Gene
Gene::79602,ADIPOR2,Gene
Gene::79603,CERS4,Gene
Gene::79605,PGBD5,Gene
Gene::79607,FAM118B,Gene
Gene::79608,RIC3,Gene
Gene::79609,VCPKMT,Gene
Gene::79611,ACSS3,Gene
Gene::79612,NAA16,Gene
Gene::79613,TANGO6,Gene
Gene::79618,HMBOX1,Gene
Gene::79622,SNRNP25,Gene
Gene::79623,GALNT14,Gene
Gene::79624,ARMT1,Gene
Gene::79625,NDNF,Gene
Gene::79626,TNFAIP8L2,Gene
Gene::79627,OGFRL1,Gene
Gene::79629,OCEL1,Gene
Gene::79630,C1orf54,Gene
Gene::79632,FAM184A,Gene
Gene::79633,FAT4,Gene
Gene::79635,CCDC121,Gene
Gene::79637,ARMC7,Gene
Gene::79640,C22orf46,Gene
Gene::79641,ROGDI,Gene
Gene::79642,ARSJ,Gene
Gene::79643,CHMP6,Gene
Gene::79646,PANK3,Gene
Gene::79647,AKIRIN1,Gene
Gene::79649,MAP7D3,Gene
Gene::7965,AIMP2,Gene
Gene::79651,RHBDF2,Gene
Gene::79652,TMEM204,Gene
Gene::79654,HECTD3,Gene
Gene::79656,BEND5,Gene
Gene::79657,RPAP3,Gene
Gene::79658,ARHGAP10,Gene
Gene::79659,DYNC2H1,Gene
Gene::79660,PPP1R3B,Gene
Gene::79661,NEIL1,Gene
Gene::79663,HSPBAP1,Gene
Gene::79664,ICE2,Gene
Gene::79665,DHX40,Gene
Gene::79666,PLEKHF2,Gene
Gene::79668,PARP8,Gene
Gene::79669,C3orf52,Gene
Gene::79670,ZCCHC6,Gene
Gene::79671,NLRX1,Gene
Gene::79672,FN3KRP,Gene
Gene::79673,ZNF329,Gene
Gene::79674,VEPH1,Gene
Gene::79675,FASTKD1,Gene
Gene::79676,OGFOD2,Gene
Gene::79682,CENPU,Gene
Gene::79684,MSANTD2,Gene
Gene::79685,SAP30L,Gene
Gene::79692,ZNF322,Gene
Gene::79693,YRDC,Gene
Gene::79694,MANEA,Gene
Gene::79695,GALNT12,Gene
Gene::79696,ZC2HC1C,Gene
Gene::79697,C14orf169,Gene
Gene::79698,ZMAT4,Gene
Gene::797,CALCB,Gene
Gene::79701,OGFOD3,Gene
Gene::79705,LRRK1,Gene
Gene::79706,PRKRIP1,Gene
Gene::79707,NOL9,Gene
Gene::79709,COLGALT1,Gene
Gene::79710,MORC4,Gene
Gene::79711,IPO4,Gene
Gene::79712,GTDC1,Gene
Gene::79713,IGFLR1,Gene
Gene::79714,CCDC51,Gene
Gene::79716,NPEPL1,Gene
Gene::79717,PPCS,Gene
Gene::79718,TBL1XR1,Gene
Gene::79719,AAGAB,Gene
Gene::79720,VPS37B,Gene
Gene::79722,ANKRD55,Gene
Gene::79726,WDR59,Gene
Gene::79728,PALB2,Gene
Gene::79729,SH3D21,Gene
Gene::79730,NSUN7,Gene
Gene::79731,NARS2,Gene
Gene::79733,E2F8,Gene
Gene::79735,TBC1D17,Gene
Gene::79736,TEFM,Gene
Gene::79738,BBS10,Gene
Gene::79740,ZBBX,Gene
Gene::79741,CCDC7,Gene
Gene::79742,CXorf36,Gene
Gene::79744,ZNF419,Gene
Gene::79745,CLIP4,Gene
Gene::79746,ECHDC3,Gene
Gene::7975,MAFK,Gene
Gene::79750,ZNF385D,Gene
Gene::79751,SLC25A22,Gene
Gene::79752,ZFAND1,Gene
Gene::79753,SNIP1,Gene
Gene::79754,ASB13,Gene
Gene::79755,ZNF750,Gene
Gene::79758,DHRS12,Gene
Gene::79759,ZNF668,Gene
Gene::7976,FZD3,Gene
Gene::79760,GEMIN7,Gene
Gene::79762,C1orf115,Gene
Gene::79763,ISOC2,Gene
Gene::79770,TXNDC15,Gene
Gene::79772,MCTP1,Gene
Gene::79774,GRTP1,Gene
Gene::79777,ACBD4,Gene
Gene::79778,MICALL2,Gene
Gene::7978,MTERF1,Gene
Gene::79781,IQCA1,Gene
Gene::79782,LRRC31,Gene
Gene::79783,SUGCT,Gene
Gene::79784,MYH14,Gene
Gene::79785,RERGL,Gene
Gene::79786,KLHL36,Gene
Gene::79789,CLMN,Gene
Gene::7979,SHFM1,Gene
Gene::79791,FBXO31,Gene
Gene::79797,ZNF408,Gene
Gene::79799,UGT2A3,Gene
Gene::7980,TFPI2,Gene
Gene::79800,CARF,Gene
Gene::79801,SHCBP1,Gene
Gene::79803,HPS6,Gene
Gene::79807,GSTCD,Gene
Gene::79809,TTC21B,Gene
Gene::79811,SLTM,Gene
Gene::79812,MMRN2,Gene
Gene::79813,EHMT1,Gene
Gene::79814,AGMAT,Gene
Gene::79817,MOB3B,Gene
Gene::79818,ZNF552,Gene
Gene::7982,ST7,Gene
Gene::79822,ARHGAP28,Gene
Gene::79828,METTL8,Gene
Gene::79829,NAA40,Gene
Gene::79831,KDM8,Gene
Gene::79832,QSER1,Gene
Gene::79833,GEMIN6,Gene
Gene::79834,PEAK1,Gene
Gene::79836,LONRF3,Gene
Gene::79837,PIP4K2C,Gene
Gene::79838,TMC5,Gene
Gene::79839,CCDC102B,Gene
Gene::7984,ARHGEF5,Gene
Gene::79840,NHEJ1,Gene
Gene::79841,AGBL2,Gene
Gene::79842,ZBTB3,Gene
Gene::79843,FAM124B,Gene
Gene::79844,ZDHHC11,Gene
Gene::79847,TMEM180,Gene
Gene::79848,CSPP1,Gene
Gene::79849,PDZD3,Gene
Gene::79850,FAM57A,Gene
Gene::79852,EPHX3,Gene
Gene::79858,NEK11,Gene
Gene::79861,TUBAL3,Gene
Gene::79863,RBFA,Gene
Gene::79864,C11orf63,Gene
Gene::79866,BORA,Gene
Gene::79867,TCTN2,Gene
Gene::79868,ALG13,Gene
Gene::79869,CPSF7,Gene
Gene::79870,BAALC,Gene
Gene::79871,RPAP2,Gene
Gene::79872,CBLL1,Gene
Gene::79873,NUDT18,Gene
Gene::79874,RABEP2,Gene
Gene::79875,THSD4,Gene
Gene::79879,CCDC134,Gene
Gene::7988,ZNF212,Gene
Gene::79882,ZC3H14,Gene
Gene::79883,PODNL1,Gene
Gene::79884,MAP9,Gene
Gene::79885,HDAC11,Gene
Gene::79887,PLBD1,Gene
Gene::79888,LPCAT1,Gene
Gene::79890,RIN3,Gene
Gene::79891,ZNF671,Gene
Gene::79892,MCMBP,Gene
Gene::79893,GGNBP2,Gene
Gene::79894,ZNF672,Gene
Gene::79896,THNSL1,Gene
Gene::79897,RPP21,Gene
Gene::799,CALCR,Gene
Gene::79901,CYBRD1,Gene
Gene::79902,NUP85,Gene
Gene::79905,TMC7,Gene
Gene::79906,MORN1,Gene
Gene::7991,TUSC3,Gene
Gene::79912,PYROXD1,Gene
Gene::79915,ATAD5,Gene
Gene::79917,MAGIX,Gene
Gene::79918,SETD6,Gene
Gene::79921,TCEAL4,Gene
Gene::79923,NANOG,Gene
Gene::79924,ADM2,Gene
Gene::79925,SPEF2,Gene
Gene::79929,MAP6D1,Gene
Gene::7993,UBXN8,Gene
Gene::79931,TNIP3,Gene
Gene::79932,KIAA0319L,Gene
Gene::79934,ADCK4,Gene
Gene::79935,CNTD2,Gene
Gene::79937,CNTNAP3,Gene
Gene::7994,KAT6A,Gene
Gene::79944,L2HGDH,Gene
Gene::79947,DHDDS,Gene
Gene::79953,SYNDIG1,Gene
Gene::79956,ERMP1,Gene
Gene::79958,DENND1C,Gene
Gene::79959,CEP76,Gene
Gene::79960,JADE1,Gene
Gene::79961,DENND2D,Gene
Gene::79966,SCD5,Gene
Gene::79968,WDR76,Gene
Gene::79971,WLS,Gene
Gene::79973,ZNF442,Gene
Gene::79974,CPED1,Gene
Gene::79977,GRHL2,Gene
Gene::79980,DSN1,Gene
Gene::79981,FRMD1,Gene
Gene::79987,SVEP1,Gene
Gene::79991,OBFC1,Gene
Gene::79999,LOC79999,Gene
Gene::800,CALD1,Gene
Gene::8000,PSCA,Gene
Gene::80000,GREB1L,Gene
Gene::80004,ESRP2,Gene
Gene::80005,DOCK5,Gene
Gene::80008,TMEM156,Gene
Gene::8001,GLRA3,Gene
Gene::80010,RMI1,Gene
Gene::80011,FAM192A,Gene
Gene::80012,PHC3,Gene
Gene::80013,FAM188A,Gene
Gene::80014,WWC2,Gene
Gene::80017,C14orf159,Gene
Gene::80020,FOXRED2,Gene
Gene::80021,TMEM62,Gene
Gene::80022,MYO15B,Gene
Gene::80025,PANK2,Gene
Gene::80034,CSRNP3,Gene
Gene::80036,TRPM3,Gene
Gene::80055,PGAP1,Gene
Gene::80070,ADAMTS20,Gene
Gene::80071,CCDC15,Gene
Gene::80097,MZT2B,Gene
Gene::801,CALM1,Gene
Gene::80108,ZFP2,Gene
Gene::80114,BICC1,Gene
Gene::80117,ARL14,Gene
Gene::80119,PIF1,Gene
Gene::80122,MAP3K19,Gene
Gene::80124,VCPIP1,Gene
Gene::80127,CCDC176,Gene
Gene::8013,NR4A3,Gene
Gene::80133,MROH9,Gene
Gene::80135,RPF1,Gene
Gene::80139,ZNF703,Gene
Gene::80142,PTGES2,Gene
Gene::80145,THOC7,Gene
Gene::80146,UXS1,Gene
Gene::80148,PQLC1,Gene
Gene::80149,ZC3H12A,Gene
Gene::80150,ASRGL1,Gene
Gene::80152,CENPT,Gene
Gene::80155,NAA15,Gene
Gene::80157,CWH43,Gene
Gene::80162,ATHL1,Gene
Gene::80167,C4orf29,Gene
Gene::80173,IFT74,Gene
Gene::80176,SPSB1,Gene
Gene::80177,MYCT1,Gene
Gene::80178,C16orf59,Gene
Gene::80183,KIAA0226L,Gene
Gene::80185,TTI2,Gene
Gene::8019,BRD3,Gene
Gene::80194,TMEM134,Gene
Gene::80195,TMEM254,Gene
Gene::80198,MUS81,Gene
Gene::80204,FBXO11,Gene
Gene::80205,CHD9,Gene
Gene::80206,FHOD3,Gene
Gene::80207,OPA3,Gene
Gene::80208,SPG11,Gene
Gene::80209,PROSER1,Gene
Gene::8021,NUP214,Gene
Gene::80210,ARMC9,Gene
Gene::80212,CCDC92,Gene
Gene::80213,TM2D3,Gene
Gene::80216,ALPK1,Gene
Gene::80217,CFAP43,Gene
Gene::80218,NAA50,Gene
Gene::80219,COQ10B,Gene
Gene::80221,ACSF2,Gene
Gene::80222,TARS2,Gene
Gene::80223,RAB11FIP1,Gene
Gene::80224,NUBPL,Gene
Gene::80227,PAAF1,Gene
Gene::80228,ORAI2,Gene
Gene::80230,RUFY1,Gene
Gene::80231,CXorf21,Gene
Gene::80232,WDR26,Gene
Gene::80233,FAAP100,Gene
Gene::80235,PIGZ,Gene
Gene::80237,ELL3,Gene
Gene::80254,CEP63,Gene
Gene::80256,FAM214B,Gene
Gene::80258,EFHC2,Gene
Gene::80262,C16orf70,Gene
Gene::80264,ZNF430,Gene
Gene::80267,EDEM3,Gene
Gene::8027,STAM,Gene
Gene::80271,ITPKC,Gene
Gene::80273,GRPEL1,Gene
Gene::80279,CDK5RAP3,Gene
Gene::8028,MLLT10,Gene
Gene::8029,CUBN,Gene
Gene::80298,MTERF2,Gene
Gene::8030,CCDC6,Gene
Gene::80301,PLEKHO2,Gene
Gene::80303,EFHD1,Gene
Gene::80304,C2orf44,Gene
Gene::80306,MED28,Gene
Gene::80308,FLAD1,Gene
Gene::8031,NCOA4,Gene
Gene::80310,PDGFD,Gene
Gene::80312,TET1,Gene
Gene::80314,EPC1,Gene
Gene::80315,CPEB4,Gene
Gene::80318,GKAP1,Gene
Gene::80319,CXXC4,Gene
Gene::80320,SP6,Gene
Gene::80321,CEP70,Gene
Gene::80323,CCDC68,Gene
Gene::80324,PUS1,Gene
Gene::80325,ABTB1,Gene
Gene::80326,WNT10A,Gene
Gene::80328,ULBP2,Gene
Gene::80332,ADAM33,Gene
Gene::80335,WDR82,Gene
Gene::80336,PABPC1L,Gene
Gene::80339,PNPLA3,Gene
Gene::8034,SLC25A16,Gene
Gene::80341,BPIFB2,Gene
Gene::80342,TRAF3IP3,Gene
Gene::80344,DCAF11,Gene
Gene::80345,ZSCAN16,Gene
Gene::80346,REEP4,Gene
Gene::80347,COASY,Gene
Gene::80349,WDR61,Gene
Gene::80351,TNKS2,Gene
Gene::80352,RNF39,Gene
Gene::8036,SHOC2,Gene
Gene::8038,ADAM12,Gene
Gene::80381,CD276,Gene
Gene::8045,RASSF7,Gene
Gene::8048,CSRP3,Gene
Gene::805,CALM2,Gene
Gene::8050,PDHX,Gene
Gene::8061,FOSL1,Gene
Gene::8065,CUL5,Gene
Gene::80700,UBXN6,Gene
Gene::80704,SLC19A3,Gene
Gene::80723,SLC35G2,Gene
Gene::80724,ACAD10,Gene
Gene::80726,KIAA1683,Gene
Gene::80728,ARHGAP39,Gene
Gene::8073,PTP4A2,Gene
Gene::80736,SLC44A4,Gene
Gene::8074,FGF23,Gene
Gene::80742,PRR3,Gene
Gene::80745,THUMPD2,Gene
Gene::80746,TSEN2,Gene
Gene::80755,AARSD1,Gene
Gene::80757,TMEM121,Gene
Gene::80758,PRR7,Gene
Gene::8076,MFAP5,Gene
Gene::80760,ITIH5,Gene
Gene::80761,UPK3B,Gene
Gene::80762,NDFIP1,Gene
Gene::80763,SPX,Gene
Gene::80764,THAP7,Gene
Gene::80772,CPTP,Gene
Gene::80774,LIMD2,Gene
Gene::80775,TMEM177,Gene
Gene::80776,B9D2,Gene
Gene::80777,CYB5B,Gene
Gene::80778,ZNF34,Gene
Gene::80781,COL18A1,Gene
Gene::80789,INTS5,Gene
Gene::8079,MLF2,Gene
Gene::80790,CMIP,Gene
Gene::808,CALM3,Gene
Gene::80821,DDHD1,Gene
Gene::80823,BHLHB9,Gene
Gene::80824,DUSP16,Gene
Gene::80829,ZFP91,Gene
Gene::80830,APOL6,Gene
Gene::80831,APOL5,Gene
Gene::80833,APOL3,Gene
Gene::80834,TAS1R2,Gene
Gene::80835,TAS1R1,Gene
Gene::8085,KMT2D,Gene
Gene::80853,KDM7A,Gene
Gene::8086,AAAS,Gene
Gene::80864,EGFL8,Gene
Gene::8087,FXR1,Gene
Gene::8089,YEATS4,Gene
Gene::80896,NPL,Gene
Gene::8091,HMGA2,Gene
Gene::8099,CDK2AP1,Gene
Gene::81,ACTN4,Gene
Gene::810,CALML3,Gene
Gene::8100,IFT88,Gene
Gene::81027,TUBB1,Gene
Gene::81029,WNT5B,Gene
Gene::81030,ZBP1,Gene
Gene::81031,SLC2A10,Gene
Gene::81033,KCNH6,Gene
Gene::81034,SLC25A32,Gene
Gene::81035,COLEC12,Gene
Gene::81037,CLPTM1L,Gene
Gene::8106,PABPN1,Gene
Gene::811,CALR,Gene
Gene::8110,DPF3,Gene
Gene::8111,GPR68,Gene
Gene::81127,OR4K15,Gene
Gene::8115,TCL1A,Gene
Gene::8125,ANP32A,Gene
Gene::8128,ST8SIA2,Gene
Gene::81285,OR51E2,Gene
Gene::813,CALU,Gene
Gene::8131,NPRL3,Gene
Gene::81318,OR4A5,Gene
Gene::81328,OR4A15,Gene
Gene::8139,GAN,Gene
Gene::81399,OR4F16,Gene
Gene::814,CAMK4,Gene
Gene::8140,SLC7A5,Gene
Gene::8148,TAF15,Gene
Gene::81490,PTDSS2,Gene
Gene::81491,GPR63,Gene
Gene::81494,CFHR5,Gene
Gene::815,CAMK2A,Gene
Gene::81501,DCSTAMP,Gene
Gene::81502,HM13,Gene
Gene::81533,ITFG1,Gene
Gene::81537,SGPP1,Gene
Gene::81539,SLC38A1,Gene
Gene::81542,TMX1,Gene
Gene::81544,GDPD5,Gene
Gene::81545,FBXO38,Gene
Gene::81550,TDRD3,Gene
Gene::81551,STMN4,Gene
Gene::81552,VOPP1,Gene
Gene::81553,FAM49A,Gene
Gene::81554,WBSCR16,Gene
Gene::81555,YIPF5,Gene
Gene::81557,MAGED4B,Gene
Gene::81558,FAM117A,Gene
Gene::81559,TRIM11,Gene
Gene::81562,LMAN2L,Gene
Gene::81563,C1orf21,Gene
Gene::81565,NDEL1,Gene
Gene::81566,CSRNP2,Gene
Gene::81567,TXNDC5,Gene
Gene::81570,CLPB,Gene
Gene::81572,PDRG1,Gene
Gene::81573,ANKRD13C,Gene
Gene::81575,APOLD1,Gene
Gene::81576,CCDC130,Gene
Gene::81578,COL21A1,Gene
Gene::81579,PLA2G12A,Gene
Gene::816,CAMK2B,Gene
Gene::81603,TRIM8,Gene
Gene::81605,URM1,Gene
Gene::81606,LBH,Gene
Gene::81607,PVRL4,Gene
Gene::81608,FIP1L1,Gene
Gene::81611,ANP32E,Gene
Gene::81614,NIPA2,Gene
Gene::81616,ACSBG2,Gene
Gene::81617,CAB39L,Gene
Gene::81618,ITM2C,Gene
Gene::81619,TSPAN14,Gene
Gene::81620,CDT1,Gene
Gene::81622,UNC93B1,Gene
Gene::81627,TRMT1L,Gene
Gene::81628,TSC22D4,Gene
Gene::81631,MAP1LC3B,Gene
Gene::8165,AKAP1,Gene
Gene::81669,CCNL2,Gene
Gene::81671,VMP1,Gene
Gene::81688,C6orf62,Gene
Gene::81689,ISCA1,Gene
Gene::81693,AMN,Gene
Gene::81696,OR5V1,Gene
Gene::817,CAMK2D,Gene
Gene::8170,SLC14A2,Gene
Gene::81704,DOCK8,Gene
Gene::8174,MADCAM1,Gene
Gene::8178,ELL,Gene
Gene::81786,TRIM7,Gene
Gene::81788,NUAK2,Gene
Gene::81789,TIGD6,Gene
Gene::81793,TLR10,Gene
Gene::81796,SLCO5A1,Gene
Gene::818,CAMK2G,Gene
Gene::81831,NETO2,Gene
Gene::81833,SPACA1,Gene
Gene::81839,VANGL1,Gene
Gene::81846,SBF2,Gene
Gene::81848,SPRY4,Gene
Gene::81849,ST6GALNAC5,Gene
Gene::81850,KRTAP1-3,Gene
Gene::81853,TMEM14B,Gene
Gene::81856,ZNF611,Gene
Gene::81858,SHARPIN,Gene
Gene::8187,ZNF239,Gene
Gene::81873,ARPC5L,Gene
Gene::81875,ISG20L2,Gene
Gene::81876,RAB1B,Gene
Gene::81887,LAS1L,Gene
Gene::81888,HYI,Gene
Gene::81889,FAHD1,Gene
Gene::8189,SYMPK,Gene
Gene::81890,QTRT1,Gene
Gene::81892,SLIRP,Gene
Gene::81894,SLC25A28,Gene
Gene::819,CAMLG,Gene
Gene::8190,MIA,Gene
Gene::8192,CLPP,Gene
Gene::81926,ABHD17A,Gene
Gene::81929,SEH1L,Gene
Gene::81930,KIF18A,Gene
Gene::81931,ZNF93,Gene
Gene::8195,MKKS,Gene
Gene::820,CAMP,Gene
Gene::8200,GDF5,Gene
Gene::8202,NCOA3,Gene
Gene::8204,NRIP1,Gene
Gene::8208,CHAF1B,Gene
Gene::8209,C21orf33,Gene
Gene::821,CANX,Gene
Gene::8214,DGCR6,Gene
Gene::8216,LZTR1,Gene
Gene::822,CAPG,Gene
Gene::8220,DGCR14,Gene
Gene::8224,SYN3,Gene
Gene::8225,GTPBP6,Gene
Gene::8227,AKAP17A,Gene
Gene::823,CAPN1,Gene
Gene::8233,ZRSR2,Gene
Gene::8237,USP11,Gene
Gene::8239,USP9X,Gene
Gene::824,CAPN2,Gene
Gene::8241,RBM10,Gene
Gene::8242,KDM5C,Gene
Gene::8243,SMC1A,Gene
Gene::825,CAPN3,Gene
Gene::826,CAPNS1,Gene
Gene::8260,NAA10,Gene
Gene::8263,F8A1,Gene
Gene::8266,UBL4A,Gene
Gene::8269,TMEM187,Gene
Gene::827,CAPN6,Gene
Gene::8270,LAGE3,Gene
Gene::8273,SLC10A3,Gene
Gene::828,CAPS,Gene
Gene::8284,KDM5D,Gene
Gene::8287,USP9Y,Gene
Gene::8288,EPX,Gene
Gene::8289,ARID1A,Gene
Gene::829,CAPZA1,Gene
Gene::8291,DYSF,Gene
Gene::8292,COLQ,Gene
Gene::8293,SERF1A,Gene
Gene::8295,TRRAP,Gene
Gene::830,CAPZA2,Gene
Gene::8301,PICALM,Gene
Gene::8302,KLRC4,Gene
Gene::8303,SNN,Gene
Gene::8309,ACOX2,Gene
Gene::831,CAST,Gene
Gene::8312,AXIN1,Gene
Gene::8313,AXIN2,Gene
Gene::8314,BAP1,Gene
Gene::8315,BRAP,Gene
Gene::8317,CDC7,Gene
Gene::8318,CDC45,Gene
Gene::832,CAPZB,Gene
Gene::8320,EOMES,Gene
Gene::8321,FZD1,Gene
Gene::8322,FZD4,Gene
Gene::8324,FZD7,Gene
Gene::8325,FZD8,Gene
Gene::83259,PCDH11Y,Gene
Gene::8326,FZD9,Gene
Gene::8329,HIST1H2AI,Gene
Gene::833,CARS,Gene
Gene::8331,HIST1H2AJ,Gene
Gene::8332,HIST1H2AL,Gene
Gene::8334,HIST1H2AC,Gene
Gene::8337,HIST2H2AA3,Gene
Gene::8338,HIST2H2AC,Gene
Gene::8339,HIST1H2BG,Gene
Gene::834,CASP1,Gene
Gene::8342,HIST1H2BM,Gene
Gene::8343,HIST1H2BF,Gene
Gene::83439,TCF7L1,Gene
Gene::8344,HIST1H2BE,Gene
Gene::83440,ADPGK,Gene
Gene::83442,SH3BGRL3,Gene
Gene::83444,INO80B,Gene
Gene::83445,GSG1,Gene
Gene::83447,SLC25A31,Gene
Gene::83448,PUS7L,Gene
Gene::8345,HIST1H2BH,Gene
Gene::83451,ABHD11,Gene
Gene::83452,RAB33B,Gene
Gene::8346,HIST1H2BI,Gene
Gene::83460,EMC6,Gene
Gene::83461,CDCA3,Gene
Gene::83463,MXD3,Gene
Gene::83464,APH1B,Gene
Gene::8347,HIST1H2BC,Gene
Gene::83473,KATNAL2,Gene
Gene::83475,DOHH,Gene
Gene::83478,ARHGAP24,Gene
Gene::83479,DDX59,Gene
Gene::83480,PUS3,Gene
Gene::83481,EPPK1,Gene
Gene::83482,SCRT1,Gene
Gene::83483,PLVAP,Gene
Gene::8349,HIST2H2BE,Gene
Gene::835,CASP2,Gene
Gene::8352,HIST1H3C,Gene
Gene::83538,TTC25,Gene
Gene::83539,CHST9,Gene
Gene::83540,NUF2,Gene
Gene::83541,FAM110A,Gene
Gene::83543,AIF1L,Gene
Gene::83552,MFRP,Gene
Gene::8356,HIST1H3J,Gene
Gene::8357,HIST1H3H,Gene
Gene::8358,HIST1H3B,Gene
Gene::83593,RASSF5,Gene
Gene::83595,SOX7,Gene
Gene::83596,BCL2L12,Gene
Gene::83597,RTP3,Gene
Gene::836,CASP3,Gene
Gene::83604,TMEM47,Gene
Gene::83605,CCM2,Gene
Gene::83607,AMMECR1L,Gene
Gene::83608,C18orf21,Gene
Gene::8363,HIST1H4J,Gene
Gene::83636,C19orf12,Gene
Gene::83638,C11orf68,Gene
Gene::8364,HIST1H4C,Gene
Gene::83640,FAM103A1,Gene
Gene::83642,SELO,Gene
Gene::8365,HIST1H4H,Gene
Gene::83650,SLC35G5,Gene
Gene::83658,DYNLRB1,Gene
Gene::83660,TLN2,Gene
Gene::83666,PARP9,Gene
Gene::83667,SESN2,Gene
Gene::8368,HIST1H4L,Gene
Gene::83692,CD99L2,Gene
Gene::83694,RPS6KL1,Gene
Gene::83699,SH3BGRL2,Gene
Gene::837,CASP4,Gene
Gene::83707,TRPT1,Gene
Gene::83716,CRISPLD2,Gene
Gene::83719,YPEL3,Gene
Gene::83729,INHBE,Gene
Gene::83732,RIOK1,Gene
Gene::83737,ITCH,Gene
Gene::83742,MARVELD1,Gene
Gene::83743,GRWD1,Gene
Gene::83746,L3MBTL2,Gene
Gene::83752,LONP2,Gene
Gene::83758,RBP5,Gene
Gene::83759,RBM4B,Gene
Gene::83786,FRMD8,Gene
Gene::8379,MAD1L1,Gene
Gene::83795,KCNK16,Gene
Gene::838,CASP5,Gene
Gene::8382,NME5,Gene
Gene::83844,USP26,Gene
Gene::83849,SYT15,Gene
Gene::83852,SETDB2,Gene
Gene::83853,ROPN1L,Gene
Gene::83854,ANGPTL6,Gene
Gene::83856,FSD1L,Gene
Gene::83857,TMTC1,Gene
Gene::8386,OR1D5,Gene
Gene::83861,RSPH3,Gene
Gene::83871,RAB34,Gene
Gene::83872,HMCN1,Gene
Gene::83875,BCO2,Gene
Gene::83878,USHBP1,Gene
Gene::83879,CDCA7,Gene
Gene::83884,SLC25A2,Gene
Gene::83886,PRSS27,Gene
Gene::83890,SPATA9,Gene
Gene::83897,KRTAP3-2,Gene
Gene::839,CASP6,Gene
Gene::83903,GSG2,Gene
Gene::83931,STK40,Gene
Gene::83932,SPRTN,Gene
Gene::83933,HDAC10,Gene
Gene::83935,TMEM133,Gene
Gene::83937,RASSF4,Gene
Gene::83939,EIF2A,Gene
Gene::83940,TATDN1,Gene
Gene::83941,TM2D1,Gene
Gene::83942,TSSK1B,Gene
Gene::83943,IMMP2L,Gene
Gene::8395,PIP5K1B,Gene
Gene::83959,SLC4A11,Gene
Gene::8396,PIP4K2B,Gene
Gene::8398,PLA2G6,Gene
Gene::83983,TSSK6,Gene
Gene::83987,CCDC8,Gene
Gene::83989,FAM172A,Gene
Gene::8399,PLA2G10,Gene
Gene::83990,BRIP1,Gene
Gene::83992,CTTNBP2,Gene
Gene::83998,REG4,Gene
Gene::840,CASP7,Gene
Gene::84002,B3GNT5,Gene
Gene::8402,SLC25A11,Gene
Gene::84034,EMILIN2,Gene
Gene::8404,SPARCL1,Gene
Gene::8405,SPOP,Gene
Gene::84056,KATNAL1,Gene
Gene::84057,MND1,Gene
Gene::84058,WDR54,Gene
Gene::84059,ADGRV1,Gene
Gene::8406,SRPX,Gene
Gene::84060,RBM48,Gene
Gene::84061,MAGT1,Gene
Gene::84062,DTNBP1,Gene
Gene::84066,TEX35,Gene
Gene::84067,FAM160A2,Gene
Gene::84068,SLC10A7,Gene
Gene::8407,TAGLN2,Gene
Gene::84070,FAM186B,Gene
Gene::84071,ARMC2,Gene
Gene::84072,HORMAD1,Gene
Gene::84073,MYCBPAP,Gene
Gene::84075,FSCB,Gene
Gene::84076,TKTL2,Gene
Gene::84079,ANKRD27,Gene
Gene::8408,ULK1,Gene
Gene::84085,FBXO30,Gene
Gene::8409,UXT,Gene
Gene::841,CASP8,Gene
Gene::84100,ARL6,Gene
Gene::84101,USP44,Gene
Gene::84103,C4orf17,Gene
Gene::84106,PRAM1,Gene
Gene::84107,ZIC4,Gene
Gene::8412,BCAR3,Gene
Gene::84124,ZNF394,Gene
Gene::84129,ACAD11,Gene
Gene::84131,CEP78,Gene
Gene::84132,USP42,Gene
Gene::84133,ZNRF3,Gene
Gene::84134,TOMM40L,Gene
Gene::84135,UTP15,Gene
Gene::84138,SLC7A6OS,Gene
Gene::84140,FAM161A,Gene
Gene::84141,EVA1A,Gene
Gene::84142,FAM175A,Gene
Gene::84146,ZNF644,Gene
Gene::84148,KAT8,Gene
Gene::84152,PPP1R1B,Gene
Gene::84159,ARID5B,Gene
Gene::8416,ANXA9,Gene
Gene::84162,KIAA1109,Gene
Gene::84167,C19orf44,Gene
Gene::84168,ANTXR1,Gene
Gene::8417,STX7,Gene
Gene::84171,LOXL4,Gene
Gene::84181,CHD6,Gene
Gene::84187,TMEM164,Gene
Gene::84188,FAR1,Gene
Gene::84189,SLITRK6,Gene
Gene::84190,METTL25,Gene
Gene::84191,FAM96A,Gene
Gene::84196,USP48,Gene
Gene::84197,POMK,Gene
Gene::842,CASP9,Gene
Gene::84203,TXNDC2,Gene
Gene::84206,MEX3B,Gene
Gene::84216,TMEM117,Gene
Gene::84219,WDR24,Gene
Gene::84229,DRC7,Gene
Gene::84231,TRAF7,Gene
Gene::84233,TMEM126A,Gene
Gene::84236,RHBDD1,Gene
Gene::84239,ATP13A4,Gene
Gene::8424,BBOX1,Gene
Gene::84243,ZDHHC18,Gene
Gene::84245,MRI1,Gene
Gene::84248,FYTTD1,Gene
Gene::84249,PSD2,Gene
Gene::84250,ANKRD32,Gene
Gene::84253,GARNL3,Gene
Gene::84255,SLC37A3,Gene
Gene::84258,SYT3,Gene
Gene::84259,DCUN1D5,Gene
Gene::84260,TCHP,Gene
Gene::84262,PSMG3,Gene
Gene::84263,HSDL2,Gene
Gene::84266,ALKBH7,Gene
Gene::84268,RPAIN,Gene
Gene::84269,CHCHD5,Gene
Gene::8427,ZNF282,Gene
Gene::84270,C9orf89,Gene
Gene::84271,POLDIP3,Gene
Gene::84272,YIPF4,Gene
Gene::84273,NOA1,Gene
Gene::8428,STK24,Gene
Gene::84281,C2orf88,Gene
Gene::84283,TMEM79,Gene
Gene::84284,NTPCR,Gene
Gene::84285,EIF1AD,Gene
Gene::84286,TMEM175,Gene
Gene::84287,ZDHHC16,Gene
Gene::84292,WDR83,Gene
Gene::84293,FAM213A,Gene
Gene::84295,PHF6,Gene
Gene::84298,LLPH,Gene
Gene::843,CASP10,Gene
Gene::84300,UQCC2,Gene
Gene::84301,DDI2,Gene
Gene::84302,TMEM246,Gene
Gene::84303,CHCHD6,Gene
Gene::84305,WIBG,Gene
Gene::8431,NR0B2,Gene
Gene::84310,C7orf50,Gene
Gene::84312,BRMS1L,Gene
Gene::84314,TMEM107,Gene
Gene::84319,CMSS1,Gene
Gene::84321,THOC3,Gene
Gene::84326,C16orf13,Gene
Gene::84327,ZBED3,Gene
Gene::84328,LZIC,Gene
Gene::84329,HVCN1,Gene
Gene::84333,PCGF5,Gene
Gene::8434,RECK,Gene
Gene::84342,COG8,Gene
Gene::84343,HPS3,Gene
Gene::8435,SOAT2,Gene
Gene::8436,SDPR,Gene
Gene::84364,ARFGAP2,Gene
Gene::84365,NIFK,Gene
Gene::8437,RASAL1,Gene
Gene::84376,HOOK3,Gene
Gene::8438,RAD54L,Gene
Gene::844,CASQ1,Gene
Gene::8440,NCK2,Gene
Gene::84417,C2orf40,Gene
Gene::84419,C15orf48,Gene
Gene::8443,GNPAT,Gene
Gene::84433,CARD11,Gene
Gene::84435,ADGRA1,Gene
Gene::84437,MSANTD4,Gene
Gene::84439,HHIPL1,Gene
Gene::8444,DYRK3,Gene
Gene::84440,RAB11FIP4,Gene
Gene::84441,MAML2,Gene
Gene::84444,DOT1L,Gene
Gene::84445,LZTS2,Gene
Gene::84446,BRSK1,Gene
Gene::84447,SYVN1,Gene
Gene::8445,DYRK2,Gene
Gene::84451,KIAA1804,Gene
Gene::84456,L3MBTL3,Gene
Gene::84457,PHYHIPL,Gene
Gene::84458,LCOR,Gene
Gene::8446,DUSP11,Gene
Gene::84460,ZMAT1,Gene
Gene::84464,SLX4,Gene
Gene::84465,MEGF11,Gene
Gene::84467,FBN3,Gene
Gene::8448,DOC2A,Gene
Gene::8449,DHX16,Gene
Gene::845,CASQ2,Gene
Gene::8450,CUL4B,Gene
Gene::84501,SPIRE2,Gene
Gene::84502,JPH4,Gene
Gene::84503,ZNF527,Gene
Gene::8451,CUL4A,Gene
Gene::84513,PPAPDC1B,Gene
Gene::84514,GHDC,Gene
Gene::84515,MCM8,Gene
Gene::84518,CNFN,Gene
Gene::84519,ACRBP,Gene
Gene::8452,CUL3,Gene
Gene::84520,C14orf142,Gene
Gene::84522,JAGN1,Gene
Gene::84524,ZC3H8,Gene
Gene::84525,HOPX,Gene
Gene::84527,ZNF559,Gene
Gene::84529,C15orf41,Gene
Gene::8453,CUL2,Gene
Gene::84530,SRRM4,Gene
Gene::84532,ACSS1,Gene
Gene::84539,MCHR2,Gene
Gene::8454,CUL1,Gene
Gene::84541,KBTBD8,Gene
Gene::84545,MRPL43,Gene
Gene::84548,TMEM185A,Gene
Gene::84549,MAK16,Gene
Gene::8455,ATRN,Gene
Gene::84552,PARD6G,Gene
Gene::84553,FAXC,Gene
Gene::8456,FOXN1,Gene
Gene::84561,SLC12A8,Gene
Gene::8458,TTF2,Gene
Gene::8459,TPST2,Gene
Gene::846,CASR,Gene
Gene::8460,TPST1,Gene
Gene::84612,PARD6B,Gene
Gene::84617,TUBB6,Gene
Gene::84619,ZGPAT,Gene
Gene::8462,KLF11,Gene
Gene::84620,ST6GAL2,Gene
Gene::84622,ZNF594,Gene
Gene::84623,KIRREL3,Gene
Gene::84624,FNDC1,Gene
Gene::84627,ZNF469,Gene
Gene::84628,NTNG2,Gene
Gene::84629,TNRC18,Gene
Gene::8463,TEAD2,Gene
Gene::84631,SLITRK2,Gene
Gene::84632,AFAP1L2,Gene
Gene::84634,KISS1R,Gene
Gene::84636,GPR174,Gene
Gene::84639,IL1F10,Gene
Gene::84648,LCE3D,Gene
Gene::84649,DGAT2,Gene
Gene::84650,EBPL,Gene
Gene::84651,SPINK7,Gene
Gene::84654,SPZ1,Gene
Gene::84660,CCDC62,Gene
Gene::84662,GLIS2,Gene
Gene::84665,MYPN,Gene
Gene::84668,FAM126A,Gene
Gene::84669,USP32,Gene
Gene::84674,CARD6,Gene
Gene::84678,KDM2B,Gene
Gene::8468,FKBP6,Gene
Gene::84681,HINT2,Gene
Gene::84684,INSM2,Gene
Gene::84688,C9orf24,Gene
Gene::84689,MS4A14,Gene
Gene::84690,SPATA22,Gene
Gene::84691,FAM71F1,Gene
Gene::84693,MCEE,Gene
Gene::84695,LOXL3,Gene
Gene::847,CAT,Gene
Gene::8470,SORBS2,Gene
Gene::84700,MYO18B,Gene
Gene::84701,COX4I2,Gene
Gene::84705,GTPBP3,Gene
Gene::84706,GPT2,Gene
Gene::84707,BEX2,Gene
Gene::84709,MGARP,Gene
Gene::84717,HDGFRP2,Gene
Gene::84720,PIGO,Gene
Gene::84722,PSRC1,Gene
Gene::84726,PRRC2B,Gene
Gene::84727,SPSB2,Gene
Gene::8473,OGT,Gene
Gene::84733,CBX2,Gene
Gene::84747,UNC119B,Gene
Gene::84752,B3GNT9,Gene
Gene::8476,CDC42BPA,Gene
Gene::84767,TRIM51,Gene
Gene::84769,MPV17L2,Gene
Gene::8477,GPR65,Gene
Gene::84775,ZNF607,Gene
Gene::84787,SUV420H2,Gene
Gene::8479,HIRIP3,Gene
Gene::84790,TUBA1C,Gene
Gene::84792,FAM220A,Gene
Gene::8480,RAE1,Gene
Gene::84803,AGPAT9,Gene
Gene::84811,BUD13,Gene
Gene::84812,PLCD4,Gene
Gene::84814,PPAPDC3,Gene
Gene::84817,TXNDC17,Gene
Gene::84818,IL17RC,Gene
Gene::84823,LMNB2,Gene
Gene::84824,FCRLA,Gene
Gene::8483,CILP,Gene
Gene::84830,ADTRP,Gene
Gene::84833,USMG5,Gene
Gene::84836,ABHD14B,Gene
Gene::8484,GALR3,Gene
Gene::84851,TRIM52,Gene
Gene::84858,ZNF503,Gene
Gene::84859,LRCH3,Gene
Gene::84866,TMEM25,Gene
Gene::84868,HAVCR2,Gene
Gene::84869,CBR4,Gene
Gene::8487,GEMIN2,Gene
Gene::84870,RSPO3,Gene
Gene::84873,ADGRG7,Gene
Gene::84876,ORAI1,Gene
Gene::84881,RPUSD4,Gene
Gene::84885,ZDHHC12,Gene
Gene::84886,C1orf198,Gene
Gene::84888,SPPL2A,Gene
Gene::84889,SLC7A3,Gene
Gene::84890,ADO,Gene
Gene::84893,FBXO18,Gene
Gene::84894,LINGO1,Gene
Gene::84896,ATAD1,Gene
Gene::84899,TMTC4,Gene
Gene::8490,RGS5,Gene
Gene::84900,RNFT2,Gene
Gene::84908,FAM136A,Gene
Gene::84909,C9orf3,Gene
Gene::84918,LRP11,Gene
Gene::84919,PPP1R15B,Gene
Gene::8492,PRSS12,Gene
Gene::84920,ALG10,Gene
Gene::84923,FAM104A,Gene
Gene::84925,DIRC2,Gene
Gene::84926,SPRYD3,Gene
Gene::84928,TMEM209,Gene
Gene::8493,PPM1D,Gene
Gene::84933,C8orf76,Gene
Gene::84934,RITA1,Gene
Gene::84938,ATG4C,Gene
Gene::84939,MUM1,Gene
Gene::84941,HSH2D,Gene
Gene::84942,WDR73,Gene
Gene::84945,ABHD13,Gene
Gene::8495,PPFIBP2,Gene
Gene::84950,PRPF38A,Gene
Gene::84952,CGNL1,Gene
Gene::84953,MICALCL,Gene
Gene::84954,MPND,Gene
Gene::84955,NUDCD1,Gene
Gene::8496,PPFIBP1,Gene
Gene::84960,CCDC183,Gene
Gene::84962,AJUBA,Gene
Gene::84964,ALKBH6,Gene
Gene::84969,TOX2,Gene
Gene::8497,PPFIA4,Gene
Gene::84975,MFSD5,Gene
Gene::84984,CEP19,Gene
Gene::84985,FAM83A,Gene
Gene::84986,ARHGAP19,Gene
Gene::84992,PIGY,Gene
Gene::84993,UBL7,Gene
Gene::8500,PPFIA1,Gene
Gene::85002,FAM86B1,Gene
Gene::85007,PHYKPL,Gene
Gene::8501,SLC43A1,Gene
Gene::85012,TCEAL3,Gene
Gene::85014,TMEM141,Gene
Gene::85016,C11orf70,Gene
Gene::85019,TMEM241,Gene
Gene::8502,PKP4,Gene
Gene::85027,SMIM3,Gene
Gene::8503,PIK3R3,Gene
Gene::8504,PEX3,Gene
Gene::8505,PARG,Gene
Gene::8506,CNTNAP1,Gene
Gene::8507,ENC1,Gene
Gene::8508,NIPSNAP1,Gene
Gene::8509,NDST2,Gene
Gene::8510,MMP23B,Gene
Gene::8513,LIPF,Gene
Gene::8514,KCNAB2,Gene
Gene::8515,ITGA10,Gene
Gene::8516,ITGA8,Gene
Gene::8517,IKBKG,Gene
Gene::8518,IKBKAP,Gene
Gene::8519,IFITM1,Gene
Gene::8520,HAT1,Gene
Gene::8521,GCM1,Gene
Gene::8522,GAS7,Gene
Gene::85235,HIST1H2AH,Gene
Gene::85236,HIST1H2BK,Gene
Gene::8525,DGKZ,Gene
Gene::8526,DGKE,Gene
Gene::8527,DGKD,Gene
Gene::8528,DDO,Gene
Gene::8529,CYP4F2,Gene
Gene::85293,KRTAP3-3,Gene
Gene::85294,KRTAP2-4,Gene
Gene::8530,CST7,Gene
Gene::85301,COL27A1,Gene
Gene::8531,YBX3,Gene
Gene::85313,PPIL4,Gene
Gene::85315,PAQR8,Gene
Gene::85319,BAGE2,Gene
Gene::85320,ABCC11,Gene
Gene::8533,COPS3,Gene
Gene::8534,CHST1,Gene
Gene::8535,CBX4,Gene
Gene::85358,SHANK3,Gene
Gene::8536,CAMK1,Gene
Gene::85360,SYDE1,Gene
Gene::85363,TRIM5,Gene
Gene::85365,ALG2,Gene
Gene::85366,MYLK2,Gene
Gene::8537,BCAS1,Gene
Gene::85377,MICALL1,Gene
Gene::85378,TUBGCP6,Gene
Gene::8538,BARX2,Gene
Gene::8539,API5,Gene
Gene::85397,RGS8,Gene
Gene::8540,AGPS,Gene
Gene::85403,EAF1,Gene
Gene::85406,DNAJC14,Gene
Gene::85407,NKD1,Gene
Gene::85409,NKD2,Gene
Gene::8541,PPFIA3,Gene
Gene::85413,SLC22A16,Gene
Gene::85414,SLC45A3,Gene
Gene::85417,CCNB3,Gene
Gene::8542,APOL1,Gene
Gene::8543,LMO4,Gene
Gene::85439,STON2,Gene
Gene::8544,PIR,Gene
Gene::85440,DOCK7,Gene
Gene::85441,HELZ2,Gene
Gene::85442,KNDC1,Gene
Gene::85443,DCLK3,Gene
Gene::85444,LRRCC1,Gene
Gene::85449,KIAA1755,Gene
Gene::8545,CGGBP1,Gene
Gene::85450,ITPRIP,Gene
Gene::85452,CFAP74,Gene
Gene::85453,TSPYL5,Gene
Gene::85456,TNKS1BP1,Gene
Gene::85457,CIPC,Gene
Gene::85458,DIXDC1,Gene
Gene::85459,CEP295,Gene
Gene::8546,AP3B1,Gene
Gene::85460,ZNF518B,Gene
Gene::85461,TANC1,Gene
Gene::85463,ZC3H12C,Gene
Gene::85464,SSH2,Gene
Gene::85465,EPT1,Gene
Gene::85476,GFM1,Gene
Gene::85477,SCIN,Gene
Gene::85478,CCDC65,Gene
Gene::85479,DNAJC5B,Gene
Gene::85480,TSLP,Gene
Gene::8549,LGR5,Gene
Gene::8550,MAPKAPK5,Gene
Gene::85508,SCRT2,Gene
Gene::8553,BHLHE40,Gene
Gene::8554,PIAS1,Gene
Gene::8555,CDC14B,Gene
Gene::8556,CDC14A,Gene
Gene::85569,GALP,Gene
Gene::8557,TCAP,Gene
Gene::8558,CDK10,Gene
Gene::8559,PRPF18,Gene
Gene::8560,DEGS1,Gene
Gene::8562,DENR,Gene
Gene::8564,KMO,Gene
Gene::8565,YARS,Gene
Gene::8566,PDXK,Gene
Gene::8567,MADD,Gene
Gene::8568,RRP1,Gene
Gene::8569,MKNK1,Gene
Gene::857,CAV1,Gene
Gene::8570,KHSRP,Gene
Gene::8572,PDLIM4,Gene
Gene::8573,CASK,Gene
Gene::8574,AKR7A2,Gene
Gene::8575,PRKRA,Gene
Gene::8576,STK16,Gene
Gene::8577,TMEFF1,Gene
Gene::858,CAV2,Gene
Gene::8581,LY6D,Gene
Gene::85865,GTPBP10,Gene
Gene::859,CAV3,Gene
Gene::86,ACTL6A,Gene
Gene::860,RUNX2,Gene
Gene::8600,TNFSF11,Gene
Gene::8601,RGS20,Gene
Gene::8602,NOP14,Gene
Gene::8603,FAM193A,Gene
Gene::8604,SLC25A12,Gene
Gene::8605,PLA2G4C,Gene
Gene::8607,RUVBL1,Gene
Gene::8609,KLF7,Gene
Gene::861,RUNX1,Gene
Gene::8611,PPAP2A,Gene
Gene::8612,PPAP2C,Gene
Gene::8613,PPAP2B,Gene
Gene::8614,STC2,Gene
Gene::8615,USO1,Gene
Gene::8618,CADPS,Gene
Gene::862,RUNX1T1,Gene
Gene::8622,PDE8B,Gene
Gene::8623,ASMTL,Gene
Gene::8624,PSMG1,Gene
Gene::8625,RFXANK,Gene
Gene::8626,TP63,Gene
Gene::8629,JRK,Gene
Gene::863,CBFA2T3,Gene
Gene::8630,HSD17B6,Gene
Gene::8631,SKAP1,Gene
Gene::8632,DNAH17,Gene
Gene::8633,UNC5C,Gene
Gene::8634,RTCA,Gene
Gene::8635,RNASET2,Gene
Gene::8636,SSNA1,Gene
Gene::8638,OASL,Gene
Gene::8639,AOC3,Gene
Gene::864,RUNX3,Gene
Gene::8642,DCHS1,Gene
Gene::8643,PTCH2,Gene
Gene::8644,AKR1C3,Gene
Gene::8645,KCNK5,Gene
Gene::8646,CHRD,Gene
Gene::8647,ABCB11,Gene
Gene::8648,NCOA1,Gene
Gene::8649,LAMTOR3,Gene
Gene::865,CBFB,Gene
Gene::8650,NUMB,Gene
Gene::8651,SOCS1,Gene
Gene::8653,DDX3Y,Gene
Gene::8654,PDE5A,Gene
Gene::8655,DYNLL1,Gene
Gene::8659,ALDH4A1,Gene
Gene::866,SERPINA6,Gene
Gene::8660,IRS2,Gene
Gene::8661,EIF3A,Gene
Gene::86614,HSFY1,Gene
Gene::8662,EIF3B,Gene
Gene::8664,EIF3D,Gene
Gene::8665,EIF3F,Gene
Gene::8667,EIF3H,Gene
Gene::8668,EIF3I,Gene
Gene::8669,EIF3J,Gene
Gene::867,CBL,Gene
Gene::8671,SLC4A4,Gene
Gene::8672,EIF4G3,Gene
Gene::8673,VAMP8,Gene
Gene::8674,VAMP4,Gene
Gene::8675,STX16,Gene
Gene::8678,BECN1,Gene
Gene::868,CBLB,Gene
Gene::8681,JMJD7-PLA2G4B,Gene
Gene::8682,PEA15,Gene
Gene::8683,SRSF9,Gene
Gene::8687,KRT38,Gene
Gene::8689,KRT36,Gene
Gene::8692,HYAL2,Gene
Gene::8693,GALNT4,Gene
Gene::8694,DGAT1,Gene
Gene::8697,CDC23,Gene
Gene::8698,S1PR4,Gene
Gene::87,ACTN1,Gene
Gene::8701,DNAH11,Gene
Gene::8702,B4GALT4,Gene
Gene::8703,B4GALT3,Gene
Gene::8704,B4GALT2,Gene
Gene::8706,B3GALNT1,Gene
Gene::871,SERPINH1,Gene
Gene::8710,SERPINB7,Gene
Gene::8711,TNK1,Gene
Gene::8714,ABCC3,Gene
Gene::8717,TRADD,Gene
Gene::87178,PNPT1,Gene
Gene::8718,TNFRSF25,Gene
Gene::8720,MBTPS1,Gene
Gene::8721,EDF1,Gene
Gene::8722,CTSF,Gene
Gene::8725,URI1,Gene
Gene::8726,EED,Gene
Gene::8727,CTNNAL1,Gene
Gene::8728,ADAM19,Gene
Gene::873,CBR1,Gene
Gene::8731,RNMT,Gene
Gene::8733,GPAA1,Gene
Gene::8736,MYOM1,Gene
Gene::8737,RIPK1,Gene
Gene::8738,CRADD,Gene
Gene::8739,HRK,Gene
Gene::874,CBR3,Gene
Gene::8740,TNFSF14,Gene
Gene::8741,TNFSF13,Gene
Gene::8743,TNFSF10,Gene
Gene::8744,TNFSF9,Gene
Gene::8745,ADAM23,Gene
Gene::875,CBS,Gene
Gene::8751,ADAM15,Gene
Gene::8754,ADAM9,Gene
Gene::8760,CDS2,Gene
Gene::8761,PABPC4,Gene
Gene::8763,CD164,Gene
Gene::8764,TNFRSF14,Gene
Gene::8766,RAB11A,Gene
Gene::8767,RIPK2,Gene
Gene::8773,SNAP23,Gene
Gene::8774,NAPG,Gene
Gene::8775,NAPA,Gene
Gene::87769,GGACT,Gene
Gene::8777,MPDZ,Gene
Gene::8780,RIOK3,Gene
Gene::8784,TNFRSF18,Gene
Gene::8788,DLK1,Gene
Gene::8790,FPGT,Gene
Gene::8792,TNFRSF11A,Gene
Gene::8794,TNFRSF10C,Gene
Gene::8795,TNFRSF10B,Gene
Gene::8796,SCEL,Gene
Gene::8797,TNFRSF10A,Gene
Gene::8798,DYRK4,Gene
Gene::8799,PEX11B,Gene
Gene::88,ACTN2,Gene
Gene::8800,PEX11A,Gene
Gene::8801,SUCLG2,Gene
Gene::8802,SUCLG1,Gene
Gene::8803,SUCLA2,Gene
Gene::8804,CREG1,Gene
Gene::8805,TRIM24,Gene
Gene::8807,IL18RAP,Gene
Gene::8809,IL18R1,Gene
Gene::881,CCIN,Gene
Gene::8813,DPM1,Gene
Gene::8814,CDKL1,Gene
Gene::8815,BANF1,Gene
Gene::8816,DCAF5,Gene
Gene::8817,FGF18,Gene
Gene::8818,DPM2,Gene
Gene::8819,SAP30,Gene
Gene::8821,INPP4B,Gene
Gene::8823,FGF16,Gene
Gene::8824,CES2,Gene
Gene::8825,LIN7A,Gene
Gene::8826,IQGAP1,Gene
Gene::8828,NRP2,Gene
Gene::8829,NRP1,Gene
Gene::883,CCBL1,Gene
Gene::8831,SYNGAP1,Gene
Gene::8833,GMPS,Gene
Gene::8834,TMEM11,Gene
Gene::8835,SOCS2,Gene
Gene::8836,GGH,Gene
Gene::8837,CFLAR,Gene
Gene::8838,WISP3,Gene
Gene::8839,WISP2,Gene
Gene::8840,WISP1,Gene
Gene::8841,HDAC3,Gene
Gene::8842,PROM1,Gene
Gene::8843,HCAR3,Gene
Gene::8844,KSR1,Gene
Gene::8846,ALKBH1,Gene
Gene::8848,TSC22D1,Gene
Gene::885,CCK,Gene
Gene::8850,KAT2B,Gene
Gene::8851,CDK5R1,Gene
Gene::8852,AKAP4,Gene
Gene::8853,ASAP2,Gene
Gene::8854,ALDH1A2,Gene
Gene::8856,NR1I2,Gene
Gene::8857,FCGBP,Gene
Gene::8858,PROZ,Gene
Gene::8859,STK19,Gene
Gene::886,CCKAR,Gene
Gene::8861,LDB1,Gene
Gene::8862,APLN,Gene
Gene::8863,PER3,Gene
Gene::8864,PER2,Gene
Gene::8867,SYNJ1,Gene
Gene::8869,ST3GAL5,Gene
Gene::887,CCKBR,Gene
Gene::8870,IER3,Gene
Gene::8871,SYNJ2,Gene
Gene::8872,CDC123,Gene
Gene::8874,ARHGEF7,Gene
Gene::88745,RRP36,Gene
Gene::8875,VNN2,Gene
Gene::8876,VNN1,Gene
Gene::8877,SPHK1,Gene
Gene::8878,SQSTM1,Gene
Gene::8879,SGPL1,Gene
Gene::8880,FUBP1,Gene
Gene::8881,CDC16,Gene
Gene::8882,ZPR1,Gene
Gene::8883,NAE1,Gene
Gene::8884,SLC5A6,Gene
Gene::8886,DDX18,Gene
Gene::8888,MCM3AP,Gene
Gene::889,KRIT1,Gene
Gene::8890,EIF2B4,Gene
Gene::8891,EIF2B3,Gene
Gene::8892,EIF2B2,Gene
Gene::8893,EIF2B5,Gene
Gene::8894,EIF2S2,Gene
Gene::8895,CPNE3,Gene
Gene::8896,BUD31,Gene
Gene::8897,MTMR3,Gene
Gene::8899,PRPF4B,Gene
Gene::89,ACTN3,Gene
Gene::890,CCNA2,Gene
Gene::8900,CCNA1,Gene
Gene::8904,CPNE1,Gene
Gene::8905,AP1S2,Gene
Gene::8906,AP1G2,Gene
Gene::8907,AP1M1,Gene
Gene::8908,GYG2,Gene
Gene::891,CCNB1,Gene
Gene::8910,SGCE,Gene
Gene::8911,CACNA1I,Gene
Gene::8912,CACNA1H,Gene
Gene::89122,TRIM4,Gene
Gene::8913,CACNA1G,Gene
Gene::8914,TIMELESS,Gene
Gene::8915,BCL10,Gene
Gene::8916,HERC3,Gene
Gene::892,CCNC,Gene
Gene::8924,HERC2,Gene
Gene::8925,HERC1,Gene
Gene::8926,SNURF,Gene
Gene::8927,BSN,Gene
Gene::8929,PHOX2B,Gene
Gene::8930,MBD4,Gene
Gene::8932,MBD2,Gene
Gene::8933,FAM127A,Gene
Gene::8934,RAB29,Gene
Gene::8935,SKAP2,Gene
Gene::8936,WASF1,Gene
Gene::8939,FUBP3,Gene
Gene::894,CCND2,Gene
Gene::8941,CDK5R2,Gene
Gene::8942,KYNU,Gene
Gene::8943,AP3D1,Gene
Gene::8945,BTRC,Gene
Gene::896,CCND3,Gene
Gene::8972,MGAM,Gene
Gene::8973,CHRNA6,Gene
Gene::8974,P4HA2,Gene
Gene::8975,USP13,Gene
Gene::8976,WASL,Gene
Gene::89781,HPS4,Gene
Gene::89782,LMLN,Gene
Gene::89795,NAV3,Gene
Gene::89796,NAV1,Gene
Gene::898,CCNE1,Gene
Gene::89832,CHRFAM7A,Gene
Gene::89839,ARHGAP11B,Gene
Gene::89845,ABCC10,Gene
Gene::89848,FCHSD1,Gene
Gene::8985,PLOD3,Gene
Gene::89857,KLHL6,Gene
Gene::8986,RPS6KA4,Gene
Gene::89866,SEC16B,Gene
Gene::8987,STBD1,Gene
Gene::89870,TRIM15,Gene
Gene::89872,AQP10,Gene
Gene::8988,HSPB3,Gene
Gene::89886,SLAMF9,Gene
Gene::89887,ZNF628,Gene
Gene::8989,TRPA1,Gene
Gene::89890,KBTBD6,Gene
Gene::89891,WDR34,Gene
Gene::89894,TMEM116,Gene
Gene::899,CCNF,Gene
Gene::8991,SELENBP1,Gene
Gene::8992,ATP6V0E1,Gene
Gene::89927,C16orf45,Gene
Gene::89932,PAPLN,Gene
Gene::89941,RHOT2,Gene
Gene::8995,TNFSF18,Gene
Gene::8996,NOL3,Gene
Gene::89970,RSPRY1,Gene
Gene::89978,DPH6,Gene
Gene::8999,CDKL2,Gene
Gene::9,NAT1,Gene
Gene::90,ACVR1,Gene
Gene::900,CCNG1,Gene
Gene::90007,MIDN,Gene
Gene::9001,HAP1,Gene
Gene::90019,SYT8,Gene
Gene::9002,F2RL3,Gene
Gene::90075,ZNF30,Gene
Gene::901,CCNG2,Gene
Gene::90113,VWA5B2,Gene
Gene::90121,TSR2,Gene
Gene::9013,TAF1C,Gene
Gene::90134,KCNH7,Gene
Gene::9014,TAF1B,Gene
Gene::90141,EFCAB11,Gene
Gene::9015,TAF1A,Gene
Gene::9016,SLC25A14,Gene
Gene::90161,HS6ST2,Gene
Gene::9019,MPZL1,Gene
Gene::90196,SYS1,Gene
Gene::902,CCNH,Gene
Gene::9020,MAP3K14,Gene
Gene::90203,SNX21,Gene
Gene::9021,SOCS3,Gene
Gene::9022,CLIC3,Gene
Gene::90226,UCN2,Gene
Gene::9023,CH25H,Gene
Gene::90231,KIAA2013,Gene
Gene::90233,ZNF551,Gene
Gene::9025,RNF8,Gene
Gene::9026,HIP1R,Gene
Gene::90268,OTULIN,Gene
Gene::9027,NAT8,Gene
Gene::90288,EFCAB12,Gene
Gene::90293,KLHL13,Gene
Gene::9031,BAZ1B,Gene
Gene::90317,ZNF616,Gene
Gene::90326,THAP3,Gene
Gene::90333,ZNF468,Gene
Gene::90338,ZNF160,Gene
Gene::9034,CCRL2,Gene
Gene::90342,FER1L5,Gene
Gene::90355,C5orf30,Gene
Gene::90362,FAM110B,Gene
Gene::9037,SEMA5A,Gene
Gene::9038,TAAR5,Gene
Gene::90381,TICRR,Gene
Gene::9039,UBA3,Gene
Gene::90390,MED30,Gene
Gene::904,CCNT1,Gene
Gene::9040,UBE2M,Gene
Gene::90407,TMEM41A,Gene
Gene::90410,IFT20,Gene
Gene::90411,MCFD2,Gene
Gene::90416,C15orf57,Gene
Gene::90417,KNSTRN,Gene
Gene::90423,ATP6V1E2,Gene
Gene::9043,SPAG9,Gene
Gene::9044,BTAF1,Gene
Gene::9045,RPL14,Gene
Gene::90459,ERI1,Gene
Gene::9048,ARTN,Gene
Gene::90480,GADD45GIP1,Gene
Gene::90485,ZNF835,Gene
Gene::9049,AIP,Gene
Gene::905,CCNT2,Gene
Gene::9050,PSTPIP2,Gene
Gene::9052,GPRC5A,Gene
Gene::90523,MLIP,Gene
Gene::90527,DUOXA1,Gene
Gene::90529,STPG1,Gene
Gene::9053,MAP7,Gene
Gene::9054,NFS1,Gene
Gene::9055,PRC1,Gene
Gene::9056,SLC7A7,Gene
Gene::9057,SLC7A6,Gene
Gene::9058,SLC13A2,Gene
Gene::90592,ZNF700,Gene
Gene::90594,ZNF439,Gene
Gene::9060,PAPSS2,Gene
Gene::9061,PAPSS1,Gene
Gene::90624,LYRM7,Gene
Gene::90627,STARD13,Gene
Gene::9063,PIAS2,Gene
Gene::90634,N4BP2L1,Gene
Gene::90637,ZFAND2A,Gene
Gene::9064,MAP3K6,Gene
Gene::90649,ZNF486,Gene
Gene::9066,SYT7,Gene
Gene::90668,LRRC16B,Gene
Gene::90673,PPP1R3E,Gene
Gene::90678,LRSAM1,Gene
Gene::9068,ANGPTL1,Gene
Gene::9069,CLDN12,Gene
Gene::90693,CCDC126,Gene
Gene::90701,SEC11C,Gene
Gene::9071,CLDN10,Gene
Gene::9073,CLDN8,Gene
Gene::90736,FAM104B,Gene
Gene::9074,CLDN6,Gene
Gene::9075,CLDN2,Gene
Gene::9076,CLDN1,Gene
Gene::9077,DIRAS3,Gene
Gene::90780,PYGO2,Gene
Gene::9079,LDB2,Gene
Gene::908,CCT6A,Gene
Gene::9080,CLDN9,Gene
Gene::90806,ANGEL2,Gene
Gene::9081,PRY,Gene
Gene::90835,C16orf93,Gene
Gene::9085,CDY1,Gene
Gene::9086,EIF1AY,Gene
Gene::90861,HN1L,Gene
Gene::90864,SPSB3,Gene
Gene::90865,IL33,Gene
Gene::9087,TMSB4Y,Gene
Gene::9088,PKMYT1,Gene
Gene::909,CD1A,Gene
Gene::9091,PIGQ,Gene
Gene::9092,SART1,Gene
Gene::9093,DNAJA3,Gene
Gene::90952,ESAM,Gene
Gene::90956,ADCK2,Gene
Gene::90957,DHX57,Gene
Gene::9097,USP14,Gene
Gene::90987,ZNF251,Gene
Gene::90993,CREB3L1,Gene
Gene::91,ACVR1B,Gene
Gene::910,CD1B,Gene
Gene::9103,FCGR2C,Gene
Gene::91039,DPP9,Gene
Gene::9104,RGN,Gene
Gene::91056,AP5B1,Gene
Gene::91057,CCDC34,Gene
Gene::9107,MTMR6,Gene
Gene::9108,MTMR7,Gene
Gene::911,CD1C,Gene
Gene::9110,MTMR4,Gene
Gene::91107,TRIM47,Gene
Gene::9111,NMI,Gene
Gene::9112,MTA1,Gene
Gene::9113,LATS1,Gene
Gene::91137,SLC25A46,Gene
Gene::9114,ATP6V0D1,Gene
Gene::91147,TMEM67,Gene
Gene::91156,IGFN1,Gene
Gene::9117,SEC22C,Gene
Gene::9118,INA,Gene
Gene::912,CD1D,Gene
Gene::9120,SLC16A6,Gene
Gene::9121,SLC16A5,Gene
Gene::9122,SLC16A4,Gene
Gene::91227,GGTLC2,Gene
Gene::9123,SLC16A3,Gene
Gene::9124,PDLIM1,Gene
Gene::9125,RQCD1,Gene
Gene::91252,SLC39A13,Gene
Gene::9126,SMC3,Gene
Gene::91272,BOD1,Gene
Gene::9128,PRPF4,Gene
Gene::91289,LMF2,Gene
Gene::9129,PRPF3,Gene
Gene::91298,C12orf29,Gene
Gene::913,CD1E,Gene
Gene::9130,FAM50A,Gene
Gene::91300,R3HDM4,Gene
Gene::91304,TMEM259,Gene
Gene::9131,AIFM1,Gene
Gene::9132,KCNQ4,Gene
Gene::9133,CCNB2,Gene
Gene::9134,CCNE2,Gene
Gene::9135,RABEP1,Gene
Gene::91351,DDX60L,Gene
Gene::91355,LRP5L,Gene
Gene::9136,RRP9,Gene
Gene::91369,ANKRD40,Gene
Gene::91373,UAP1L1,Gene
Gene::9138,ARHGEF1,Gene
Gene::9139,CBFA2T2,Gene
Gene::914,CD2,Gene
Gene::9140,ATG12,Gene
Gene::9141,PDCD5,Gene
Gene::9142,TMEM257,Gene
Gene::9143,SYNGR3,Gene
Gene::9145,SYNGR1,Gene
Gene::9146,HGS,Gene
Gene::91461,PKDCC,Gene
Gene::9147,NEMF,Gene
Gene::9148,NEURL1,Gene
Gene::9149,DYRK1B,Gene
Gene::915,CD3D,Gene
Gene::9150,CTDP1,Gene
Gene::9152,SLC6A5,Gene
Gene::91522,COL23A1,Gene
Gene::91526,ANKRD44,Gene
Gene::9153,SLC28A2,Gene
Gene::9154,SLC28A1,Gene
Gene::91543,RSAD2,Gene
Gene::9156,EXO1,Gene
Gene::91574,C12orf65,Gene
Gene::9158,FIBP,Gene
Gene::91582,RPS19BP1,Gene
Gene::91584,PLXNA4,Gene
Gene::916,CD3E,Gene
Gene::91607,SLFN11,Gene
Gene::91608,RASL10B,Gene
Gene::91612,CHURC1,Gene
Gene::91614,DEPDC7,Gene
Gene::9162,DGKI,Gene
Gene::91646,TDRD12,Gene
Gene::91653,BOC,Gene
Gene::9166,EBAG9,Gene
Gene::91661,ZNF765,Gene
Gene::91662,NLRP12,Gene
Gene::91663,MYADM,Gene
Gene::91664,ZNF845,Gene
Gene::9167,COX7A2L,Gene
Gene::9168,TMSB10,Gene
Gene::91689,SMDT1,Gene
Gene::9169,SCAF11,Gene
Gene::917,CD3G,Gene
Gene::9170,LPAR2,Gene
Gene::91703,ACY3,Gene
Gene::9173,IL1RL1,Gene
Gene::91746,YTHDC1,Gene
Gene::91750,LIN52,Gene
Gene::91752,ZNF804A,Gene
Gene::91754,NEK9,Gene
Gene::91768,CABLES1,Gene
Gene::91775,NXPE3,Gene
Gene::91782,CHMP7,Gene
Gene::9179,AP4M1,Gene
Gene::9180,OSMR,Gene
Gene::91807,MYLK3,Gene
Gene::9181,ARHGEF2,Gene
Gene::9182,RASSF9,Gene
Gene::9183,ZW10,Gene
Gene::91833,WDR20,Gene
Gene::9184,BUB3,Gene
Gene::9185,REPS2,Gene
Gene::91851,CHRDL1,Gene
Gene::91862,MARVELD3,Gene
Gene::9187,SLC24A1,Gene
Gene::91875,TTC5,Gene
Gene::9188,DDX21,Gene
Gene::9189,ZBED1,Gene
Gene::919,CD247,Gene
Gene::9191,DEDD,Gene
Gene::9194,SLC16A7,Gene
Gene::91942,NDUFAF2,Gene
Gene::91949,COG7,Gene
Gene::91966,CXorf40A,Gene
Gene::9197,SLC33A1,Gene
Gene::92,ACVR2A,Gene
Gene::920,CD4,Gene
Gene::9200,HACD1,Gene
Gene::9201,DCLK1,Gene
Gene::9202,ZMYM4,Gene
Gene::9203,ZMYM3,Gene
Gene::9204,ZMYM6,Gene
Gene::9205,ZMYM5,Gene
Gene::9208,LRRFIP1,Gene
Gene::92086,GGTLC1,Gene
Gene::921,CD5,Gene
Gene::9210,BMP15,Gene
Gene::92105,INTS4,Gene
Gene::92106,OXNAD1,Gene
Gene::9211,LGI1,Gene
Gene::9212,AURKB,Gene
Gene::9213,XPR1,Gene
Gene::9214,FCMR,Gene
Gene::92140,MTDH,Gene
Gene::9215,LARGE,Gene
Gene::9217,VAPB,Gene
Gene::92170,MTG1,Gene
Gene::9218,VAPA,Gene
Gene::9219,MTA2,Gene
Gene::9221,NOLC1,Gene
Gene::92211,CDHR1,Gene
Gene::9223,MAGI1,Gene
Gene::92259,MRPS36,Gene
Gene::9227,LRAT,Gene
Gene::9228,DLGAP2,Gene
Gene::9229,DLGAP1,Gene
Gene::92291,CAPN13,Gene
Gene::92292,GLYATL1,Gene
Gene::92293,TMEM132C,Gene
Gene::923,CD6,Gene
Gene::9230,RAB11B,Gene
Gene::9231,DLG5,Gene
Gene::92312,MEX3A,Gene
Gene::9232,PTTG1,Gene
Gene::92335,STRADA,Gene
Gene::92342,METTL18,Gene
Gene::92344,GORAB,Gene
Gene::92345,NAF1,Gene
Gene::92346,C1orf105,Gene
Gene::9235,IL32,Gene
Gene::92359,CRB3,Gene
Gene::9236,CCPG1,Gene
Gene::9238,TBRG4,Gene
Gene::924,CD7,Gene
Gene::9241,NOG,Gene
Gene::9242,MSC,Gene
Gene::92421,CHMP4C,Gene
Gene::9244,CRLF1,Gene
Gene::9245,GCNT3,Gene
Gene::9246,UBE2L6,Gene
Gene::9248,GPR50,Gene
Gene::92482,BBIP1,Gene
Gene::92483,LDHAL6B,Gene
Gene::9249,DHRS3,Gene
Gene::925,CD8A,Gene
Gene::9252,RPS6KA5,Gene
Gene::9253,NUMBL,Gene
Gene::9254,CACNA2D2,Gene
Gene::9255,AIMP1,Gene
Gene::92558,CCDC64,Gene
Gene::9256,BZRAP1,Gene
Gene::9258,MFHAS1,Gene
Gene::92595,ZNF764,Gene
Gene::926,CD8B,Gene
Gene::9260,PDLIM7,Gene
Gene::92609,TIMM50,Gene
Gene::9261,MAPKAPK2,Gene
Gene::9262,STK17B,Gene
Gene::9263,STK17A,Gene
Gene::9265,CYTH3,Gene
Gene::9266,CYTH2,Gene
Gene::9267,CYTH1,Gene
Gene::92689,FAM114A1,Gene
Gene::9270,ITGB1BP1,Gene
Gene::92703,TMEM183A,Gene
Gene::92714,ARRDC1,Gene
Gene::92737,DNER,Gene
Gene::92749,DRC1,Gene
Gene::9275,BCL7B,Gene
Gene::9276,COPB2,Gene
Gene::9277,WDR46,Gene
Gene::928,CD9,Gene
Gene::92815,HIST3H2A,Gene
Gene::9284,NPIPA1,Gene
Gene::92856,IMP4,Gene
Gene::9289,ADGRG1,Gene
Gene::929,CD14,Gene
Gene::9290,GPR55,Gene
Gene::92912,UBE2Q2,Gene
Gene::92922,CCDC102A,Gene
Gene::92935,MARS2,Gene
Gene::9295,SRSF11,Gene
Gene::9296,ATP6V1F,Gene
Gene::92999,ZBTB47,Gene
Gene::93,ACVR2B,Gene
Gene::930,CD19,Gene
Gene::93010,B3GNT7,Gene
Gene::93034,NT5C1B,Gene
Gene::93035,PKHD1L1,Gene
Gene::93058,COQ10A,Gene
Gene::9306,SOCS6,Gene
Gene::9308,CD83,Gene
Gene::93082,NEURL3,Gene
Gene::931,MS4A1,Gene
Gene::93107,KCNG4,Gene
Gene::9311,ASIC3,Gene
Gene::9312,KCNB2,Gene
Gene::93129,ORAI3,Gene
Gene::9313,MMP20,Gene
Gene::9314,KLF4,Gene
Gene::9315,NREP,Gene
Gene::9317,PTER,Gene
Gene::9318,COPS2,Gene
Gene::93183,PIGM,Gene
Gene::9319,TRIP13,Gene
Gene::932,MS4A3,Gene
Gene::9320,TRIP12,Gene
Gene::9321,TRIP11,Gene
Gene::93210,PGAP3,Gene
Gene::9322,TRIP10,Gene
Gene::9324,HMGN3,Gene
Gene::9325,TRIP4,Gene
Gene::9326,ZNHIT3,Gene
Gene::93273,LEMD1,Gene
Gene::9329,GTF3C4,Gene
Gene::933,CD22,Gene
Gene::9330,GTF3C3,Gene
Gene::9331,B4GALT6,Gene
Gene::9332,CD163,Gene
Gene::93323,HAUS8,Gene
Gene::9333,TGM5,Gene
Gene::9334,B4GALT5,Gene
Gene::93349,SP140L,Gene
Gene::9337,CNOT8,Gene
Gene::9338,TCEAL1,Gene
Gene::93380,MMGT1,Gene
Gene::93408,MYL10,Gene
Gene::9341,VAMP3,Gene
Gene::9342,SNAP29,Gene
Gene::93426,SYCE1,Gene
Gene::9343,EFTUD2,Gene
Gene::9344,TAOK2,Gene
Gene::9348,NDST3,Gene
Gene::93487,MAPK1IP1L,Gene
Gene::9349,RPL23,Gene
Gene::9350,CER1,Gene
Gene::9351,SLC9A3R2,Gene
Gene::93517,SDR42E1,Gene
Gene::9352,TXNL1,Gene
Gene::9353,SLIT2,Gene
Gene::9354,UBE4A,Gene
Gene::9355,LHX2,Gene
Gene::9356,SLC22A6,Gene
Gene::9358,ITGBL1,Gene
Gene::93587,TRMT10A,Gene
Gene::93594,TBC1D31,Gene
Gene::9360,PPIG,Gene
Gene::9361,LONP1,Gene
Gene::93611,FBXO44,Gene
Gene::9362,CPNE6,Gene
Gene::93624,TADA2B,Gene
Gene::9364,RAB28,Gene
Gene::9365,KL,Gene
Gene::93650,ACPT,Gene
Gene::93659,CGB5,Gene
Gene::93664,CADPS2,Gene
Gene::9367,RAB9A,Gene
Gene::9368,SLC9A3R1,Gene
Gene::9369,NRXN3,Gene
Gene::9370,ADIPOQ,Gene
Gene::9372,ZFYVE9,Gene
Gene::9373,PLAA,Gene
Gene::9374,PPT2,Gene
Gene::9375,TM9SF2,Gene
Gene::9376,SLC22A8,Gene
Gene::9377,COX5A,Gene
Gene::9378,NRXN1,Gene
Gene::9379,NRXN2,Gene
Gene::9380,GRHPR,Gene
Gene::9381,OTOF,Gene
Gene::9388,LIPG,Gene
Gene::939,CD27,Gene
Gene::9392,TGFBRAP1,Gene
Gene::93953,ACRC,Gene
Gene::9397,NMT2,Gene
Gene::93973,ACTR8,Gene
Gene::93974,ATPIF1,Gene
Gene::93979,CPA5,Gene
Gene::9398,CD101,Gene
Gene::93986,FOXP2,Gene
Gene::9399,STOML1,Gene
Gene::94,ACVRL1,Gene
Gene::940,CD28,Gene
Gene::9401,RECQL4,Gene
Gene::94015,TTYH2,Gene
Gene::94025,MUC16,Gene
Gene::94026,POM121L2,Gene
Gene::9403,SEP15,Gene
Gene::94030,LRRC4B,Gene
Gene::94033,FTMT,Gene
Gene::9404,LPXN,Gene
Gene::94056,SYAP1,Gene
Gene::94059,LENG9,Gene
Gene::94081,SFXN1,Gene
Gene::9409,PEX16,Gene
Gene::941,CD80,Gene
Gene::9410,SNRNP40,Gene
Gene::94101,ORMDL1,Gene
Gene::94103,ORMDL3,Gene
Gene::94104,PAXBP1,Gene
Gene::9411,ARHGAP29,Gene
Gene::94120,SYTL3,Gene
Gene::94121,SYTL4,Gene
Gene::9413,FAM189A2,Gene
Gene::94134,ARHGAP12,Gene
Gene::9414,TJP2,Gene
Gene::9415,FADS2,Gene
Gene::9416,DDX23,Gene
Gene::94160,ABCC12,Gene
Gene::9419,CRIPT,Gene
Gene::942,CD86,Gene
Gene::9420,CYP7B1,Gene
Gene::9423,NTN1,Gene
Gene::94233,OPN4,Gene
Gene::94234,FOXQ1,Gene
Gene::94239,H2AFV,Gene
Gene::9424,KCNK6,Gene
Gene::94240,EPSTI1,Gene
Gene::94241,TP53INP1,Gene
Gene::9425,CDYL,Gene
Gene::9426,CDY2A,Gene
Gene::9427,ECEL1,Gene
Gene::94274,PPP1R14A,Gene
Gene::9429,ABCG2,Gene
Gene::943,TNFRSF8,Gene
Gene::9435,CHST2,Gene
Gene::9436,NCR2,Gene
Gene::944,TNFSF8,Gene
Gene::9440,MED17,Gene
Gene::9443,MED7,Gene
Gene::9444,QKI,Gene
Gene::9445,ITM2B,Gene
Gene::9446,GSTO1,Gene
Gene::9447,AIM2,Gene
Gene::9448,MAP4K4,Gene
Gene::945,CD33,Gene
Gene::9451,EIF2AK3,Gene
Gene::9452,ITM2A,Gene
Gene::9453,GGPS1,Gene
Gene::9454,HOMER3,Gene
Gene::9455,HOMER2,Gene
Gene::9456,HOMER1,Gene
Gene::9457,FHL5,Gene
Gene::9459,ARHGEF6,Gene
Gene::9462,RASAL2,Gene
Gene::9463,PICK1,Gene
Gene::9465,AKAP7,Gene
Gene::9466,IL27RA,Gene
Gene::9467,SH3BP5,Gene
Gene::9468,PCYT1B,Gene
Gene::9469,CHST3,Gene
Gene::947,CD34,Gene
Gene::9470,EIF4E2,Gene
Gene::9472,AKAP6,Gene
Gene::9473,THEMIS2,Gene
Gene::9474,ATG5,Gene
Gene::9475,ROCK2,Gene
Gene::9476,NAPSA,Gene
Gene::9479,MAPK8IP1,Gene
Gene::948,CD36,Gene
Gene::9481,SLC25A27,Gene
Gene::9486,CHST10,Gene
Gene::9488,PIGB,Gene
Gene::9489,PGS1,Gene
Gene::949,SCARB1,Gene
Gene::9491,PSMF1,Gene
Gene::9493,KIF23,Gene
Gene::9497,SLC4A7,Gene
Gene::9498,SLC4A8,Gene
Gene::9499,MYOT,Gene
Gene::95,ACY1,Gene
Gene::950,SCARB2,Gene
Gene::9500,MAGED1,Gene
Gene::9501,RPH3AL,Gene
Gene::9507,ADAMTS4,Gene
Gene::9508,ADAMTS3,Gene
Gene::9509,ADAMTS2,Gene
Gene::951,CD37,Gene
Gene::9510,ADAMTS1,Gene
Gene::9512,PMPCB,Gene
Gene::9515,STXBP5L,Gene
Gene::9516,LITAF,Gene
Gene::9517,SPTLC2,Gene
Gene::9518,GDF15,Gene
Gene::9519,TBPL1,Gene
Gene::952,CD38,Gene
Gene::9520,NPEPPS,Gene
Gene::9521,EEF1E1,Gene
Gene::9522,SCAMP1,Gene
Gene::9524,TECR,Gene
Gene::9526,MPDU1,Gene
Gene::9527,GOSR1,Gene
Gene::9528,TMEM59,Gene
Gene::9529,BAG5,Gene
Gene::953,ENTPD1,Gene
Gene::9530,BAG4,Gene
Gene::9531,BAG3,Gene
Gene::9532,BAG2,Gene
Gene::9533,POLR1C,Gene
Gene::9534,ZNF254,Gene
Gene::9536,PTGES,Gene
Gene::9538,EI24,Gene
Gene::954,ENTPD2,Gene
Gene::9540,TP53I3,Gene
Gene::9545,RAB3D,Gene
Gene::9546,APBA3,Gene
Gene::9547,CXCL14,Gene
Gene::955,ENTPD6,Gene
Gene::9550,ATP6V1G1,Gene
Gene::9551,ATP5J2,Gene
Gene::9552,SPAG7,Gene
Gene::9553,MRPL33,Gene
Gene::9554,SEC22B,Gene
Gene::9555,H2AFY,Gene
Gene::9556,C14orf2,Gene
Gene::9557,CHD1L,Gene
Gene::9559,VPS26A,Gene
Gene::9560,CCL4L2,Gene
Gene::9562,MINPP1,Gene
Gene::9563,H6PD,Gene
Gene::9564,BCAR1,Gene
Gene::9567,GTPBP1,Gene
Gene::9568,GABBR2,Gene
Gene::95681,CEP41,Gene
Gene::9569,GTF2IRD1,Gene
Gene::957,ENTPD5,Gene
Gene::9570,GOSR2,Gene
Gene::9572,NR1D1,Gene
Gene::9573,GDF3,Gene
Gene::9575,CLOCK,Gene
Gene::9577,BRE,Gene
Gene::9578,CDC42BPB,Gene
Gene::958,CD40,Gene
Gene::9581,PREPL,Gene
Gene::9582,APOBEC3B,Gene
Gene::9583,ENTPD4,Gene
Gene::9584,RBM39,Gene
Gene::9585,KIF20B,Gene
Gene::9586,CREB5,Gene
Gene::9587,MAD2L1BP,Gene
Gene::9588,PRDX6,Gene
Gene::9589,WTAP,Gene
Gene::959,CD40LG,Gene
Gene::9590,AKAP12,Gene
Gene::9592,IER2,Gene
Gene::9595,CYTIP,Gene
Gene::960,CD44,Gene
Gene::9601,PDIA4,Gene
Gene::9603,NFE2L3,Gene
Gene::9604,RNF14,Gene
Gene::9605,VPS9D1,Gene
Gene::9607,CARTPT,Gene
Gene::9609,RAB36,Gene
Gene::961,CD47,Gene
Gene::9610,RIN1,Gene
Gene::9611,NCOR1,Gene
Gene::9612,NCOR2,Gene
Gene::9615,GDA,Gene
Gene::9617,MTRF1,Gene
Gene::9619,ABCG1,Gene
Gene::962,CD48,Gene
Gene::9620,CELSR1,Gene
Gene::9622,KLK4,Gene
Gene::9623,TCL1B,Gene
Gene::9625,AATK,Gene
Gene::9627,SNCAIP,Gene
Gene::963,CD53,Gene
Gene::9631,NUP155,Gene
Gene::9632,SEC24C,Gene
Gene::9633,MTL5,Gene
Gene::9635,CLCA2,Gene
Gene::9636,ISG15,Gene
Gene::9637,FEZ2,Gene
Gene::9638,FEZ1,Gene
Gene::9639,ARHGEF10,Gene
Gene::9640,ZNF592,Gene
Gene::9641,IKBKE,Gene
Gene::9643,MORF4L2,Gene
Gene::9645,MICAL2,Gene
Gene::96459,FNIP1,Gene
Gene::9646,CTR9,Gene
Gene::9648,GCC2,Gene
Gene::9649,RALGPS1,Gene
Gene::965,CD58,Gene
Gene::9650,MTFR1,Gene
Gene::9651,PLCH2,Gene
Gene::9653,HS2ST1,Gene
Gene::9654,TTLL4,Gene
Gene::9655,SOCS5,Gene
Gene::9657,IQCB1,Gene
Gene::9658,ZNF516,Gene
Gene::9659,PDE4DIP,Gene
Gene::966,CD59,Gene
Gene::9662,CEP135,Gene
Gene::9663,LPIN2,Gene
Gene::9665,KIAA0430,Gene
Gene::9666,DZIP3,Gene
Gene::9667,SAFB2,Gene
Gene::9668,ZNF432,Gene
Gene::9669,EIF5B,Gene
Gene::967,CD63,Gene
Gene::9670,IPO13,Gene
Gene::9671,WSCD2,Gene
Gene::9672,SDC3,Gene
Gene::9673,SLC25A44,Gene
Gene::9675,TTI1,Gene
Gene::9677,PPIP5K1,Gene
Gene::9678,PHF14,Gene
Gene::9679,FAM53B,Gene
Gene::968,CD68,Gene
Gene::9681,DEPDC5,Gene
Gene::9682,KDM4A,Gene
Gene::9683,N4BP1,Gene
Gene::9685,CLINT1,Gene
Gene::9686,VGLL4,Gene
Gene::9687,GREB1,Gene
Gene::9688,NUP93,Gene
Gene::9689,BZW1,Gene
Gene::969,CD69,Gene
Gene::9690,UBE3C,Gene
Gene::9692,KIAA0391,Gene
Gene::9693,RAPGEF2,Gene
Gene::9695,EDEM1,Gene
Gene::9696,CROCC,Gene
Gene::9697,TRAM2,Gene
Gene::9698,PUM1,Gene
Gene::9699,RIMS2,Gene
Gene::97,ACYP1,Gene
Gene::970,CD70,Gene
Gene::9700,ESPL1,Gene
Gene::9702,CEP57,Gene
Gene::9703,KIAA0100,Gene
Gene::9704,DHX34,Gene
Gene::9705,ST18,Gene
Gene::9706,ULK2,Gene
Gene::9708,PCDHGA8,Gene
Gene::9709,HERPUD1,Gene
Gene::971,CD72,Gene
Gene::9710,KIAA0355,Gene
Gene::9711,KIAA0226,Gene
Gene::9712,USP6NL,Gene
Gene::9715,FAM131B,Gene
Gene::9716,AQR,Gene
Gene::9717,SEC14L5,Gene
Gene::9718,ECE2,Gene
Gene::972,CD74,Gene
Gene::9722,NOS1AP,Gene
Gene::9724,UTP14C,Gene
Gene::9725,TMEM63A,Gene
Gene::9727,RAB11FIP3,Gene
Gene::9728,SECISBP2L,Gene
Gene::973,CD79A,Gene
Gene::9732,DOCK4,Gene
Gene::9733,SART3,Gene
Gene::9734,HDAC9,Gene
Gene::9735,KNTC1,Gene
Gene::9736,USP34,Gene
Gene::9737,GPRASP1,Gene
Gene::9738,CCP110,Gene
Gene::9739,SETD1A,Gene
Gene::974,CD79B,Gene
Gene::9741,LAPTM4A,Gene
Gene::9744,ACAP1,Gene
Gene::9745,ZNF536,Gene
Gene::9746,CLSTN3,Gene
Gene::9748,SLK,Gene
Gene::9749,PHACTR2,Gene
Gene::975,CD81,Gene
Gene::9750,FAM65B,Gene
Gene::9751,SNPH,Gene
Gene::9754,STARD8,Gene
Gene::9755,TBKBP1,Gene
Gene::9757,KMT2B,Gene
Gene::9759,HDAC4,Gene
Gene::976,ADGRE5,Gene
Gene::9760,TOX,Gene
Gene::9761,MLEC,Gene
Gene::9762,LZTS3,Gene
Gene::9764,KIAA0513,Gene
Gene::9765,ZFYVE16,Gene
Gene::9766,SUSD6,Gene
Gene::9767,JADE3,Gene
Gene::9768,KIAA0101,Gene
Gene::977,CD151,Gene
Gene::9770,RASSF2,Gene
Gene::9772,KIAA0195,Gene
Gene::9774,BCLAF1,Gene
Gene::9775,EIF4A3,Gene
Gene::9776,ATG13,Gene
Gene::9777,TM9SF4,Gene
Gene::9778,KIAA0232,Gene
Gene::9779,TBC1D5,Gene
Gene::978,CDA,Gene
Gene::9780,PIEZO1,Gene
Gene::9781,RNF144A,Gene
Gene::9782,MATR3,Gene
Gene::9783,RIMS3,Gene
Gene::9784,SNX17,Gene
Gene::9785,DHX38,Gene
Gene::9786,KIAA0586,Gene
Gene::9787,DLGAP5,Gene
Gene::9788,MTSS1,Gene
Gene::9789,SPCS2,Gene
Gene::9790,BMS1,Gene
Gene::9791,PTDSS1,Gene
Gene::9792,SERTAD2,Gene
Gene::9793,CKAP5,Gene
Gene::9796,PHYHIP,Gene
Gene::9797,TATDN2,Gene
Gene::9798,IST1,Gene
Gene::9801,MRPL19,Gene
Gene::9802,DAZAP2,Gene
Gene::9804,TOMM20,Gene
Gene::9805,SCRN1,Gene
Gene::9806,SPOCK2,Gene
Gene::9807,IP6K1,Gene
Gene::9811,CTIF,Gene
Gene::9812,KIAA0141,Gene
Gene::9813,EFCAB14,Gene
Gene::9814,SFI1,Gene
Gene::9815,GIT2,Gene
Gene::9816,URB2,Gene
Gene::9817,KEAP1,Gene
Gene::9818,NUPL1,Gene
Gene::9819,TSC22D2,Gene
Gene::9820,CUL7,Gene
Gene::9821,RB1CC1,Gene
Gene::9824,ARHGAP11A,Gene
Gene::9825,SPATA2,Gene
Gene::9826,ARHGEF11,Gene
Gene::9829,DNAJC6,Gene
Gene::983,CDK1,Gene
Gene::9830,TRIM14,Gene
Gene::9831,ZNF623,Gene
Gene::9832,JAKMIP2,Gene
Gene::9833,MELK,Gene
Gene::9836,LCMT2,Gene
Gene::9837,GINS1,Gene
Gene::9839,ZEB2,Gene
Gene::984,CDK11B,Gene
Gene::9841,ZBTB24,Gene
Gene::9842,PLEKHM1,Gene
Gene::9844,ELMO1,Gene
Gene::9846,GAB2,Gene
Gene::9847,C2CD5,Gene
Gene::9848,MFAP3L,Gene
Gene::9849,ZNF518A,Gene
Gene::9851,KIAA0753,Gene
Gene::9852,EPM2AIP1,Gene
Gene::9854,C2CD2L,Gene
Gene::9855,FARP2,Gene
Gene::9856,KIAA0319,Gene
Gene::9857,CEP350,Gene
Gene::9858,PPP1R26,Gene
Gene::9859,CEP170,Gene
Gene::9861,PSMD6,Gene
Gene::9862,MED24,Gene
Gene::9863,MAGI2,Gene
Gene::9868,TOMM70A,Gene
Gene::9869,SETDB1,Gene
Gene::987,LRBA,Gene
Gene::9870,AREL1,Gene
Gene::9871,SEC24D,Gene
Gene::9873,FCHSD2,Gene
Gene::9874,TLK1,Gene
Gene::9875,URB1,Gene
Gene::9877,ZC3H11A,Gene
Gene::9878,TOX4,Gene
Gene::9879,DDX46,Gene
Gene::988,CDC5L,Gene
Gene::9881,TRANK1,Gene
Gene::9882,TBC1D4,Gene
Gene::9885,OSBPL2,Gene
Gene::9886,RHOBTB1,Gene
Gene::9889,ZBED4,Gene
Gene::989,SEPT7,Gene
Gene::9890,LPPR4,Gene
Gene::9891,NUAK1,Gene
Gene::9895,TECPR2,Gene
Gene::9896,FIG4,Gene
Gene::9897,KIAA0196,Gene
Gene::9899,SV2B,Gene
Gene::990,CDC6,Gene
Gene::9900,SV2A,Gene
Gene::9902,MRC2,Gene
Gene::9903,KLHL21,Gene
Gene::9905,SGSM2,Gene
Gene::9907,AP5Z1,Gene
Gene::9908,G3BP2,Gene
Gene::9909,DENND4B,Gene
Gene::991,CDC20,Gene
Gene::9910,RABGAP1L,Gene
Gene::9911,TMCC2,Gene
Gene::9912,ARHGAP44,Gene
Gene::9913,SUPT7L,Gene
Gene::9914,ATP2C2,Gene
Gene::9915,ARNT2,Gene
Gene::9917,FAM20B,Gene
Gene::9918,NCAPD2,Gene
Gene::9920,KBTBD11,Gene
Gene::9921,RNF10,Gene
Gene::9922,IQSEC1,Gene
Gene::9923,ZBTB40,Gene
Gene::9924,PAN2,Gene
Gene::9925,ZBTB5,Gene
Gene::9926,LPGAT1,Gene
Gene::9927,MFN2,Gene
Gene::9928,KIF14,Gene
Gene::9929,JOSD1,Gene
Gene::993,CDC25A,Gene
Gene::9931,HELZ,Gene
Gene::9933,KIAA0020,Gene
Gene::9934,P2RY14,Gene
Gene::9935,MAFB,Gene
Gene::9936,CD302,Gene
Gene::9937,DCLRE1A,Gene
Gene::9938,ARHGAP25,Gene
Gene::9939,RBM8A,Gene
Gene::994,CDC25B,Gene
Gene::9940,DLEC1,Gene
Gene::9941,EXOG,Gene
Gene::9943,OXSR1,Gene
Gene::9945,GFPT2,Gene
Gene::9946,CRYZL1,Gene
Gene::9947,MAGEC1,Gene
Gene::9948,WDR1,Gene
Gene::9949,AMMECR1,Gene
Gene::995,CDC25C,Gene
Gene::9950,GOLGA5,Gene
Gene::9957,HS3ST1,Gene
Gene::9958,USP15,Gene
Gene::996,CDC27,Gene
Gene::9960,USP3,Gene
Gene::9961,MVP,Gene
Gene::9962,SLC23A2,Gene
Gene::9963,SLC23A1,Gene
Gene::9965,FGF19,Gene
Gene::9966,TNFSF15,Gene
Gene::9967,THRAP3,Gene
Gene::9968,MED12,Gene
Gene::9969,MED13,Gene
Gene::997,CDC34,Gene
Gene::9970,NR1I3,Gene
Gene::9971,NR1H4,Gene
Gene::9972,NUP153,Gene
Gene::9973,CCS,Gene
Gene::9975,NR1D2,Gene
Gene::9976,CLEC2B,Gene
Gene::9978,RBX1,Gene
Gene::998,CDC42,Gene
Gene::9980,DOPEY2,Gene
Gene::9982,FGFBP1,Gene
Gene::9984,THOC1,Gene
Gene::9985,REC8,Gene
Gene::9987,HNRNPDL,Gene
Gene::9988,DMTF1,Gene
Gene::9989,PPP4R1,Gene
Gene::999,CDH1,Gene
Gene::9990,SLC12A6,Gene
Gene::9991,PTBP3,Gene
Gene::9992,KCNE2,Gene
Gene::9994,CASP8AP2,Gene
Gene::9997,SCO2,Gene
Pharmacologic Class::N0000000069,Calcium Channel Antagonists,PharmacologicClass
Pharmacologic Class::N0000000070,Angiotensin 2 Receptor Antagonists,PharmacologicClass
Pharmacologic Class::N0000000083,Leukotriene Receptor Antagonists,PharmacologicClass
Pharmacologic Class::N0000000100,Estrogen Receptor Agonists,PharmacologicClass
Pharmacologic Class::N0000000102,Norepinephrine Uptake Inhibitors,PharmacologicClass
Pharmacologic Class::N0000000104,Cholinergic Muscarinic Agonists,PharmacologicClass
Pharmacologic Class::N0000000106,Prostaglandin Receptor Agonists,PharmacologicClass
Pharmacologic Class::N0000000109,Serotonin Uptake Inhibitors,PharmacologicClass
Pharmacologic Class::N0000000111,Folic Acid Metabolism Inhibitors,PharmacologicClass
Pharmacologic Class::N0000000114,Dopamine Uptake Inhibitors,PharmacologicClass
Pharmacologic Class::N0000000115,Progestational Hormone Receptor Antagonists,PharmacologicClass
Pharmacologic Class::N0000000116,GABA B Agonists,PharmacologicClass
Pharmacologic Class::N0000000122,Adrenergic Agonists,PharmacologicClass
Pharmacologic Class::N0000000125,Cholinergic Muscarinic Antagonists,PharmacologicClass
Pharmacologic Class::N0000000144,Iron Chelating Activity,PharmacologicClass
Pharmacologic Class::N0000000146,Androgen Receptor Agonists,PharmacologicClass
Pharmacologic Class::N0000000150,Protein Synthesis Inhibitors,PharmacologicClass
Pharmacologic Class::N0000000151,Histamine H2 Receptor Antagonists,PharmacologicClass
Pharmacologic Class::N0000000154,Opioid Antagonists,PharmacologicClass
Pharmacologic Class::N0000000160,Cyclooxygenase Inhibitors,PharmacologicClass
Pharmacologic Class::N0000000166,alpha Glucosidase Inhibitors,PharmacologicClass
Pharmacologic Class::N0000000168,Selective Estrogen Receptor Modulators,PharmacologicClass
Pharmacologic Class::N0000000174,Opioid Agonists,PharmacologicClass
Pharmacologic Class::N0000000176,Topoisomerase Inhibitors,PharmacologicClass
Pharmacologic Class::N0000000183,Acetyl Aldehyde Dehydrogenase Inhibitors,PharmacologicClass
Pharmacologic Class::N0000000190,Histamine H1 Receptor Antagonists,PharmacologicClass
Pharmacologic Class::N0000000191,Dihydrofolate Reductase Inhibitors,PharmacologicClass
Pharmacologic Class::N0000000194,Somatostatin Receptor Agonists,PharmacologicClass
Pharmacologic Class::N0000000196,GABA A Agonists,PharmacologicClass
Pharmacologic Class::N0000000202,beta Lactamase Inhibitors,PharmacologicClass
Pharmacologic Class::N0000000206,Xanthine Oxidase Inhibitors,PharmacologicClass
Pharmacologic Class::N0000000207,Histamine Receptor Antagonists,PharmacologicClass
Pharmacologic Class::N0000000209,Adrenergic alpha-Agonists,PharmacologicClass
Pharmacologic Class::N0000000233,Nucleic Acid Synthesis Inhibitors,PharmacologicClass
Pharmacologic Class::N0000000235,Carbonic Anhydrase Inhibitors,PharmacologicClass
Pharmacologic Class::N0000000236,Alkylating Activity,PharmacologicClass
Pharmacologic Class::N0000000239,P-Glycoprotein Interactions,PharmacologicClass
Pharmacologic Class::N0000000243,Androgen Receptor Antagonists,PharmacologicClass
Pharmacologic Class::N0000000246,HIV Protease Inhibitors,PharmacologicClass
Pharmacologic Class::N0000000250,Melatonin Receptor Agonists,PharmacologicClass
Pharmacologic Class::N0000005760,Aminosalicylic Acids,PharmacologicClass
Pharmacologic Class::N0000005934,Progesterone,PharmacologicClass
Pharmacologic Class::N0000006014,Pyrethrins,PharmacologicClass
Pharmacologic Class::N0000006165,Triiodothyronine,PharmacologicClass
Pharmacologic Class::N0000006269,Vitamin A,PharmacologicClass
Pharmacologic Class::N0000006276,Vitamin B 12,PharmacologicClass
Pharmacologic Class::N0000006277,Vitamin D,PharmacologicClass
Pharmacologic Class::N0000006290,Vitamin K,PharmacologicClass
Pharmacologic Class::N0000006320,Vasopressins,PharmacologicClass
Pharmacologic Class::N0000006337,Ergocalciferols,PharmacologicClass
Pharmacologic Class::N0000006496,Nicotine,PharmacologicClass
Pharmacologic Class::N0000006688,Carnitine,PharmacologicClass
Pharmacologic Class::N0000006801,Bile Acids and Salts,PharmacologicClass
Pharmacologic Class::N0000006806,Amino Acids,PharmacologicClass
Pharmacologic Class::N0000006996,Cholecalciferol,PharmacologicClass
Pharmacologic Class::N0000006999,Urea,PharmacologicClass
Pharmacologic Class::N0000007151,Folic Acid,PharmacologicClass
Pharmacologic Class::N0000007196,Iodine,PharmacologicClass
Pharmacologic Class::N0000007246,Estradiol,PharmacologicClass
Pharmacologic Class::N0000007522,Allylamine,PharmacologicClass
Pharmacologic Class::N0000007529,Macrolides,PharmacologicClass
Pharmacologic Class::N0000007530,Anthracyclines,PharmacologicClass
Pharmacologic Class::N0000007542,Benzodiazepines,PharmacologicClass
Pharmacologic Class::N0000007544,Phenothiazines,PharmacologicClass
Pharmacologic Class::N0000007556,Dihydropyridines,PharmacologicClass
Pharmacologic Class::N0000007566,Benzylamines,PharmacologicClass
Pharmacologic Class::N0000007568,Oxazolidinones,PharmacologicClass
Pharmacologic Class::N0000007570,Pyridines,PharmacologicClass
Pharmacologic Class::N0000007606,Quinolones,PharmacologicClass
Pharmacologic Class::N0000007618,Ergolines,PharmacologicClass
Pharmacologic Class::N0000007620,Ergot Alkaloids,PharmacologicClass
Pharmacologic Class::N0000007621,Ergotamines,PharmacologicClass
Pharmacologic Class::N0000007632,Thyroxine,PharmacologicClass
Pharmacologic Class::N0000007641,Nicotinic Acids,PharmacologicClass
Pharmacologic Class::N0000007647,Nitrates,PharmacologicClass
Pharmacologic Class::N0000007658,Nitrofurans,PharmacologicClass
Pharmacologic Class::N0000007659,Nitrogen Mustard Compounds,PharmacologicClass
Pharmacologic Class::N0000007663,Nitroimidazoles,PharmacologicClass
Pharmacologic Class::N0000007672,Polyenes,PharmacologicClass
Pharmacologic Class::N0000007681,Amides,PharmacologicClass
Pharmacologic Class::N0000007683,Organometallic Compounds,PharmacologicClass
Pharmacologic Class::N0000007698,Biguanides,PharmacologicClass
Pharmacologic Class::N0000007700,Retinoids,PharmacologicClass
Pharmacologic Class::N0000007706,Prostaglandins,PharmacologicClass
Pharmacologic Class::N0000007707,Diphosphonates,PharmacologicClass
Pharmacologic Class::N0000007710,"Prostaglandins E, Synthetic",PharmacologicClass
Pharmacologic Class::N0000007715,Catecholamines,PharmacologicClass
Pharmacologic Class::N0000007770,Deoxyuridine,PharmacologicClass
Pharmacologic Class::N0000007780,Vinca Alkaloids,PharmacologicClass
Pharmacologic Class::N0000007822,Polymyxins,PharmacologicClass
Pharmacologic Class::N0000007853,Aminoglycosides,PharmacologicClass
Pharmacologic Class::N0000007883,Amphetamines,PharmacologicClass
Pharmacologic Class::N0000007888,Bismuth,PharmacologicClass
Pharmacologic Class::N0000007889,Glycopeptides,PharmacologicClass
Pharmacologic Class::N0000007893,Glycosaminoglycans,PharmacologicClass
Pharmacologic Class::N0000007909,Psoralens,PharmacologicClass
Pharmacologic Class::N0000007911,Rifamycins,PharmacologicClass
Pharmacologic Class::N0000007948,Tetracyclines,PharmacologicClass
Pharmacologic Class::N0000007961,"Heparin, Low-Molecular-Weight",PharmacologicClass
Pharmacologic Class::N0000007983,Hydroxy Acids,PharmacologicClass
Pharmacologic Class::N0000008010,Cannabinoids,PharmacologicClass
Pharmacologic Class::N0000008016,Barbiturates,PharmacologicClass
Pharmacologic Class::N0000008048,Sulfonamides,PharmacologicClass
Pharmacologic Class::N0000008053,Sulfones,PharmacologicClass
Pharmacologic Class::N0000008054,Sulfonylurea Compounds,PharmacologicClass
Pharmacologic Class::N0000008065,Purines,PharmacologicClass
Pharmacologic Class::N0000008118,Xanthines,PharmacologicClass
Pharmacologic Class::N0000008157,Cardiac Glycosides,PharmacologicClass
Pharmacologic Class::N0000008217,Azoles,PharmacologicClass
Pharmacologic Class::N0000008241,Androstanes,PharmacologicClass
Pharmacologic Class::N0000008330,Cardiac Rhythm Alteration,PharmacologicClass
Pharmacologic Class::N0000008478,Decreased Cell Wall Integrity,PharmacologicClass
Pharmacologic Class::N0000008479,Decreased Cell Wall Synthesis & Repair,PharmacologicClass
Pharmacologic Class::N0000008486,Decreased Central Nervous System Disorganized Electrical Activity,PharmacologicClass
Pharmacologic Class::N0000008553,Decreased Cholesterol Absorption,PharmacologicClass
Pharmacologic Class::N0000008556,Decreased Coagulation Factor Activity,PharmacologicClass
Pharmacologic Class::N0000008577,Decreased DNA Replication,PharmacologicClass
Pharmacologic Class::N0000008638,Decreased GnRH Secretion,PharmacologicClass
Pharmacologic Class::N0000008663,Decreased Immunologically Active Molecule Activity,PharmacologicClass
Pharmacologic Class::N0000008683,Decreased Leukotriene Production,PharmacologicClass
Pharmacologic Class::N0000008732,Decreased Mitosis,PharmacologicClass
Pharmacologic Class::N0000008779,Decreased Parasympathetic Acetylcholine Activity,PharmacologicClass
Pharmacologic Class::N0000008832,Decreased Platelet Aggregation,PharmacologicClass
Pharmacologic Class::N0000008836,Decreased Prostaglandin Production,PharmacologicClass
Pharmacologic Class::N0000008841,Decreased Protein Synthesis,PharmacologicClass
Pharmacologic Class::N0000008853,Decreased RNA Replication,PharmacologicClass
Pharmacologic Class::N0000008859,Decreased Renal K+ Excretion,PharmacologicClass
Pharmacologic Class::N0000008867,Decreased Respiratory Secretion Viscosity,PharmacologicClass
Pharmacologic Class::N0000008953,Decreased Striated Muscle Contraction,PharmacologicClass
Pharmacologic Class::N0000009010,Decreased Tracheobronchial Stretch Receptor Activity,PharmacologicClass
Pharmacologic Class::N0000009022,Digestive/GI System Activity Alteration,PharmacologicClass
Pharmacologic Class::N0000009034,Emesis Suppression,PharmacologicClass
Pharmacologic Class::N0000009048,GI Motility Alteration,PharmacologicClass
Pharmacologic Class::N0000009059,Genitourinary Arterial Vasodilation,PharmacologicClass
Pharmacologic Class::N0000009065,Hematologic Activity Alteration,PharmacologicClass
Pharmacologic Class::N0000009079,Increased Acetylcholine Activity,PharmacologicClass
Pharmacologic Class::N0000009176,Increased Cellular Death,PharmacologicClass
Pharmacologic Class::N0000009267,Increased Cytokine Activity,PharmacologicClass
Pharmacologic Class::N0000009269,Increased Cytokine Production,PharmacologicClass
Pharmacologic Class::N0000009282,Increased Dopamine Activity,PharmacologicClass
Pharmacologic Class::N0000009371,Increased Large Intestinal Motility,PharmacologicClass
Pharmacologic Class::N0000009393,Increased Medullary Respiratory Drive,PharmacologicClass
Pharmacologic Class::N0000009456,Increased Norepinephrine Activity,PharmacologicClass
Pharmacologic Class::N0000009526,Increased Prostaglandin Activity,PharmacologicClass
Pharmacologic Class::N0000009724,Inhibition Gastric Acid Secretion,PharmacologicClass
Pharmacologic Class::N0000009801,Photosensitizing Activity,PharmacologicClass
Pharmacologic Class::N0000009871,Stimulation Large Intestine Fluid/Electrolyte Secretion,PharmacologicClass
Pharmacologic Class::N0000009905,Vascular Sclerosing Activity,PharmacologicClass
Pharmacologic Class::N0000009909,Vasodilation,PharmacologicClass
Pharmacologic Class::N0000009911,Venous Vasodilation,PharmacologicClass
Pharmacologic Class::N0000009916,Lipase Inhibitors,PharmacologicClass
Pharmacologic Class::N0000009917,Adrenergic alpha1-Agonists,PharmacologicClass
Pharmacologic Class::N0000009918,Adrenergic alpha2-Agonists,PharmacologicClass
Pharmacologic Class::N0000009922,Adrenergic beta2-Agonists,PharmacologicClass
Pharmacologic Class::N0000009923,Adrenergic beta1-Antagonists,PharmacologicClass
Pharmacologic Class::N0000009924,Adrenergic beta2-Antagonists,PharmacologicClass
Pharmacologic Class::N0000009945,Antidiuretic Hormone Antagonists,PharmacologicClass
Pharmacologic Class::N0000009947,Nucleoside Reverse Transcriptase Inhibitors,PharmacologicClass
Pharmacologic Class::N0000009948,Non-Nucleoside Reverse Transcriptase Inhibitors,PharmacologicClass
Pharmacologic Class::N0000009963,Thrombin Inhibitors,PharmacologicClass
Pharmacologic Class::N0000009982,Decreased Sebaceous Gland Activity,PharmacologicClass
Pharmacologic Class::N0000010217,Photoabsorption,PharmacologicClass
Pharmacologic Class::N0000010258,X-Ray Contrast Activity,PharmacologicClass
Pharmacologic Class::N0000010259,Ultrasound Contrast Activity,PharmacologicClass
Pharmacologic Class::N0000010262,Neurokinin 1 Antagonists,PharmacologicClass
Pharmacologic Class::N0000010288,Osmotic Activity,PharmacologicClass
Pharmacologic Class::N0000011161,Cephalosporins,PharmacologicClass
Pharmacologic Class::N0000011272,Thiazolidinediones,PharmacologicClass
Pharmacologic Class::N0000011280,Prostaglandins I,PharmacologicClass
Pharmacologic Class::N0000011281,Penicillins,PharmacologicClass
Pharmacologic Class::N0000011294,Carbapenems,PharmacologicClass
Pharmacologic Class::N0000011301,Progesterone Congeners,PharmacologicClass
Pharmacologic Class::N0000011310,Aldosterone Antagonists,PharmacologicClass
Pharmacologic Class::N0000011311,Monobactams,PharmacologicClass
Pharmacologic Class::N0000011402,Estradiol Congeners,PharmacologicClass
Pharmacologic Class::N0000011414,Ketolides,PharmacologicClass
Pharmacologic Class::N0000011418,Streptogramins,PharmacologicClass
Pharmacologic Class::N0000020000,Receptor Tyrosine Kinase Inhibitors,PharmacologicClass
Pharmacologic Class::N0000020015,NMDA Receptor Antagonists,PharmacologicClass
Pharmacologic Class::N0000020019,Glucosylceramide Synthase Inhibitors,PharmacologicClass
Pharmacologic Class::N0000020024,Sclerosing Activity,PharmacologicClass
Pharmacologic Class::N0000020026,Phosphodiesterase 5 Inhibitors,PharmacologicClass
Pharmacologic Class::N0000020060,DNA Polymerase Inhibitors,PharmacologicClass
Pharmacologic Class::N0000020074,Phosphate Chelating Activity,PharmacologicClass
Pharmacologic Class::N0000020081,Increased Calcium-sensing Receptor Sensitivity,PharmacologicClass
Pharmacologic Class::N0000166469,Thiazides,PharmacologicClass
Pharmacologic Class::N0000166489,Quaternary Ammonium Compounds,PharmacologicClass
Pharmacologic Class::N0000166743,Esters,PharmacologicClass
Pharmacologic Class::N0000167094,Benzothiazoles,PharmacologicClass
Pharmacologic Class::N0000167510,"Estrogens, Conjugated (USP)",PharmacologicClass
Pharmacologic Class::N0000170118,PPAR alpha,PharmacologicClass
Pharmacologic Class::N0000170119,PPAR gamma,PharmacologicClass
Pharmacologic Class::N0000171131,Allergens,PharmacologicClass
Pharmacologic Class::N0000171207,Porphyrinogens,PharmacologicClass
Pharmacologic Class::N0000175073,Platinum-containing Compounds,PharmacologicClass
Pharmacologic Class::N0000175075,Proteasome Inhibitors,PharmacologicClass
Pharmacologic Class::N0000175076,Protein Kinase Inhibitors,PharmacologicClass
Pharmacologic Class::N0000175080,Aromatase Inhibitors,PharmacologicClass
Pharmacologic Class::N0000175084,Gonadotropin Releasing Hormone Receptor Antagonists,PharmacologicClass
Pharmacologic Class::N0000175085,Microtubule Inhibition,PharmacologicClass
Pharmacologic Class::N0000175086,Phosphodiesterase 3 Inhibitors,PharmacologicClass
Pharmacologic Class::N0000175087,Urease Inhibitors,PharmacologicClass
Pharmacologic Class::N0000175089,Calcium Chelating Activity,PharmacologicClass
Pharmacologic Class::N0000175359,Increased Diuresis,PharmacologicClass
Pharmacologic Class::N0000175361,Catecholamine Synthesis Inhibitors,PharmacologicClass
Pharmacologic Class::N0000175365,Bile-acid Binding Activity,PharmacologicClass
Pharmacologic Class::N0000175366,Increased Diuresis at Loop of Henle,PharmacologicClass
Pharmacologic Class::N0000175370,Cholinergic Antagonists,PharmacologicClass
Pharmacologic Class::N0000175372,Appetite Suppression,PharmacologicClass
Pharmacologic Class::N0000175374,Peroxisome Proliferator-activated Receptor Activity,PharmacologicClass
Pharmacologic Class::N0000175375,Peroxisome Proliferator-activated Receptor alpha Agonists,PharmacologicClass
Pharmacologic Class::N0000175379,Arteriolar Vasodilation,PharmacologicClass
Pharmacologic Class::N0000175433,pleuromutilin,PharmacologicClass
Pharmacologic Class::N0000175436,Neuraminidase Inhibitors,PharmacologicClass
Pharmacologic Class::N0000175442,Lincosamides,PharmacologicClass
Pharmacologic Class::N0000175445,Chemokine Co-receptor 5 Antagonists,PharmacologicClass
Pharmacologic Class::N0000175448,Potassium Channel Antagonists,PharmacologicClass
Pharmacologic Class::N0000175450,Corticosteroid Hormone Receptor Agonists,PharmacologicClass
Pharmacologic Class::N0000175456,Chloride Channel Activators,PharmacologicClass
Pharmacologic Class::N0000175459,Nucleoside Analog,PharmacologicClass
Pharmacologic Class::N0000175460,Non-Nucleoside Analog,PharmacologicClass
Pharmacologic Class::N0000175469,Pyrophosphate Analog,PharmacologicClass
Pharmacologic Class::N0000175472,Metal Chelating Activity,PharmacologicClass
Pharmacologic Class::N0000175479,Amphenicols,PharmacologicClass
Pharmacologic Class::N0000175508,Lipopeptides,PharmacologicClass
Pharmacologic Class::N0000175512,Methylated Sulfonamides,PharmacologicClass
Pharmacologic Class::N0000175513,Dipeptidase Inhibitors,PharmacologicClass
Pharmacologic Class::N0000175516,RNA Synthetase Inhibitors,PharmacologicClass
Pharmacologic Class::N0000175533,Dyes,PharmacologicClass
Pharmacologic Class::N0000175542,M2 Protein Inhibitors,PharmacologicClass
Pharmacologic Class::N0000175547,Reduction Activity,PharmacologicClass
Pharmacologic Class::N0000175549,Cystine Disulfide Reduction,PharmacologicClass
Pharmacologic Class::N0000175550,Decreased Immunologic Activity,PharmacologicClass
Pharmacologic Class::N0000175624,mTOR Inhibitors,PharmacologicClass
Pharmacologic Class::N0000175628,Decreased Histamine Release,PharmacologicClass
Pharmacologic Class::N0000175629,Increased Histamine Release,PharmacologicClass
Pharmacologic Class::N0000175632,Decreased Fibrinolysis,PharmacologicClass
Pharmacologic Class::N0000175635,Factor Xa Inhibitors,PharmacologicClass
Pharmacologic Class::N0000175644,Decreased Autonomic Ganglionic Activity,PharmacologicClass
Pharmacologic Class::N0000175650,Decreased Sympathetic Activity,PharmacologicClass
Pharmacologic Class::N0000175651,Increased Sympathetic Activity,PharmacologicClass
Pharmacologic Class::N0000175654,Gonadotropin Releasing Hormone Receptor Agonists,PharmacologicClass
Pharmacologic Class::N0000175684,Full Opioid Agonists,PharmacologicClass
Pharmacologic Class::N0000175685,Partial Opioid Agonists,PharmacologicClass
Pharmacologic Class::N0000175686,Competitive Opioid Antagonists,PharmacologicClass
Pharmacologic Class::N0000175702,Partial Cholinergic Nicotinic Agonists,PharmacologicClass
Pharmacologic Class::N0000175721,Nonsteroidal Anti-inflammatory Compounds,PharmacologicClass
Pharmacologic Class::N0000175728,Central Nervous System Depression,PharmacologicClass
Pharmacologic Class::N0000175729,Central Nervous System Stimulation,PharmacologicClass
Pharmacologic Class::N0000175730,Centrally-mediated Muscle Relaxation,PharmacologicClass
Pharmacologic Class::N0000175732,Neuromuscular Nondepolarizing Blockade,PharmacologicClass
Pharmacologic Class::N0000175733,Neuromuscular Depolarizing Blockade,PharmacologicClass
Pharmacologic Class::N0000175735,Decreased Striated Muscle Tone,PharmacologicClass
Pharmacologic Class::N0000175755,DOPA Decarboxylase Inhibitors,PharmacologicClass
Pharmacologic Class::N0000175761,Monoamine Oxidase-B Inhibitors,PharmacologicClass
Pharmacologic Class::N0000175763,Serotonin 1b Receptor Agonists,PharmacologicClass
Pharmacologic Class::N0000175764,Serotonin 1d Receptor Agonists,PharmacologicClass
Pharmacologic Class::N0000175788,Adenosine Receptor Agonists,PharmacologicClass
Pharmacologic Class::N0000175799,Dopamine D2 Antagonists,PharmacologicClass
Pharmacologic Class::N0000175808,Hydroxyphenylpyruvate Dioxygenase Inhibitors,PharmacologicClass
Pharmacologic Class::N0000175817,Serotonin 3 Receptor Antagonists,PharmacologicClass
Pharmacologic Class::N0000175830,Inhibit Ovum Fertilization,PharmacologicClass
Pharmacologic Class::N0000175833,Acidifying Activity,PharmacologicClass
Pharmacologic Class::N0000175850,Melanin Synthesis Inhibitors,PharmacologicClass
Pharmacologic Class::N0000175851,Depigmenting Activity,PharmacologicClass
Pharmacologic Class::N0000175862,Magnetic Resonance Contrast Activity,PharmacologicClass
Pharmacologic Class::N0000175912,Dipeptidyl Peptidase 4 Inhibitors,PharmacologicClass
Pharmacologic Class::N0000175914,Increased Coagulation Factor VIII Activity,PharmacologicClass
Pharmacologic Class::N0000175915,Increased Coagulation Factor VIII Concentration,PharmacologicClass
Pharmacologic Class::N0000175917,Thyroid Hormone Synthesis Inhibitors,PharmacologicClass
Pharmacologic Class::N0000175921,Adrenal Steroid Synthesis Inhibitors,PharmacologicClass
Pharmacologic Class::N0000175955,5-Lipoxygenase Inhibitors,PharmacologicClass
Pharmacologic Class::N0000175960,Increased Glutathione Concentration,PharmacologicClass
Pharmacologic Class::N0000175962,Lead Chelating Activity,PharmacologicClass
Pharmacologic Class::N0000175964,Vitamin K Inhibitors,PharmacologicClass
Pharmacologic Class::N0000175965,Increased Prothrombin Activity,PharmacologicClass
Pharmacologic Class::N0000175967,Thrombopoietin Receptor Interactions,PharmacologicClass
Pharmacologic Class::N0000175968,Thrombopoietin Receptor Agonists,PharmacologicClass
Pharmacologic Class::N0000175969,Increased Megakaryocyte Maturation,PharmacologicClass
Pharmacologic Class::N0000175970,Increased Platelet Production,PharmacologicClass
Pharmacologic Class::N0000175972,Decreased Platelet Production,PharmacologicClass
Pharmacologic Class::N0000175975,General Anesthesia,PharmacologicClass
Pharmacologic Class::N0000175976,Local Anesthesia,PharmacologicClass
Pharmacologic Class::N0000175982,Reversed Anticoagulation Activity,PharmacologicClass
Pharmacologic Class::N0000178324,Increased Hematopoietic Stem Cell Mobilization,PharmacologicClass
Pharmacologic Class::N0000178477,Decreased Blood Pressure,PharmacologicClass
Pharmacologic Class::N0000178478,Increased Blood Pressure,PharmacologicClass
Pharmacologic Class::N0000180999,Angiotensin 2 Type 1 Receptor Antagonists,PharmacologicClass
Pharmacologic Class::N0000181815,Sphingosine 1-Phosphate Receptor Modulators,PharmacologicClass
Pharmacologic Class::N0000181819,Uncompetitive NMDA Receptor Antagonists,PharmacologicClass
Pharmacologic Class::N0000182137,Cytochrome P450 2D6 Inhibitors,PharmacologicClass
Pharmacologic Class::N0000182138,Cytochrome P450 1A2 Inhibitors,PharmacologicClass
Pharmacologic Class::N0000182139,Cytochrome P450 2B6 Inhibitors,PharmacologicClass
Pharmacologic Class::N0000182140,Cytochrome P450 2C19 Inhibitors,PharmacologicClass
Pharmacologic Class::N0000182141,Cytochrome P450 3A4 Inhibitors,PharmacologicClass
Pharmacologic Class::N0000182143,P2Y12 Receptor Antagonists,PharmacologicClass
Pharmacologic Class::N0000182147,Sigma-1 Receptor Agonists,PharmacologicClass
Pharmacologic Class::N0000182638,HCV NS3/4A Protease Inhibitors,PharmacologicClass
Pharmacologic Class::N0000182728,Potassium Channel Openers,PharmacologicClass
Pharmacologic Class::N0000182960,Phosphodiesterase 4 Inhibitors,PharmacologicClass
Pharmacologic Class::N0000184143,Carbamoyl Phosphate Synthetase 1 Activators,PharmacologicClass
Pharmacologic Class::N0000184145,Chloride Channel Activation Potentiators,PharmacologicClass
Pharmacologic Class::N0000184148,Smoothened Receptor Antagonists,PharmacologicClass
Pharmacologic Class::N0000184306,Cell-mediated Immunity,PharmacologicClass
Pharmacologic Class::N0000185007,Adrenergic beta3-Agonists,PharmacologicClass
Pharmacologic Class::N0000185499,Guanylate Cyclase Activators,PharmacologicClass
Pharmacologic Class::N0000185503,P-Glycoprotein Inhibitors,PharmacologicClass
Pharmacologic Class::N0000185504,Cytochrome P450 2C9 Inhibitors,PharmacologicClass
Pharmacologic Class::N0000185506,Cytochrome P450 3A4 Inducers,PharmacologicClass
Pharmacologic Class::N0000185507,Cytochrome P450 2C9 Inducers,PharmacologicClass
Pharmacologic Class::N0000185607,Cytochrome P450 2C19 Inducers,PharmacologicClass
Pharmacologic Class::N0000186774,Diarylquinolines,PharmacologicClass
Pharmacologic Class::N0000186778,Microsomal Triglyceride Transfer Protein Inhibitors,PharmacologicClass
Pharmacologic Class::N0000187058,Sodium-Glucose Transporter 2 Inhibitors,PharmacologicClass
Pharmacologic Class::N0000187061,Organic Cation Transporter 2 Inhibitors,PharmacologicClass
Pharmacologic Class::N0000187062,Cytochrome P450 2C8 Inhibitors,PharmacologicClass
Pharmacologic Class::N0000187063,Cytochrome P450 2C8 Inducers,PharmacologicClass
Pharmacologic Class::N0000187064,Cytochrome P450 2B6 Inducers,PharmacologicClass
Pharmacologic Class::N0000190107,Organic Anion Transporting Polypeptide 1B1 Inhibitors,PharmacologicClass
Pharmacologic Class::N0000190108,Organic Anion Transporting Polypeptide 1B3 Inhibitors,PharmacologicClass
Pharmacologic Class::N0000190109,Organic Anion Transporting Polypeptide 2B1 Inhibitors,PharmacologicClass
Pharmacologic Class::N0000190110,Organic Anion Transporter 1 Inhibitors,PharmacologicClass
Pharmacologic Class::N0000190111,Organic Anion Transporter 3 Inhibitors,PharmacologicClass
Pharmacologic Class::N0000190113,Breast Cancer Resistance Protein Inhibitors,PharmacologicClass
Pharmacologic Class::N0000190114,Cytochrome P450 3A Inhibitors,PharmacologicClass
Pharmacologic Class::N0000190115,Cytochrome P450 3A5 Inhibitors,PharmacologicClass
Pharmacologic Class::N0000190118,Cytochrome P450 3A Inducers,PharmacologicClass
Pharmacologic Class::N0000190482,Phenylalanine Hydroxylase Activators,PharmacologicClass
Pharmacologic Class::N0000190855,Vesicular Monoamine Transporter 2 Inhibitors,PharmacologicClass
Pharmacologic Class::N0000191258,RNA Replicase Inhibitors,PharmacologicClass
Pharmacologic Class::N0000191264,P-Glycoprotein Inducers,PharmacologicClass
Pharmacologic Class::N0000191265,Organic Cation Transporter 1 Inhibitors,PharmacologicClass
Pharmacologic Class::N0000191266,Cytochrome P450 1A2 Inducers,PharmacologicClass
Pharmacologic Class::N0000191267,Cytochrome P450 2D6 Inducers,PharmacologicClass
Pharmacologic Class::N0000191269,UDP Glucuronosyltransferases Inhibitors,PharmacologicClass
Pharmacologic Class::N0000191272,UGT1A1 Inhibitors,PharmacologicClass
Pharmacologic Class::N0000191273,UGT2B7 Inhibitors,PharmacologicClass
Pharmacologic Class::N0000191274,UGT2B15 Inhibitors,PharmacologicClass
Pharmacologic Class::N0000191275,UGT1A3 Inhibitors,PharmacologicClass
Pharmacologic Class::N0000191276,UGT1A4 Inhibitors,PharmacologicClass
Pharmacologic Class::N0000191277,UGT1A6 Inhibitors,PharmacologicClass
Pharmacologic Class::N0000191278,UGT1A9 Inhibitors,PharmacologicClass
Pharmacologic Class::N0000191280,Lipoglycopeptides,PharmacologicClass
Pharmacologic Class::N0000191423,Multidrug and Toxin Extrusion Transporter 1 Inhibitors,PharmacologicClass
Pharmacologic Class::N0000191624,Cytochrome P450 1A Inducers,PharmacologicClass
Symptom::D000006,"Abdomen, Acute",Symptom
Symptom::D000270,Adie Syndrome,Symptom
Symptom::D000326,Adrenoleukodystrophy,Symptom
Symptom::D000334,Aerophagy,Symptom
Symptom::D000370,Ageusia,Symptom
Symptom::D000377,Agnosia,Symptom
Symptom::D000381,Agraphia,Symptom
Symptom::D000419,Albuminuria,Symptom
Symptom::D000425,Alcohol Amnestic Disorder,Symptom
Symptom::D000472,"Alkalosis, Respiratory",Symptom
Symptom::D000550,Amblyopia,Symptom
Symptom::D000647,Amnesia,Symptom
Symptom::D000648,"Amnesia, Retrograde",Symptom
Symptom::D000787,Angina Pectoris,Symptom
Symptom::D000788,"Angina Pectoris, Variant",Symptom
Symptom::D000789,"Angina, Unstable",Symptom
Symptom::D000849,Anomia,Symptom
Symptom::D000855,Anorexia,Symptom
Symptom::D000857,Olfaction Disorders,Symptom
Symptom::D000860,Anoxia,Symptom
Symptom::D001037,Aphasia,Symptom
Symptom::D001039,"Aphasia, Broca",Symptom
Symptom::D001041,"Aphasia, Wernicke",Symptom
Symptom::D001044,Aphonia,Symptom
Symptom::D001049,Apnea,Symptom
Symptom::D001072,Apraxias,Symptom
Symptom::D001184,Articulation Disorders,Symptom
Symptom::D001247,Asthenia,Symptom
Symptom::D001259,Ataxia,Symptom
Symptom::D001260,Ataxia Telangiectasia,Symptom
Symptom::D001264,Athetosis,Symptom
Symptom::D001308,Auditory Perceptual Disorders,Symptom
Symptom::D001416,Back Pain,Symptom
Symptom::D001724,Birth Weight,Symptom
Symptom::D001750,"Urinary Bladder, Neurogenic",Symptom
Symptom::D001766,Blindness,Symptom
Symptom::D001835,Body Weight,Symptom
Symptom::D001926,Brain Death,Symptom
Symptom::D002032,Bulimia,Symptom
Symptom::D002100,Cachexia,Symptom
Symptom::D002303,"Cardiac Output, Low",Symptom
Symptom::D002375,Catalepsy,Symptom
Symptom::D002385,Cataplexy,Symptom
Symptom::D002389,Catatonia,Symptom
Symptom::D002422,Causalgia,Symptom
Symptom::D002524,Cerebellar Ataxia,Symptom
Symptom::D002558,Cerebrospinal Fluid Otorrhea,Symptom
Symptom::D002559,Cerebrospinal Fluid Rhinorrhea,Symptom
Symptom::D002637,Chest Pain,Symptom
Symptom::D002639,Cheyne-Stokes Respiration,Symptom
Symptom::D002819,Chorea,Symptom
Symptom::D002832,Choroid Hemorrhage,Symptom
Symptom::D003085,Colic,Symptom
Symptom::D003117,Color Vision Defects,Symptom
Symptom::D003128,Coma,Symptom
Symptom::D003147,Communication Disorders,Symptom
Symptom::D003221,Confusion,Symptom
Symptom::D003244,Consciousness Disorders,Symptom
Symptom::D003248,Constipation,Symptom
Symptom::D003371,Cough,Symptom
Symptom::D003410,Cri-du-Chat Syndrome,Symptom
Symptom::D003490,Cyanosis,Symptom
Symptom::D003635,De Lange Syndrome,Symptom
Symptom::D003638,Deafness,Symptom
Symptom::D003639,"Hearing Loss, Sudden",Symptom
Symptom::D003655,Decerebrate State,Symptom
Symptom::D003693,Delirium,Symptom
Symptom::D003967,Diarrhea,Symptom
Symptom::D003968,"Diarrhea, Infantile",Symptom
Symptom::D004172,Diplopia,Symptom
Symptom::D004244,Dizziness,Symptom
Symptom::D004314,Down Syndrome,Symptom
Symptom::D004401,Dysarthria,Symptom
Symptom::D004408,Dysgeusia,Symptom
Symptom::D004409,"Dyskinesia, Drug-Induced",Symptom
Symptom::D004410,Dyslexia,Symptom
Symptom::D004411,"Dyslexia, Acquired",Symptom
Symptom::D004412,Dysmenorrhea,Symptom
Symptom::D004415,Dyspepsia,Symptom
Symptom::D004417,Dyspnea,Symptom
Symptom::D004418,"Dyspnea, Paroxysmal",Symptom
Symptom::D004421,Dystonia,Symptom
Symptom::D004433,Earache,Symptom
Symptom::D004438,Ecchymosis,Symptom
Symptom::D004454,Echolalia,Symptom
Symptom::D004487,Edema,Symptom
Symptom::D004489,"Edema, Cardiac",Symptom
Symptom::D004614,Emaciation,Symptom
Symptom::D004688,Encopresis,Symptom
Symptom::D004884,Eructation,Symptom
Symptom::D005130,Eye Hemorrhage,Symptom
Symptom::D005132,Eye Manifestations,Symptom
Symptom::D005157,Facial Pain,Symptom
Symptom::D005158,Facial Paralysis,Symptom
Symptom::D005183,Failure to Thrive,Symptom
Symptom::D005207,Fasciculation,Symptom
Symptom::D005221,Fatigue,Symptom
Symptom::D005222,Mental Fatigue,Symptom
Symptom::D005262,Feminization,Symptom
Symptom::D005311,Fetal Hypoxia,Symptom
Symptom::D005316,Fetal Distress,Symptom
Symptom::D005320,Fetal Macrosomia,Symptom
Symptom::D005334,Fever,Symptom
Symptom::D005335,Fever of Unknown Origin,Symptom
Symptom::D005414,Flatulence,Symptom
Symptom::D005483,Flushing,Symptom
Symptom::D005600,Fragile X Syndrome,Symptom
Symptom::D005862,Gerstmann Syndrome,Symptom
Symptom::D005884,Gingival Hemorrhage,Symptom
Symptom::D005926,Glossalgia,Symptom
Symptom::D006209,Halitosis,Symptom
Symptom::D006212,Hallucinations,Symptom
Symptom::D006261,Headache,Symptom
Symptom::D006311,Hearing Disorders,Symptom
Symptom::D006312,"Hearing Loss, Bilateral",Symptom
Symptom::D006313,"Hearing Loss, Central",Symptom
Symptom::D006314,"Hearing Loss, Conductive",Symptom
Symptom::D006315,"Hearing Loss, Functional",Symptom
Symptom::D006316,"Hearing Loss, High-Frequency",Symptom
Symptom::D006317,"Hearing Loss, Noise-Induced",Symptom
Symptom::D006319,"Hearing Loss, Sensorineural",Symptom
Symptom::D006337,Heart Murmurs,Symptom
Symptom::D006356,Heartburn,Symptom
Symptom::D006396,Hematemesis,Symptom
Symptom::D006423,Hemianopsia,Symptom
Symptom::D006429,Hemiplegia,Symptom
Symptom::D006456,Hemoglobinuria,Symptom
Symptom::D006469,Hemoptysis,Symptom
Symptom::D006472,Oral Hemorrhage,Symptom
Symptom::D006606,Hiccup,Symptom
Symptom::D006628,Hirsutism,Symptom
Symptom::D006685,Hoarseness,Symptom
Symptom::D006732,Horner Syndrome,Symptom
Symptom::D006816,Huntington Disease,Symptom
Symptom::D006930,Hyperalgesia,Symptom
Symptom::D006935,Hypercapnia,Symptom
Symptom::D006939,Hyperemesis Gravidarum,Symptom
Symptom::D006941,Hyperesthesia,Symptom
Symptom::D006942,Hypergammaglobulinemia,Symptom
Symptom::D006948,Hyperkinesis,Symptom
Symptom::D006963,Hyperphagia,Symptom
Symptom::D006970,Disorders of Excessive Somnolence,Symptom
Symptom::D006985,Hyperventilation,Symptom
Symptom::D006987,Hypesthesia,Symptom
Symptom::D006988,Hyphema,Symptom
Symptom::D007024,"Hypotension, Orthostatic",Symptom
Symptom::D007035,Hypothermia,Symptom
Symptom::D007040,Hypoventilation,Symptom
Symptom::D007088,Illusions,Symptom
Symptom::D007319,Sleep Initiation and Maintenance Disorders,Symptom
Symptom::D007331,Insulin Coma,Symptom
Symptom::D007383,Intermittent Claudication,Symptom
Symptom::D007565,Jaundice,Symptom
Symptom::D007625,Kearns-Sayre Syndrome,Symptom
Symptom::D007706,Menkes Kinky Hair Syndrome,Symptom
Symptom::D007805,Language Development Disorders,Symptom
Symptom::D007806,Language Disorders,Symptom
Symptom::D007859,Learning Disorders,Symptom
Symptom::D007926,Lesch-Nyhan Syndrome,Symptom
Symptom::D008065,Lipoid Proteinosis of Urbach and Wiethe,Symptom
Symptom::D008569,Memory Disorders,Symptom
Symptom::D008580,Meningism,Symptom
Symptom::D008607,Intellectual Disability,Symptom
Symptom::D008998,Monoclonal Gammopathy of Undetermined Significance,Symptom
Symptom::D009041,Motion Sickness,Symptom
Symptom::D009058,Mouth Breathing,Symptom
Symptom::D009120,Muscle Cramp,Symptom
Symptom::D009122,Muscle Hypertonia,Symptom
Symptom::D009123,Muscle Hypotonia,Symptom
Symptom::D009127,Muscle Rigidity,Symptom
Symptom::D009128,Muscle Spasticity,Symptom
Symptom::D009133,Muscular Atrophy,Symptom
Symptom::D009155,Mutism,Symptom
Symptom::D009207,Myoclonus,Symptom
Symptom::D009222,Myotonia,Symptom
Symptom::D009290,Narcolepsy,Symptom
Symptom::D009325,Nausea,Symptom
Symptom::D009437,Neuralgia,Symptom
Symptom::D009461,Neurologic Manifestations,Symptom
Symptom::D009755,Night Blindness,Symptom
Symptom::D009765,Obesity,Symptom
Symptom::D009767,"Obesity, Morbid",Symptom
Symptom::D009846,Oliguria,Symptom
Symptom::D009886,Ophthalmoplegia,Symptom
Symptom::D009903,Optical Illusions,Symptom
Symptom::D009912,Oral Manifestations,Symptom
Symptom::D010146,Pain,Symptom
Symptom::D010148,"Pain, Intractable",Symptom
Symptom::D010149,"Pain, Postoperative",Symptom
Symptom::D010167,Pallor,Symptom
Symptom::D010243,Paralysis,Symptom
Symptom::D010264,Paraplegia,Symptom
Symptom::D010291,Paresis,Symptom
Symptom::D010292,Paresthesia,Symptom
Symptom::D010468,Perceptual Disorders,Symptom
Symptom::D010591,Phantom Limb,Symptom
Symptom::D010845,Obesity Hypoventilation Syndrome,Symptom
Symptom::D011141,Polyuria,Symptom
Symptom::D011218,Prader-Willi Syndrome,Symptom
Symptom::D011304,Presbycusis,Symptom
Symptom::D011507,Proteinuria,Symptom
Symptom::D011537,Pruritus,Symptom
Symptom::D011538,Pruritus Ani,Symptom
Symptom::D011539,Pruritus Vulvae,Symptom
Symptom::D011595,Psychomotor Agitation,Symptom
Symptom::D011596,Psychomotor Disorders,Symptom
Symptom::D011602,Psychophysiologic Disorders,Symptom
Symptom::D011681,Pupil Disorders,Symptom
Symptom::D011693,Purpura,Symptom
Symptom::D011694,"Purpura, Hyperglobulinemic",Symptom
Symptom::D011695,"Purpura, Schoenlein-Henoch",Symptom
Symptom::D011696,"Purpura, Thrombocytopenic",Symptom
Symptom::D011697,"Purpura, Thrombotic Thrombocytopenic",Symptom
Symptom::D011782,Quadriplegia,Symptom
Symptom::D012001,Hyperacusis,Symptom
Symptom::D012021,"Reflex, Abnormal",Symptom
Symptom::D012133,Respiratory Paralysis,Symptom
Symptom::D012135,Respiratory Sounds,Symptom
Symptom::D012148,Restless Legs Syndrome,Symptom
Symptom::D012166,Retinal Hemorrhage,Symptom
Symptom::D012415,Rubinstein-Taybi Syndrome,Symptom
Symptom::D012585,Sciatica,Symptom
Symptom::D012607,Scotoma,Symptom
Symptom::D012640,Seizures,Symptom
Symptom::D012678,Sensation Disorders,Symptom
Symptom::D012877,Skin Manifestations,Symptom
Symptom::D012891,Sleep Apnea Syndromes,Symptom
Symptom::D012892,Sleep Deprivation,Symptom
Symptom::D012893,Sleep Disorders,Symptom
Symptom::D012912,Sneezing,Symptom
Symptom::D012913,Snoring,Symptom
Symptom::D013009,Somnambulism,Symptom
Symptom::D013035,Spasm,Symptom
Symptom::D013064,Speech Disorders,Symptom
Symptom::D013342,Stuttering,Symptom
Symptom::D013494,"Supranuclear Palsy, Progressive",Symptom
Symptom::D013575,Syncope,Symptom
Symptom::D013651,Taste Disorders,Symptom
Symptom::D013746,Tetany,Symptom
Symptom::D013851,Thinness,Symptom
Symptom::D014008,Tinea Pedis,Symptom
Symptom::D014012,Tinnitus,Symptom
Symptom::D014098,Toothache,Symptom
Symptom::D014103,Torticollis,Symptom
Symptom::D014202,Tremor,Symptom
Symptom::D014313,Trismus,Symptom
Symptom::D014474,Unconsciousness,Symptom
Symptom::D014549,Urinary Incontinence,Symptom
Symptom::D014550,"Urinary Incontinence, Stress",Symptom
Symptom::D014717,Vertigo,Symptom
Symptom::D014770,Virilism,Symptom
Symptom::D014786,Vision Disorders,Symptom
Symptom::D014823,Vitreous Hemorrhage,Symptom
Symptom::D014826,Vocal Cord Paralysis,Symptom
Symptom::D014832,Voice Disorders,Symptom
Symptom::D014839,Vomiting,Symptom
Symptom::D014840,"Vomiting, Anticipatory",Symptom
Symptom::D014884,Waterhouse-Friderichsen Syndrome,Symptom
Symptom::D014929,Wolfram Syndrome,Symptom
Symptom::D015160,Hydrops Fetalis,Symptom
Symptom::D015325,Pyruvate Dehydrogenase Complex Deficiency Disease,Symptom
Symptom::D015354,"Vision, Low",Symptom
Symptom::D015430,Weight Gain,Symptom
Symptom::D015431,Weight Loss,Symptom
Symptom::D015518,Rett Syndrome,Symptom
Symptom::D015746,Abdominal Pain,Symptom
Symptom::D015845,Tonic Pupil,Symptom
Symptom::D015875,Anisocoria,Symptom
Symptom::D015877,Miosis,Symptom
Symptom::D015878,Mydriasis,Symptom
Symptom::D016532,Mucopolysaccharidosis II,Symptom
Symptom::D016534,"Cardiac Output, High",Symptom
Symptom::D016553,"Purpura, Thrombocytopenic, Idiopathic",Symptom
Symptom::D016857,Hypocapnia,Symptom
Symptom::D017109,"Akathisia, Drug-Induced",Symptom
Symptom::D017116,Low Back Pain,Symptom
Symptom::D017246,"Ophthalmoplegia, Chronic Progressive External",Symptom
Symptom::D017288,Pain Threshold,Symptom
Symptom::D017566,Microvascular Angina,Symptom
Symptom::D017593,Kleine-Levin Syndrome,Symptom
Symptom::D017624,WAGR Syndrome,Symptom
Symptom::D017699,Pelvic Pain,Symptom
Symptom::D017827,Machado-Joseph Disease,Symptom
Symptom::D018437,Brown-Sequard Syndrome,Symptom
Symptom::D018458,Persistent Vegetative State,Symptom
Symptom::D018476,Hypokinesia,Symptom
Symptom::D018496,Hyperoxia,Symptom
Symptom::D018589,Gastroparesis,Symptom
Symptom::D018771,Arthralgia,Symptom
Symptom::D018886,"Aphasia, Conduction",Symptom
Symptom::D018888,"Aphasia, Primary Progressive",Symptom
Symptom::D018908,Muscle Weakness,Symptom
Symptom::D018980,Williams Syndrome,Symptom
Symptom::D019080,Cafe-au-Lait Spots,Symptom
Symptom::D019462,"Syncope, Vasovagal",Symptom
Symptom::D019547,Neck Pain,Symptom
Symptom::D019569,Hemifacial Spasm,Symptom
Symptom::D019575,"Blindness, Cortical",Symptom
Symptom::D019584,Hot Flashes,Symptom
Symptom::D019588,"Aging, Premature",Symptom
Symptom::D019591,Pseudophakia,Symptom
Symptom::D019873,Schnitzler Syndrome,Symptom
Symptom::D019954,Neurobehavioral Manifestations,Symptom
Symptom::D020069,Shoulder Pain,Symptom
Symptom::D020078,Neurogenic Inflammation,Symptom
Symptom::D020177,"Hypersomnolence, Idiopathic",Symptom
Symptom::D020178,"Sleep Disorders, Circadian Rhythm",Symptom
Symptom::D020179,Jet Lag Syndrome,Symptom
Symptom::D020181,"Sleep Apnea, Obstructive",Symptom
Symptom::D020182,"Sleep Apnea, Central",Symptom
Symptom::D020183,Nocturnal Paroxysmal Dystonia,Symptom
Symptom::D020184,Night Terrors,Symptom
Symptom::D020186,Sleep Bruxism,Symptom
Symptom::D020187,REM Sleep Behavior Disorder,Symptom
Symptom::D020188,Sleep Paralysis,Symptom
Symptom::D020189,Nocturnal Myoclonus Syndrome,Symptom
Symptom::D020233,"Gait Disorders, Neurologic",Symptom
Symptom::D020234,Gait Ataxia,Symptom
Symptom::D020235,Gait Apraxia,Symptom
Symptom::D020236,"Amnesia, Transient Global",Symptom
Symptom::D020238,Prosopagnosia,Symptom
Symptom::D020240,"Apraxia, Ideomotor",Symptom
Symptom::D020250,Postoperative Nausea and Vomiting,Symptom
Symptom::D020270,Alcohol Withdrawal Seizures,Symptom
Symptom::D020323,Tics,Symptom
Symptom::D020324,"Amnesia, Anterograde",Symptom
Symptom::D020335,Paraparesis,Symptom
Symptom::D020336,"Paraparesis, Spastic",Symptom
Symptom::D020385,Myokymia,Symptom
Symptom::D020447,Parasomnias,Symptom
Symptom::D020567,Fetal Weight,Symptom
Symptom::D020754,Spinocerebellar Ataxias,Symptom
Symptom::D020757,Amaurosis Fugax,Symptom
Symptom::D020795,Photophobia,Symptom
Symptom::D020820,Dyskinesias,Symptom
Symptom::D020828,Pseudobulbar Palsy,Symptom
Symptom::D020886,Somatosensory Disorders,Symptom
Symptom::D020915,Korsakoff Syndrome,Symptom
Symptom::D020919,"Sleep Disorders, Intrinsic",Symptom
Symptom::D020920,Dyssomnias,Symptom
Symptom::D020921,Sleep Arousal Disorders,Symptom
Symptom::D020922,Sleep-Wake Transition Disorders,Symptom
Symptom::D020923,REM Sleep Parasomnias,Symptom
Symptom::D021501,Flank Pain,Symptom
Symptom::D023341,Chills,Symptom
Symptom::D034062,"Insomnia, Fatal Familial",Symptom
Symptom::D034381,Hearing Loss,Symptom
Symptom::D037061,Metatarsalgia,Symptom
Symptom::D038901,"Mental Retardation, X-Linked",Symptom
Symptom::D038921,Coffin-Lowry Syndrome,Symptom
Symptom::D041781,"Jaundice, Obstructive",Symptom
Symptom::D045262,Reticulocytosis,Symptom
Symptom::D046088,"Hearing Loss, Unilateral",Symptom
Symptom::D046089,"Hearing Loss, Mixed Conductive-Sensorineural",Symptom
Symptom::D048949,Labor Pain,Symptom
Symptom::D050177,Overweight,Symptom
Symptom::D051346,Mobility Limitation,Symptom
Symptom::D051474,"Neuralgia, Postherpetic",Symptom
Symptom::D052120,Glycogen Storage Disease Type IIb,Symptom
Symptom::D052245,Usher Syndromes,Symptom
Symptom::D053158,Nocturia,Symptom
Symptom::D053159,Dysuria,Symptom
Symptom::D053201,"Urinary Bladder, Overactive",Symptom
Symptom::D053202,"Urinary Incontinence, Urge",Symptom
Symptom::D053448,Prostatism,Symptom
Symptom::D053565,Hypercalciuria,Symptom
Symptom::D053578,Opsoclonus-Myoclonus Syndrome,Symptom
Symptom::D053584,Urinoma,Symptom
Symptom::D053591,"Pain, Referred",Symptom
Symptom::D053608,Stupor,Symptom
Symptom::D053609,Lethargy,Symptom
Symptom::D054058,Acute Coronary Syndrome,Symptom
Symptom::D054068,Livedo Reticularis,Symptom
Symptom::D054078,Mevalonate Kinase Deficiency,Symptom
Symptom::D054160,Systolic Murmurs,Symptom
Symptom::D054221,Classical Lissencephalies and Subcortical Band Heterotopias,Symptom
Symptom::D054546,Neuroacanthocytosis,Symptom
Symptom::D054971,Orthostatic Intolerance,Symptom
Symptom::D054972,Postural Orthostatic Tachycardia Syndrome,Symptom
Symptom::D055111,Failed Back Surgery Syndrome,Symptom
Symptom::D055154,Dysphonia,Symptom
Symptom::D055665,Purpura Fulminans,Symptom
Symptom::D055948,Sarcopenia,Symptom
Symptom::D055955,Susac Syndrome,Symptom
Symptom::D055964,Alien Hand Syndrome,Symptom
Symptom::D056128,"Obesity, Abdominal",Symptom
Symptom::D056844,Renal Colic,Symptom
Symptom::D056865,Ideal Body Weight,Symptom
Symptom::D057178,Primary Progressive Nonfluent Aphasia,Symptom
Symptom::D057774,Post-Exercise Hypotension,Symptom
Symptom::D057896,Striae Distensae,Symptom
Symptom::D058447,Eye Pain,Symptom
Symptom::D058568,Necrolytic Migratory Erythema,Symptom
Symptom::D059226,Nociceptive Pain,Symptom
Symptom::D059246,Tachypnea,Symptom
Symptom::D059265,Visceral Pain,Symptom
Symptom::D059350,Chronic Pain,Symptom
Symptom::D059352,Musculoskeletal Pain,Symptom
Symptom::D059373,Mastodynia,Symptom
Symptom::D059390,Breakthrough Pain,Symptom
Symptom::D059411,Lower Urinary Tract Symptoms,Symptom
Symptom::D059445,Anhedonia,Symptom
Symptom::D059606,Polydipsia,Symptom
Symptom::D059607,"Polydipsia, Psychogenic",Symptom
Symptom::D059787,Acute Pain,Symptom
Symptom::D060050,"Angina, Stable",Symptom
Symptom::D060486,Ophthalmoplegic Migraine,Symptom
Symptom::D060545,Pudendal Neuralgia,Symptom
Symptom::D062026,Alice in Wonderland Syndrome,Symptom
Symptom::D062706,Prodromal Symptoms,Symptom
Symptom::D063766,Pediatric Obesity,Symptom
Symptom::D063806,Myalgia,Symptom
Symptom::D064250,Hypertriglyceridemic Waist,Symptom
Symptom::D065634,Cerebrospinal Fluid Leak,Symptom
Symptom::D065635,Benign Paroxysmal Positional Vertigo,Symptom
